# Blender 4.2.1 LTS
# www.blender.org
mtllib E30.mtl
o LowBody
v 253.809494 26.152443 28.226681
v 253.742508 26.146511 31.766579
v 258.479919 23.302261 31.256090
v 258.532593 23.504562 27.703779
v 256.036224 73.752464 -2.108416
v 256.399902 74.753372 -2.108416
v 256.174622 74.890915 16.990355
v 255.864609 73.871399 17.007984
v 246.887695 73.874428 72.686150
v 247.395615 73.144958 72.710602
v 249.007797 73.897980 72.080597
v 248.736496 74.738228 71.892067
v 248.725494 90.603447 -2.108417
v 238.569504 91.183411 -2.108417
v 238.366699 91.087440 20.385473
v 249.383789 90.444389 22.759363
v 252.558594 26.162754 60.289425
v 257.189117 23.314154 61.092434
v 257.583710 23.580435 49.489719
v 253.440506 25.888445 48.966976
v -150.772095 58.724472 46.734905
v -150.737411 58.080692 47.035995
v -150.599197 58.081768 47.557655
v -150.550003 59.224602 48.238899
v 251.957504 26.068966 64.651207
v 254.749008 29.042116 60.917488
v 254.242416 29.501846 65.998604
v 223.094803 23.748325 75.385452
v 210.315903 22.422457 77.018295
v 210.916000 20.169016 77.914833
v 223.979599 21.258106 76.395508
v -149.246002 70.528122 61.244175
v -151.701599 70.971581 50.731537
v -151.038696 69.213684 52.283695
v -149.411606 69.286446 60.007809
v 236.106812 70.953064 75.882950
v 235.921295 73.487320 75.663498
v 217.887115 73.452728 78.163742
v 182.906799 74.333328 76.463280
v 183.299698 72.640778 80.171158
v 203.132797 73.222504 79.414665
v 203.713699 74.551392 76.045914
v -150.947403 54.427872 43.076275
v -150.774506 51.253555 43.778328
v -150.214294 56.123245 46.921047
v -150.772095 56.791809 45.629925
v 262.788116 35.562302 25.275589
v 262.361206 35.335243 34.113235
v 256.012604 29.135872 30.822649
v 256.223999 29.203604 21.236198
v -77.406883 85.896370 31.106583
v -91.606239 84.673355 30.530516
v -90.347313 84.288712 39.797401
v -76.662491 85.449265 40.431995
v -146.512405 70.871216 64.894295
v -134.610397 74.240891 67.082809
v -135.245499 75.767189 61.899368
v -147.071899 71.977928 61.289860
v 249.431396 49.637833 74.292656
v 249.017212 50.339935 73.317711
v 239.079819 49.698277 76.402977
v -152.101410 67.425499 46.325874
v -153.141403 70.848602 43.863396
v -152.779800 69.000328 43.235916
v -152.096405 67.013123 45.501408
v -164.546997 36.994892 -2.108413
v -159.559006 35.438080 -2.108413
v -159.046112 35.581081 14.167168
v -164.638901 37.444431 14.671917
v 250.413986 25.897226 67.387077
v 246.955200 25.628428 69.673164
v 249.306015 22.915075 71.020866
v 254.062607 23.230316 68.606316
v 255.889404 22.535326 65.324242
v 256.826111 22.447975 60.791687
v 256.311890 23.373636 65.676285
v -151.734802 51.409496 38.326668
v -151.271591 48.799774 38.505959
v -150.324310 48.821304 43.904209
v 252.746414 71.793686 16.943855
v 252.950607 71.812325 -2.108416
v -16.955730 89.917809 66.551453
v -12.551600 94.349159 65.320389
v -17.692751 97.021561 63.602966
v -24.010450 91.896011 64.919731
v -136.017395 45.661640 76.954155
v -136.436096 38.441830 77.359619
v -129.166794 38.742958 78.884056
v -127.272209 45.669117 78.686302
v 258.780212 34.516266 67.571991
v 260.083008 37.721207 69.555244
v 253.825714 37.008034 72.600098
v 253.657394 33.495785 70.805992
v 254.540207 76.971870 54.876591
v 255.559006 76.907585 34.706074
v 255.070190 83.579857 35.487392
v 254.033401 83.697258 54.987427
v -33.211922 91.047867 61.004162
v -40.958733 86.558502 62.977909
v -34.706799 82.690842 69.823853
v -28.511969 88.008339 65.631310
v 244.660889 55.747032 74.492180
v 248.912018 54.055695 73.275375
v -152.016891 24.520054 47.773449
v -154.903610 18.574764 48.206989
v -148.400009 18.369186 70.350044
v -145.346115 24.787426 70.411942
v -157.005905 37.358856 59.994297
v -154.342514 37.276146 67.228020
v -154.951294 38.224976 67.383011
v -157.261902 38.153435 59.984718
v 160.566299 127.538101 42.891800
v 164.265915 125.704506 43.178982
v 165.502914 126.723099 34.510468
v 161.819199 128.355103 33.904800
v 234.203903 84.875938 67.997955
v 235.746613 74.057106 74.771362
v 242.684921 79.215424 71.159576
v 246.312210 84.680115 67.432243
v 214.522003 85.277313 68.024399
v 204.099197 85.295540 68.311600
v 216.611115 74.611946 75.498993
v -134.681808 53.664005 75.375412
v -143.488602 53.581188 71.126526
v -142.272003 48.838505 71.637222
v -134.664291 48.516506 75.570229
v -152.392014 48.764336 32.228977
v -155.658005 48.609142 14.295286
v -164.108002 47.168484 16.252096
v -161.787704 47.182453 33.637764
v -4.138050 108.350006 59.788776
v -0.537540 105.028511 61.936260
v 253.772003 22.534817 68.045868
v 146.541397 133.196213 24.468102
v 131.219299 134.287506 17.787922
v 130.515610 133.801102 33.357170
v 145.776001 132.808502 33.615509
v 213.726913 90.447311 65.910210
v 221.494904 90.733376 54.073734
v 210.795410 90.892410 54.744293
v 207.013901 90.807220 61.586430
v 222.718796 27.378246 76.201080
v 239.303207 24.829487 72.358353
v 239.639511 28.433365 73.103264
v -5.638050 52.832886 75.172470
v 78.473106 54.440643 75.602364
v 77.703133 73.368530 75.513283
v -6.757270 71.840729 75.452408
v 250.145096 84.076416 66.893509
v 246.956589 89.544525 65.097595
v 249.391403 83.924164 67.517433
v 234.296707 89.958015 65.724991
v 235.510208 90.368828 54.366661
v 245.676910 70.764076 73.610703
v 246.634109 70.778770 73.298599
v -119.365501 82.854935 15.786444
v -133.360001 80.558502 14.786405
v -126.904900 80.644920 29.478584
v -112.889404 82.555809 29.568125
v -159.089905 36.894356 42.895329
v -158.317612 36.906483 47.148376
v -159.521805 37.370972 47.287865
v -160.178299 37.274734 43.017136
v -154.600098 65.806061 26.586906
v -155.444504 71.104492 29.925983
v -157.728104 71.256310 12.904395
v -157.466904 65.826431 9.401115
v 154.912598 59.769039 81.515472
v 167.838196 60.729836 81.070282
v 168.459503 72.703644 80.175705
v 150.462814 72.513382 79.779564
v -151.775604 73.839554 29.234324
v -141.134201 77.827080 29.160685
v -146.260605 77.542656 13.993714
v -154.289703 74.290916 12.292415
v 255.470001 50.386349 -2.108414
v 255.471512 53.450031 -2.108414
v 255.414795 53.468151 13.215916
v 255.151199 50.391041 13.472796
v 255.546997 73.809944 25.860676
v 255.935211 74.936432 25.997425
v 199.365402 30.430075 79.705582
v 209.946609 31.584116 78.984680
v 209.172195 36.222870 80.116386
v 198.770706 35.533340 80.854530
v 264.383026 49.366711 24.714346
v 264.472015 37.687866 25.545149
v 264.632690 37.722862 14.201508
v 264.528412 49.356140 14.015936
v 262.886108 35.520569 14.181528
v 252.654587 72.018219 26.015415
v 261.827911 35.022003 40.985569
v 264.238983 37.629635 34.524147
v 264.011688 37.623547 41.293007
v 249.130402 22.269547 70.258522
v 246.657593 79.966095 70.378616
v 249.876389 81.163605 68.987923
v 250.909790 81.625526 67.511856
v 253.099396 83.628067 66.773346
v 252.229294 87.631149 65.475403
v -74.728874 59.528034 81.523933
v -62.666042 48.912777 80.286491
v -54.320141 53.559608 79.305618
v -70.107780 69.716942 79.301918
v 248.097412 89.782150 54.332134
v -154.515411 35.566845 41.295689
v -152.987305 35.584335 48.413147
v -151.724411 65.852341 46.682594
v -151.610092 64.973892 46.692997
v 224.317093 91.495117 16.901833
v 223.556915 91.360779 28.275673
v 237.192703 90.954185 31.588345
v -156.652100 36.879524 54.492599
v -158.057907 37.430115 54.674187
v -145.639694 48.938675 66.652245
v -146.317795 52.556961 66.631966
v -147.061005 51.497421 62.325314
v -146.821304 48.841084 62.474155
v 209.880005 25.543705 77.449326
v -122.060905 77.987358 62.775333
v -123.267601 79.597031 51.809204
v -137.030502 77.145790 51.180405
v -151.332306 65.696480 48.114056
v -151.256699 64.809700 48.402519
v 23.703711 123.853905 53.837852
v 28.035902 125.143806 53.120609
v 27.558151 128.411301 49.740738
v 20.094330 127.322899 50.274460
v -148.714005 67.532219 62.401421
v -148.371002 69.676514 64.437805
v -20.581461 27.930347 68.953331
v -4.117930 28.324905 71.363602
v -22.876471 52.502594 74.950874
v -159.898911 38.313484 47.975407
v -157.975510 38.831264 49.601448
v -158.534103 38.856194 47.672600
v -160.867599 38.486973 43.023125
v -158.569199 44.893795 47.597225
v -160.893509 45.477833 42.786987
v -155.165298 45.703594 67.183556
v -154.565292 45.261204 63.000267
v -154.379013 38.848804 63.023026
v 204.669205 60.437160 80.615326
v 179.290604 58.631149 81.171371
v 253.988998 50.417603 57.968815
v 254.878204 50.397614 34.903667
v 254.953903 54.113804 35.097218
v 253.901398 53.448074 57.969276
v -158.968399 45.681137 52.181877
v -157.558609 45.690952 58.656925
v -157.164108 47.104893 58.500954
v -158.531296 47.154884 51.988205
v 256.062012 77.439896 17.800974
v 256.313416 77.428886 -2.108416
v 255.626709 84.846581 -2.108417
v 255.472000 84.247711 20.366783
v -128.928009 35.114307 77.437721
v -129.196503 36.183819 78.144737
v -136.207001 36.411869 76.626472
v -136.158905 35.439655 75.432426
v -150.027008 56.167801 47.978416
v -134.296402 67.820900 73.096252
v -146.211807 67.924416 67.555893
v -145.673599 65.913467 69.023132
v -134.394806 65.841171 73.846016
v -151.852203 35.566025 53.167995
v 254.578812 74.603973 54.781406
v 253.823105 73.819511 54.617195
v 255.115219 73.850052 34.532986
v 255.635788 74.748528 34.418339
v 258.516693 50.134277 63.371178
v 260.220520 50.090237 41.799198
v 252.528915 53.492798 70.789658
v 252.526810 57.002148 71.115974
v 249.792099 57.443817 73.061142
v -96.846642 62.824604 80.737701
v -99.907890 68.525269 78.693115
v -106.509705 63.725773 79.615623
v -105.385094 60.291409 80.506607
v -144.865906 38.606895 75.058006
v -145.493103 45.904255 75.116081
v 152.553406 85.286919 69.020676
v 151.065903 74.034058 76.139328
v 168.480392 74.232155 76.258217
v 169.035400 85.315094 68.947189
v -36.310463 53.207584 75.618538
v -34.988770 70.902649 76.125961
v -155.970505 47.018192 63.455154
v -148.030396 48.835075 56.992466
v 254.762405 27.997803 34.786919
v 252.468094 58.303135 71.213196
v 249.532791 58.401978 73.153336
v -149.344604 54.639874 51.647823
v -149.999191 56.701286 49.505608
v -149.491104 51.417717 50.294060
v -149.167603 48.837635 50.431828
v -98.945511 70.440811 74.278793
v -85.232643 70.875137 74.901138
v -86.337608 79.867363 69.689705
v -99.563782 78.692947 69.308365
v 254.561310 56.011215 25.463617
v 254.370712 53.727448 23.585676
v 253.189896 57.970245 25.624737
v 254.319611 58.173046 26.218786
v -123.873100 24.083817 78.504852
v -127.577698 24.804806 77.446022
v -127.781105 24.326185 77.880623
v 185.348206 105.512512 58.778545
v 177.025314 112.158409 55.955540
v 171.161911 108.411911 59.988194
v 178.952011 99.198120 63.482861
v 96.143768 127.307114 52.182228
v 97.413818 130.786911 48.957890
v 89.373581 130.907501 48.731731
v 89.357033 127.301010 52.173409
v 155.493805 130.764099 34.846527
v 239.804306 36.931736 76.046883
v 248.900299 36.879734 74.035912
v 253.436020 58.014618 13.229695
v 250.418411 70.319649 16.836006
v 250.206696 70.385468 25.444115
v -71.944801 83.221153 63.338482
v -45.018909 88.625275 55.727299
v -74.288071 84.667168 52.450012
v 264.153015 49.347443 35.059456
v 264.062103 49.072113 41.464306
v 169.063797 86.884552 67.637573
v 152.872299 86.892143 67.454521
v 223.293610 32.842468 77.668877
v -109.227905 81.410309 51.756866
v -99.603302 82.436951 51.756683
v -100.886604 83.255989 40.284306
v -110.513306 82.193611 40.981663
v -161.284210 36.972523 31.909269
v -162.075302 37.292713 31.967619
v 81.100677 133.663803 42.280579
v 79.795349 134.331100 36.392807
v 40.236622 132.793106 36.637939
v 39.019222 131.749802 44.040497
v -153.294998 36.893036 66.969894
v -148.826508 36.591366 71.567986
v -149.648102 37.060177 72.492081
v -147.307602 60.499023 64.613197
v -146.626907 58.987206 68.717087
v -147.611801 65.187271 67.366852
v -147.754196 63.362682 64.624680
v -106.830399 68.726074 77.852768
v -109.866104 66.069397 78.441299
v -154.929199 24.515541 31.555128
v -157.975098 18.585142 31.786299
v 262.419189 49.271805 65.159416
v 79.374123 86.329948 67.773643
v 78.753441 84.548141 69.495422
v 92.892326 84.555725 69.597366
v 92.468254 86.290199 67.780617
v 124.782707 86.643036 67.475700
v 124.651604 84.877129 69.401558
v 187.218399 89.923477 66.745750
v 169.013901 93.110107 65.753273
v 77.834190 17.504955 75.434334
v 94.401268 17.850817 75.838303
v 93.125626 27.846615 73.446037
v 78.765160 28.209858 71.934166
v 243.607407 73.653122 73.658592
v -121.261307 67.916130 75.994194
v -119.340797 65.694305 77.162651
v 145.153503 55.797596 81.443214
v 121.806602 72.740730 78.145935
v 123.057999 54.819138 80.088303
v 138.941513 50.136410 79.829750
v -148.179794 51.359558 57.043571
v -143.771896 35.230606 72.123108
v -146.343704 35.402683 69.661201
v -144.519104 25.164585 69.421257
v -142.270615 25.160646 71.862144
v -156.237106 35.531574 31.219719
v 255.215500 53.445202 24.155947
v 255.387314 50.388550 24.074806
v -142.832611 24.630106 72.861221
v -135.266403 24.549316 75.958893
v -134.878403 25.035175 75.298386
v -143.734100 36.404865 73.954857
v -136.279404 36.968758 77.075233
v -144.296906 36.902386 74.674080
v -44.276810 91.240059 24.177753
v -51.171661 90.713463 25.137062
v -50.212883 90.000847 33.253162
v -43.258312 90.915619 33.090313
v -156.363907 45.695694 63.350529
v -144.768799 50.599316 69.361244
v -144.532700 48.934952 69.254791
v 250.722092 88.918602 65.345169
v -148.597809 73.128204 51.024048
v -116.918396 60.332039 79.129570
v 254.668503 53.727448 13.134477
v 252.595810 90.080132 23.680723
v 249.539902 90.227554 34.227795
v 252.675095 89.694923 35.162434
v 187.892303 106.542114 56.487011
v 203.202011 90.682152 63.999226
v 253.017899 53.476868 66.221909
v 253.486694 56.859837 67.418449
v -151.477402 34.640835 53.456856
v -150.125107 34.612503 58.705185
v -150.362305 35.437725 58.759636
v -147.239105 55.839523 62.321255
v -146.276199 54.452007 68.018013
v -147.222214 57.589325 63.643150
v -21.658560 84.776077 67.766457
v 258.034393 22.442192 19.375629
v 257.777313 22.761412 10.656698
v 258.705505 23.320900 10.823379
v 258.533295 23.716732 19.518787
v -153.994110 33.880596 41.293865
v -152.350403 34.619453 49.744015
v 130.970901 17.452196 77.084831
v 131.748596 30.333286 77.600563
v 123.547096 28.577887 77.999268
v 122.237999 17.867016 76.428024
v -44.159241 30.038946 74.578819
v -33.569550 28.343576 71.747734
v 103.919998 134.667206 32.846760
v 102.281799 133.725311 41.904171
v 130.496597 133.072708 40.796490
v -158.475204 38.165024 54.654148
v 123.528008 73.772896 75.850945
v 245.576904 60.024734 74.295952
v 246.947296 58.135406 73.946045
v 247.210312 59.128983 73.898125
v 246.314896 60.373833 74.108833
v 165.645309 121.533211 51.570484
v 159.311310 121.158615 54.376465
v 253.800491 49.370007 73.053749
v 252.767807 50.387936 70.420380
v 145.043900 132.059799 41.647186
v -20.560171 17.288927 74.209526
v -4.132720 17.627817 74.641716
v -49.659298 90.049690 40.574932
v 239.687988 21.635098 72.819740
v 223.730591 20.443577 75.596947
v 229.984299 24.635614 41.806499
v 243.801300 26.609816 42.142838
v -155.659500 38.822235 58.870388
v -158.130600 32.953430 14.272738
v -155.803101 33.690567 31.305098
v 253.976395 26.189421 11.175979
v 253.945999 26.154593 20.100378
v 182.408112 85.024277 68.944839
v -154.404099 47.112347 67.731895
v -119.138199 48.715759 78.567825
v -114.973503 54.284622 79.677704
v -122.634209 54.812748 78.346748
v -125.725700 48.558270 77.263039
v -150.257401 38.358974 72.855263
v -150.461212 45.912334 73.042877
v 126.116508 19.093855 42.464840
v 129.743698 19.205570 -2.108412
v 132.217697 19.320536 42.380550
v 20.709461 129.966507 44.020462
v 14.202150 128.186508 42.334839
v 13.260539 126.939903 46.557178
v -156.776413 56.340668 10.176586
v -157.460999 55.575878 -2.108414
v -156.228500 50.813019 -2.108414
v -155.483398 51.246559 14.295066
v -159.635712 47.297516 45.341366
v -160.367905 45.843735 45.499817
v -23.974630 82.743591 69.932365
v 256.513519 29.407942 11.824418
v -145.337311 47.535583 74.328247
v -150.009995 47.478622 72.390930
v 255.866211 77.448494 25.721846
v 255.430298 84.086517 24.602024
v 239.924393 22.321117 73.602531
v 163.529800 101.786613 62.756420
v 256.568512 50.214905 67.633011
v 253.207199 50.398617 65.940453
v -106.764908 80.160446 62.263279
v -97.462822 81.085236 62.962696
v 251.259918 89.403954 54.610020
v 199.584000 24.081266 78.090805
v -87.924339 83.536194 52.009796
v -87.450615 82.026764 63.066406
v -152.801697 51.407043 32.143135
v 14.050900 123.216805 53.116486
v 17.613371 119.922714 55.865452
v -145.836899 18.282948 72.802452
v 258.049408 22.453802 27.545988
v -110.067802 57.871769 80.247963
v 220.033920 50.075367 79.432373
v 207.116409 50.300220 80.713112
v 222.739304 36.803627 78.740555
v 262.542511 37.663006 64.472198
v 199.766510 21.116917 78.008728
v 92.579102 54.099506 76.281906
v 93.244492 73.228271 75.571632
v 146.722900 133.944107 -2.108420
v 131.169800 135.210495 -2.108420
v -43.849270 17.538967 75.108162
v -33.656673 17.494366 74.345642
v 203.887604 90.562744 66.089310
v -109.913902 84.044273 16.887856
v -103.269798 83.574799 29.985315
v -147.219604 34.532135 67.594109
v -148.134308 35.412582 65.951454
v -147.942200 34.553303 65.774551
v 247.913986 28.917755 70.653641
v 264.648712 49.131821 -2.108414
v -156.668304 38.828754 54.743507
v 10.570681 124.470703 49.594551
v -7.356970 110.115913 56.594585
v 94.330521 108.894501 60.272297
v 84.889008 108.944000 60.275181
v -124.487503 80.310417 42.109173
v 243.008591 59.556755 74.923454
v -138.636597 77.587631 42.982811
v -155.954605 45.301636 57.495365
v -155.243896 45.342575 60.347775
v 35.068920 132.972504 30.459772
v 34.716549 133.928513 15.832250
v 28.404669 133.455307 17.097712
v 28.977152 132.369400 32.660889
v -151.887314 67.617058 47.464348
v 258.726013 23.339491 -2.108412
v 254.023193 26.172689 -2.108412
v 30.752821 131.126511 44.449730
v -127.228699 47.198090 78.878304
v -136.451202 47.232628 77.010963
v 219.642502 60.289730 79.144638
v -157.386902 61.411823 9.316846
v -158.516296 65.984993 -2.108415
v -158.258804 61.111691 -2.108415
v 259.958923 49.185413 69.950462
v 21.033321 131.111404 33.725079
v 13.760539 128.678406 34.894939
v 254.149002 56.920166 57.961166
v 255.141800 56.835674 35.281380
v 255.190506 58.317993 35.375057
v 254.173004 58.310612 58.403328
v -133.648911 59.835495 75.574699
v 81.669289 127.278900 52.162350
v 81.407928 130.782303 49.200630
v 36.552841 129.415802 49.326031
v 251.445602 29.028454 68.744812
v 210.641998 19.320057 76.901901
v -148.206299 67.038719 66.278519
v -148.157303 65.438499 63.875008
v -70.002670 71.091171 75.669563
v -85.360214 69.358948 79.354599
v -160.796310 47.142986 40.032219
v 260.474304 34.982353 63.511131
v -86.021149 62.816269 81.155350
v -155.329010 36.859554 59.747135
v 142.949310 130.288696 48.151291
v 140.158401 125.528107 53.085987
v 144.269394 123.154808 54.212963
v 154.820496 126.711609 50.792210
v 254.188995 87.911354 35.518253
v 252.986115 87.993134 54.747326
v 264.726715 38.144772 -2.108413
v 237.326202 59.331528 76.163345
v 20.131521 132.272995 -2.108420
v 12.092210 129.566513 -2.105320
v 12.487030 129.240799 17.199810
v 20.331861 131.931015 17.016602
v -134.232895 68.653328 71.361763
v -121.240700 69.447533 72.848862
v -121.425407 76.327179 68.205070
v -157.207993 45.316025 52.274105
v 164.883408 124.066200 46.981510
v 161.839096 125.160301 48.606361
v 167.566513 121.987503 49.130913
v -157.859711 45.361755 49.042828
v 84.208786 134.559006 34.549332
v 89.620911 133.684708 42.499207
v 93.768753 134.851700 31.822422
v 86.019142 134.848999 31.114323
v -164.662003 46.125141 16.196516
v -162.419708 45.714752 33.168266
v -129.254501 36.980679 78.619453
v -123.065300 37.014618 80.089882
v -122.921104 38.375168 80.359520
v 27.979391 133.886398 -2.108420
v 255.262695 27.240374 45.165596
v 255.026291 28.374165 39.614178
v 255.775497 29.122974 39.897915
v 253.502487 75.797630 68.914780
v -123.253410 35.339741 78.746513
v -153.620209 56.405552 27.270784
v -42.168240 90.685844 40.417652
v -106.522301 70.072113 74.096107
v 243.735596 70.458710 74.126213
v 199.875595 19.247986 78.802834
v 199.879196 18.473036 78.248405
v 101.633202 19.096193 40.689953
v 253.578293 57.624012 -2.108414
v 250.586899 70.025352 -2.108415
v 151.905899 115.391014 57.510925
v -21.829250 98.268883 61.066296
v -28.133139 93.871307 61.701214
v -144.798904 59.367992 70.618477
v -150.723495 25.147373 47.199600
v -69.836670 81.418182 69.685745
v -151.804199 53.338074 37.943459
v -152.601196 54.721256 34.214348
v 36.680302 132.704803 34.695190
v 130.323898 131.405899 47.098949
v 257.669403 22.584963 49.461803
v -153.664703 25.114653 31.344358
v 215.258408 91.487122 27.743252
v -137.259705 18.112295 76.228462
v -156.325302 24.565662 13.020608
v 130.277405 127.067017 52.222542
v 104.715408 135.859299 14.680420
v 94.611656 136.012497 13.634640
v -6.174510 84.731499 68.124184
v -6.309200 83.329788 69.797272
v -106.637100 78.048149 68.993813
v 154.759399 129.973495 42.429352
v -128.872101 17.880016 78.171288
v -151.301697 66.956291 49.575085
v -94.295677 85.672882 19.706144
v 257.880005 22.432823 31.036579
v -57.698273 34.425468 78.971085
v 86.676674 136.009094 13.140700
v 254.933701 56.456791 25.618048
v -154.651199 61.334118 26.889277
v -77.573280 87.194649 21.251764
v -142.043991 18.084866 71.613029
v -148.156708 18.471674 39.685440
v -127.955101 18.089344 42.652451
v -123.813194 17.389196 79.280243
v 36.615021 126.030807 52.622852
v 253.525711 74.664490 69.058174
v 252.346710 73.908722 69.240189
v 255.452301 58.353119 26.240475
v -154.482208 64.893700 31.067656
v -154.184601 61.482464 30.415426
v 248.606110 33.376995 72.702751
v -150.856796 60.847118 47.891186
v -150.959305 60.680267 47.279968
v 254.452194 88.416161 24.198204
v -56.307472 17.507517 76.558006
v 216.009918 91.606407 15.035574
v -123.203407 36.105827 79.662323
v -24.455900 71.487968 75.375870
v 239.945908 32.973324 74.760887
v -120.934593 45.046391 80.650711
v 167.043396 127.233902 -2.108420
v 162.928207 129.100204 -2.108420
v -156.123215 48.681492 -2.108414
v -164.955902 47.075832 -2.108414
v -162.684601 38.693314 32.362598
v -166.393799 39.076382 15.413088
v -166.087402 37.544201 14.963137
v -154.555405 71.147339 34.990387
v -153.656906 71.014313 40.618687
v -150.157394 73.782181 39.131065
v -150.921997 73.769188 35.112816
v 250.951202 73.881348 71.127831
v 252.124390 75.057869 69.286362
v 250.685699 74.867317 71.022774
v 103.315407 19.095490 -2.108412
v -151.288696 18.166941 -2.108412
v -128.165207 18.087881 -2.108412
v -151.197800 62.602421 47.334576
v -151.043808 62.684196 47.928406
v -149.579803 73.605858 43.458458
v -154.546005 67.219986 32.432858
v -154.244003 69.527840 35.640255
v 192.627304 49.782440 82.042213
v -153.329102 69.946999 40.724495
v 253.442902 58.322338 67.862984
v -157.247101 24.056593 13.086339
v 256.381104 29.262589 -2.108412
v -120.054802 47.102818 80.379860
v -53.033760 19.125704 41.264011
v -39.990368 19.154755 39.313309
v -148.160400 53.294205 56.451237
v -150.061508 26.444155 49.652386
v -145.443298 26.417017 67.431351
v -36.316269 90.400871 58.335346
v -38.608334 90.405746 54.296154
v -153.374908 57.111523 31.817196
v 178.715012 113.552704 53.492664
v -147.519699 54.295788 60.349625
v -155.190109 74.128151 -2.108416
v -158.551910 71.419334 -2.108416
v -160.218903 18.442871 13.235869
v 254.502716 53.783119 -2.108414
v 94.422119 136.189697 -2.108420
v 86.600487 136.238998 -2.108420
v 104.598404 136.072006 -2.108420
v 256.190521 99.994270 55.923332
v 256.650116 101.689514 56.038933
v 254.089996 96.433075 60.666050
v 254.032303 95.337952 59.173191
v 236.002304 98.008598 59.954845
v 242.249390 101.727608 56.595753
v 240.900009 100.307312 55.176353
v 235.759018 97.165627 58.388279
v 252.240799 91.517250 60.790623
v 251.788696 91.389954 63.524101
v 228.534912 93.585281 60.821301
v 228.116318 93.340813 63.101002
v 251.170197 89.469490 61.444977
v 250.775803 89.696159 64.330933
v 223.680298 90.702347 62.514172
v 223.103195 90.552437 64.723846
v 242.686600 101.823006 52.416157
v 241.251205 100.416313 51.842957
v 256.411224 100.223709 54.505730
v 256.118713 101.801109 51.942871
v 243.672195 101.801903 -2.108418
v 243.626709 100.097404 -2.108418
v 257.794891 100.302200 -2.108418
v 257.194000 101.681801 -2.108418
v -151.037003 34.379616 53.550369
v -149.767197 34.387482 58.618179
v -147.692108 34.378014 65.526176
v -147.005112 34.334465 67.200401
v -145.313202 26.632187 67.096733
v -149.809311 26.706123 49.870747
v -151.879898 34.378277 50.010197
v -146.853409 34.326065 53.343899
v -144.768799 34.321304 58.683708
v -144.036911 34.298573 65.348190
v -144.203796 34.242584 67.153999
v -142.538696 26.672657 66.955833
v -142.241196 26.683697 64.082359
v -148.963913 34.340866 50.067009
v -147.104202 26.712175 49.949299
v -142.551102 26.694452 59.993046
v -143.968796 26.703844 55.172112
v -157.659302 39.008636 49.623596
v -158.047897 39.166553 47.843647
v -158.078415 44.792194 47.841988
v -154.170212 45.271332 62.864517
v -154.151901 39.012505 62.882999
v -155.354797 38.999886 58.793320
v -156.390610 39.006294 54.739220
v -155.165207 45.301617 57.403629
v -154.715408 45.302086 60.311775
v -156.686691 45.301147 52.146553
v -157.472305 45.299595 49.004555
v -155.428802 39.011974 49.335640
v -156.209503 39.182007 47.861458
v -156.166306 45.156025 47.939346
v -153.242599 45.155823 62.906216
v -153.358002 39.031277 62.933437
v -152.907303 38.999527 58.982231
v -153.441010 39.006695 54.437698
v -152.921997 45.264214 57.491768
v -152.918396 45.259415 60.575172
v -154.265915 45.262096 51.840508
v -155.609207 45.251373 48.936466
v -147.492706 69.137413 52.404636
v -146.803894 69.524109 59.163750
v -146.133896 67.649017 62.216995
v -147.136810 54.602947 51.912979
v -147.145401 56.664623 49.620445
v -146.141708 63.178947 64.536133
v -146.016403 60.499016 64.613197
v -146.109802 57.657177 63.603775
v -146.120605 55.917862 62.326756
v -146.137604 65.378532 63.821976
v -147.304199 58.909763 48.411518
v -147.445602 66.991631 49.805855
v -147.366104 60.831818 47.980488
v -147.328110 62.784592 47.994507
v -147.670807 65.048271 48.626648
v -146.849411 53.358856 56.568039
v -146.229294 54.362022 60.279087
v -147.338791 67.425339 53.216709
v -146.800903 67.727318 58.494888
v -146.277695 66.263046 60.879166
v -147.060898 56.075382 52.832756
v -147.067612 57.685345 51.042538
v -146.283798 62.772373 62.690189
v -146.185898 60.679626 62.750343
v -146.258896 58.460423 61.962093
v -146.267303 57.102203 60.964878
v -146.280502 64.490021 62.132500
v -147.191605 59.438572 50.098476
v -147.302002 65.749695 51.187317
v -147.239914 60.939507 49.761887
v -147.210205 62.464432 49.772835
v -147.477905 64.232140 50.266468
v -146.836411 55.103874 56.467899
v -146.352203 55.887241 59.365849
v -145.871994 64.820221 54.452347
v -145.563797 64.993279 57.477139
v -145.263901 64.154160 58.843510
v -145.712814 58.315868 54.232315
v -145.716599 59.238487 53.206375
v -145.267395 62.153748 59.881344
v -145.211304 60.954437 59.915829
v -145.253098 59.682678 59.464108
v -145.257996 58.904312 58.892624
v -145.265610 63.138073 59.561764
v -145.787704 60.243225 52.665379
v -145.850906 63.859966 53.289360
v -145.815414 61.103367 52.472488
v -145.798401 61.977257 52.478745
v -145.951706 62.990280 52.761650
v -145.584091 57.759117 56.315517
v -145.306610 58.208042 57.976254
v -145.557602 61.323334 56.110989
v -148.115005 56.645554 45.529377
v -148.260101 54.494682 43.076305
v -148.089005 68.784492 43.338017
v -147.905502 66.896034 45.442017
v -147.812698 65.069267 46.530777
v -147.907104 58.541527 46.601868
v -148.480011 53.352341 38.680447
v -149.087997 54.684368 34.360497
v -149.533905 61.215874 30.530588
v -149.669495 64.890961 31.141914
v -147.880203 60.446514 47.155136
v -147.825195 62.148827 47.221977
v -149.589798 67.175514 32.543575
v -149.288696 69.331566 35.383438
v -148.715698 69.952339 39.911537
v -149.147202 56.818192 32.075897
v -148.163498 57.192444 44.951088
v -148.293610 55.265324 42.753197
v -148.140305 68.068657 42.987686
v -147.975815 66.376640 44.872818
v -147.892700 64.739891 45.848316
v -147.977295 58.891197 45.912025
v -148.490601 54.241806 38.814606
v -149.035309 55.435265 34.944027
v -149.434906 61.287354 31.512518
v -149.556305 64.580154 32.060257
v -147.953201 60.598026 46.407738
v -147.903900 62.123245 46.467628
v -149.484909 66.627037 33.316116
v -149.215195 68.558807 35.860569
v -148.701797 69.115021 39.917637
v -149.088409 57.347137 32.897087
v -146.741501 59.732712 41.183708
v -146.795105 58.937103 40.276318
v -146.731903 64.222885 40.373138
v -146.663910 63.524357 41.151386
v -146.629608 62.848625 41.554127
v -146.664597 60.434025 41.580425
v -146.876511 58.514557 38.650295
v -147.101410 59.007275 37.052357
v -147.266296 61.423264 35.635677
v -147.316513 62.782677 35.861809
v -146.654602 61.138676 41.785069
v -146.634201 61.768364 41.809807
v -147.287003 63.627728 36.380287
v -147.175598 64.425240 37.430748
v -146.963699 64.654869 39.105675
v -147.123306 59.796574 36.207287
v -146.914108 61.677433 39.127377
v 157.169998 131.492294 -2.108420
v 252.516602 90.278030 -2.108417
v -158.096710 32.665600 -2.108413
v -156.761093 24.222561 -2.108412
v 225.250198 91.546310 -2.108417
v -165.434601 45.935143 -2.108414
v -93.922501 85.865669 -2.108417
v -111.096397 84.103195 -2.108417
v -78.509834 87.228416 -2.108417
v -166.147400 39.166222 -2.108413
v -51.846973 90.897339 -2.108417
v -165.741608 37.347950 -2.108413
v -157.576004 23.615730 -2.108412
v 246.446518 26.308981 -2.108412
v 246.943604 26.361221 -2.108412
v -147.255203 77.493706 -2.108416
v 254.583694 88.855247 -2.108417
v 263.323303 35.924648 -2.108413
v -90.494423 18.607523 41.958233
v -86.602257 18.618830 -2.108412
v -45.039318 19.149780 -2.108412
v -160.733704 18.359341 -2.108412
v -134.537308 80.622696 -2.108416
v -45.558403 91.875816 -2.108417
v -120.584404 82.912582 -2.108416
v 258.113708 22.711929 -2.108412
v -33.024273 17.538961 -1.348441
v -33.149780 17.568069 -2.108412
v 34.874760 134.324997 -2.108420
v -74.728859 59.528027 43.671906
v -62.666042 48.912766 43.671906
v -105.385094 60.291393 43.671906
v -96.846634 62.824600 43.671906
v -120.054802 47.102806 43.671906
v -114.973503 54.284618 43.671906
v -110.067802 57.871758 43.671906
v -86.021149 62.816254 43.671906
v -123.065300 37.014614 43.671906
v -126.755394 24.083803 43.671909
v -57.698273 34.425465 43.671906
v -154.372299 15.606334 48.423431
v -147.925095 15.759315 70.033409
v -157.408112 15.556534 32.122051
v -144.518005 15.675656 72.835136
v -136.833206 15.388257 75.648575
v -128.839508 15.328916 77.552032
v -124.107903 15.194097 78.385323
v -159.955002 15.752602 13.300259
v -160.733704 15.571490 -2.108411
v 154.912598 59.769035 41.965237
v 167.838196 60.729832 41.965237
v 198.770706 35.533337 41.965237
v 199.365402 30.430073 41.965237
v 138.941513 50.136406 41.965237
v 145.153503 55.797592 41.965237
v 131.748596 30.333284 41.965237
v 199.584000 24.081264 41.965240
v 199.766510 21.116915 41.965240
v 179.290604 58.631145 41.965237
v 192.627304 49.782436 41.965237
v 208.877594 22.360830 -2.108412
v 169.307297 20.870281 -2.108412
v 165.992111 20.218723 42.172901
v 77.834183 17.504953 38.939358
v -4.132720 17.627815 38.146740
v 88.659172 17.504950 -1.022281
v 6.692270 17.627811 -1.814891
v 247.311508 72.906609 71.723755
v 248.642990 73.730194 71.232719
v 246.686111 70.612701 72.291161
v 255.008408 73.592857 26.694334
v 252.725204 71.898369 26.539936
v 253.480392 73.694946 54.733250
v 254.768097 73.705521 34.442245
v 251.805405 58.503807 70.707443
v 249.430405 58.567314 72.252327
v 247.426620 59.236725 72.795494
v 246.755493 60.639874 72.898537
v 254.742096 58.526237 35.665638
v 253.616409 58.515953 58.295658
v 251.905594 73.761841 68.690689
v 255.049713 58.470837 26.679636
v 254.420288 58.412266 26.574728
v 250.473907 73.762817 70.449020
v 252.930588 58.502232 67.940331
v 249.310593 60.171513 72.094948
v 248.778000 62.379501 72.195915
v 249.893097 61.032097 71.867599
v 248.160110 64.553207 72.277550
v 248.048706 67.775635 72.103348
v 248.335403 69.862770 71.831558
v 249.449997 71.426338 71.258652
v 250.589218 59.448135 71.589218
v 250.985214 60.189606 71.347176
v 251.951614 59.531616 70.512650
v 252.467087 59.035278 68.463501
v 253.592514 59.048386 58.446785
v 250.767609 72.444908 70.425369
v 251.954712 73.111031 68.769730
v 253.426392 73.258232 54.806259
v 254.735886 73.268982 34.210705
v 255.049911 73.272652 27.352345
v 255.044098 68.981361 27.345133
v 255.039993 66.009972 27.340143
v 255.028915 66.076393 26.687035
v 255.021103 68.935249 26.689814
v 255.030685 59.120983 27.328568
v 254.761887 59.120983 35.596748
v 247.979004 60.829834 71.711243
v 246.593002 62.037643 71.913383
v 246.530502 64.782578 71.509720
v 246.562408 67.923668 71.286957
v 246.621704 69.835960 71.297295
v 247.071198 71.425369 71.199402
v 249.263702 60.109009 71.185112
v 250.463898 59.500565 70.383904
v 250.890701 59.035263 68.463501
v 251.576004 59.058182 57.466080
v 249.191208 72.444901 70.425369
v 250.474808 73.096405 68.763702
v 251.850006 73.258232 54.806259
v 253.159500 73.268974 34.210705
v 253.473511 73.272636 27.352345
v 255.035309 62.519287 27.334276
v 251.978195 62.202091 27.406418
v 253.454208 59.120983 27.328568
v 252.931503 59.103500 35.715988
v 255.038315 62.613132 26.683666
v 251.694809 69.158897 27.378754
v 251.255295 65.515343 27.384745
v 248.174805 62.016094 71.096474
v 247.530594 64.787117 70.837257
v 247.525711 67.864159 70.629929
v 247.968307 69.969391 70.502495
v 248.976608 70.115082 69.185226
v 248.484116 67.817635 69.248856
v 248.471298 64.792664 69.574783
v 249.218002 62.072861 69.839279
v 250.166092 69.158890 56.607864
v 251.269318 69.158897 35.513359
v 250.449615 62.202091 56.635525
v 251.552811 62.202091 35.541016
v 249.726608 65.515343 56.613865
v 250.829910 65.515343 35.519348
v 216.184311 91.659088 -2.108417
v 12.092270 129.566513 -2.108420
v 249.608200 69.158875 67.273819
v 249.891708 62.202087 67.301468
v 249.168808 65.515343 67.279816
v 254.734299 66.077179 33.202026
v 254.645004 66.077179 34.264038
v 254.504395 58.712162 34.264038
v 254.504395 58.712162 33.202026
v 254.293808 73.442215 33.202026
v 249.044510 66.077179 33.202026
v 248.783401 73.442215 33.202026
v 249.044510 66.077179 34.264038
v 249.305695 58.712162 34.264038
v 254.293808 73.442215 34.264038
v 249.305695 58.712162 33.202026
v 248.783401 73.442215 34.264038
v 254.467697 66.077194 43.477947
v 254.378403 66.077194 44.539955
v 254.237793 58.712173 44.539955
v 254.237793 58.712173 43.477947
v 254.027298 73.442215 43.477947
v 248.778000 66.077194 43.477947
v 248.516891 73.442215 43.477947
v 248.778000 66.077194 44.539955
v 249.039108 58.712173 44.539955
v 254.027298 73.442215 44.539955
v 249.039108 58.712173 43.477947
v 248.516891 73.442215 44.539955
v 253.443893 66.077187 54.434658
v 253.354599 66.077187 55.496658
v 253.481308 58.712162 55.496658
v 253.481308 58.712162 54.434658
v 252.959106 73.442223 54.434658
v 248.021515 66.077187 54.434658
v 247.760406 73.442223 54.434658
v 248.021515 66.077187 55.496658
v 248.282700 58.712162 55.496658
v 252.959106 73.442223 55.496658
v 248.282700 58.712162 54.434658
v 247.760406 73.442223 55.496658
v 252.761703 66.077187 63.025154
v 252.672409 66.077187 64.087151
v 252.799103 58.712162 64.087151
v 252.799103 58.712162 63.025154
v 252.276810 73.442223 63.025154
v 247.339310 66.077187 63.025154
v 247.078201 73.442223 63.025154
v 247.339310 66.077187 64.087151
v 247.600388 58.712162 64.087151
v 252.276810 73.442223 64.087151
v 247.600388 58.712162 63.025154
v 247.078201 73.442223 64.087151
v 258.479919 23.302258 -35.472912
v 253.742508 26.146507 -35.983406
v 253.809494 26.152439 -32.443497
v 258.532593 23.504559 -31.920593
v 256.174622 74.890915 -21.207176
v 255.864609 73.871399 -21.224815
v 249.007797 73.897964 -76.297424
v 247.395615 73.144943 -76.927429
v 246.887695 73.874413 -76.902985
v 248.736496 74.738213 -76.108902
v 238.366699 91.087440 -24.602299
v 249.383789 90.444389 -26.976189
v 252.558594 26.162745 -64.506241
v 253.440506 25.888437 -53.183807
v 257.583710 23.580427 -53.706532
v 257.189117 23.314144 -65.309227
v -150.772095 58.724464 -50.951725
v -150.550003 59.224594 -52.455719
v -150.599197 58.081760 -51.774487
v -150.737411 58.080685 -51.252811
v 251.957504 26.068954 -68.868019
v 254.242416 29.501835 -70.215416
v 254.749008 29.042107 -65.134300
v 223.094803 23.748314 -79.602257
v 223.979599 21.258095 -80.612328
v 210.916000 20.169004 -82.131653
v 210.315903 22.422445 -81.235100
v -149.246002 70.528107 -65.460999
v -149.411606 69.286430 -64.224640
v -151.038696 69.213669 -56.500523
v -151.701599 70.971565 -54.948357
v 236.106812 70.953049 -80.099777
v 217.887115 73.452713 -82.380585
v 235.921295 73.487305 -79.880341
v 203.132797 73.222488 -83.631493
v 183.299698 72.640762 -84.387993
v 182.906799 74.333313 -80.680115
v 203.713699 74.551376 -80.262749
v -150.947403 54.427864 -47.293106
v -150.772095 56.791801 -49.846745
v -150.214294 56.123238 -51.137863
v -150.774506 51.253548 -47.995144
v 262.788116 35.562294 -29.492403
v 256.223999 29.203600 -25.453022
v 256.012604 29.135868 -35.039463
v 262.361206 35.335236 -38.330055
v -77.406883 85.896370 -35.323410
v -76.662491 85.449265 -44.648827
v -90.347313 84.288712 -44.014229
v -91.606239 84.673355 -34.747349
v -135.245499 75.767174 -66.116188
v -134.610397 74.240875 -71.299629
v -146.512405 70.871201 -69.111115
v -147.071899 71.977913 -65.506683
v 249.431396 49.637821 -78.509476
v 239.079819 49.698261 -80.619789
v 249.017212 50.339924 -77.534531
v -152.101410 67.425491 -50.542694
v -152.096405 67.013123 -49.718224
v -152.779800 69.000328 -47.452744
v -153.141403 70.848602 -48.080223
v -159.046112 35.581081 -18.383982
v -164.638901 37.444431 -18.888733
v 249.306015 22.915064 -75.237679
v 246.955200 25.628416 -73.889977
v 250.413986 25.897215 -71.603889
v 254.062607 23.230305 -72.823135
v 255.889404 22.535315 -69.541061
v 256.311890 23.373625 -69.893082
v 256.826111 22.447966 -65.008507
v -151.271591 48.799767 -42.722775
v -151.734802 51.409489 -42.543488
v -150.324310 48.821297 -48.121025
v 252.746414 71.793686 -21.160686
v -17.692751 97.021545 -67.819794
v -12.551600 94.349144 -69.537201
v -16.955730 89.917793 -70.768288
v -24.010450 91.895996 -69.136559
v -129.166794 38.742943 -83.100876
v -136.436096 38.441814 -81.576431
v -136.017395 45.661625 -81.170975
v -127.272209 45.669102 -82.903114
v 258.780212 34.516258 -71.788803
v 253.657394 33.495777 -75.022804
v 253.825714 37.008022 -76.816917
v 260.083008 37.721199 -73.772057
v 254.540207 76.971855 -59.093418
v 254.033401 83.697243 -59.204250
v 255.070190 83.579857 -39.704220
v 255.559006 76.907585 -38.922901
v -33.211922 91.047852 -65.220985
v -28.511969 88.008324 -69.848145
v -34.706799 82.690826 -74.040688
v -40.958733 86.558487 -67.194748
v 244.660889 55.747021 -78.709015
v 248.912018 54.055683 -77.492195
v -152.016891 24.520046 -51.990261
v -145.346115 24.787415 -74.628746
v -148.400009 18.369175 -74.566856
v -154.903610 18.574757 -52.423798
v -157.005905 37.358849 -64.211113
v -157.261902 38.153427 -64.201530
v -154.951294 38.224968 -71.599823
v -154.342514 37.276138 -71.444817
v 165.502914 126.723099 -38.727303
v 164.265915 125.704506 -47.395809
v 160.566299 127.538101 -47.108635
v 161.819199 128.355103 -38.121632
v 242.684921 79.215408 -75.376404
v 235.746613 74.057091 -78.988197
v 234.203903 84.875923 -72.214783
v 246.312210 84.680099 -71.649078
v 214.522003 85.277298 -72.241241
v 216.611115 74.611931 -79.715820
v 204.099197 85.295525 -72.528442
v -134.681808 53.663994 -79.592255
v -134.664291 48.516495 -79.787041
v -142.272003 48.838493 -75.854027
v -143.488602 53.581181 -75.343353
v -152.392014 48.764328 -36.445793
v -161.787704 47.182446 -37.854584
v -164.108002 47.168484 -20.468914
v -155.658005 48.609142 -18.512114
v -4.138050 108.349991 -64.005585
v -0.537540 105.028496 -66.153099
v 253.772003 22.534805 -72.262688
v 146.541397 133.196213 -28.684931
v 145.776001 132.808502 -37.832344
v 130.515610 133.801102 -37.574013
v 131.219299 134.287506 -22.004749
v 210.795410 90.892395 -58.961117
v 221.494904 90.733360 -58.290562
v 213.726913 90.447296 -70.127045
v 207.013901 90.807205 -65.803253
v 239.303207 24.829475 -76.575157
v 222.718796 27.378235 -80.417892
v 239.639511 28.433353 -77.320068
v -5.638050 52.832874 -79.389297
v -6.757270 71.840714 -79.669243
v 77.703133 73.368515 -79.730110
v 78.473106 54.440632 -79.819183
v 246.956589 89.544510 -69.314430
v 250.145096 84.076401 -71.110321
v 249.391403 83.924149 -71.734268
v 235.510208 90.368813 -58.583485
v 234.296707 89.958000 -69.941818
v 245.676910 70.764061 -77.827530
v 246.634109 70.778755 -77.515419
v -126.904900 80.644920 -33.695419
v -133.360001 80.558502 -19.003225
v -119.365501 82.854935 -20.003265
v -112.889404 82.555809 -33.784946
v -159.521805 37.370964 -51.504692
v -158.317612 36.906475 -51.365196
v -159.089905 36.894348 -47.112144
v -160.178299 37.274727 -47.233955
v -154.600098 65.806061 -30.803726
v -157.466904 65.826431 -13.617935
v -157.728104 71.256310 -17.121216
v -155.444504 71.104492 -34.142807
v 154.912598 59.769024 -85.732307
v 150.462814 72.513367 -83.996391
v 168.459503 72.703629 -84.392525
v 167.838196 60.729820 -85.287117
v -146.260605 77.542656 -18.210537
v -141.134201 77.827080 -33.377518
v -151.775604 73.839554 -33.451145
v -154.289703 74.290916 -16.509235
v 255.414795 53.468151 -17.432734
v 255.151199 50.391041 -17.689615
v 255.546997 73.809944 -30.077496
v 255.935211 74.936432 -30.214254
v 199.365402 30.430063 -83.922386
v 198.770706 35.533325 -85.071342
v 209.172195 36.222855 -84.333199
v 209.946609 31.584105 -83.201492
v 264.632690 37.722862 -18.418322
v 264.472015 37.687859 -29.761963
v 264.383026 49.366707 -28.931166
v 264.528412 49.356140 -18.232754
v 262.886108 35.520569 -18.398342
v 252.654587 72.018219 -30.232244
v 264.238983 37.629627 -38.740967
v 261.827911 35.021996 -45.202385
v 264.011688 37.623539 -45.509834
v 249.130402 22.269535 -74.475334
v 249.876389 81.163589 -73.204750
v 246.657593 79.966080 -74.595436
v 252.229294 87.631134 -69.692230
v 253.099396 83.628052 -70.990173
v 250.909790 81.625511 -71.728676
v -54.320141 53.559593 -83.522453
v -62.666042 48.912762 -84.503304
v -74.728874 59.528019 -85.740753
v -70.107780 69.716927 -83.518745
v 248.097412 89.782135 -58.548969
v -152.987305 35.584328 -52.629967
v -154.515411 35.566837 -45.512505
v -151.724411 65.852333 -50.899414
v -151.610092 64.973885 -50.909817
v 223.556915 91.360779 -32.492508
v 224.317093 91.495117 -21.118668
v 237.192703 90.954185 -35.805168
v -158.057907 37.430107 -58.891003
v -156.652100 36.879517 -58.709415
v -145.639694 48.938667 -70.869049
v -146.821304 48.841076 -66.690971
v -147.061005 51.497414 -66.542145
v -146.317795 52.556953 -70.848801
v 209.880005 25.543694 -81.666138
v -123.267601 79.597015 -56.026039
v -122.060905 77.987343 -66.992149
v -137.030502 77.145775 -55.397232
v -151.332306 65.696472 -52.330875
v -151.256699 64.809692 -52.619347
v 23.703711 123.853889 -58.054691
v 20.094330 127.322891 -54.491291
v 27.558151 128.411301 -53.957573
v 28.035902 125.143791 -57.337440
v -148.714005 67.532204 -66.618240
v -148.371002 69.676498 -68.654633
v -20.581461 27.930336 -73.170143
v -22.876471 52.502583 -79.167694
v -4.117930 28.324894 -75.580406
v -159.898911 38.313477 -52.192223
v -160.867599 38.486965 -47.239944
v -158.534103 38.856186 -51.889416
v -157.975510 38.831257 -53.818268
v -160.893509 45.477825 -47.003803
v -158.569199 44.893787 -51.814041
v -155.165298 45.703587 -71.400375
v -154.379013 38.848797 -67.239838
v -154.565292 45.261196 -67.217094
v 204.669205 60.437145 -84.832153
v 179.290604 58.631134 -85.388214
v 254.953903 54.113796 -39.314034
v 254.878204 50.397606 -39.120495
v 253.988998 50.417595 -62.185638
v 253.901398 53.448067 -62.186108
v -158.968399 45.681129 -56.398693
v -158.531296 47.154877 -56.205021
v -157.164108 47.104885 -62.717785
v -157.558609 45.690945 -62.873749
v 256.062012 77.439896 -22.017796
v 255.472000 84.247711 -24.583607
v -136.207001 36.411854 -80.843285
v -129.196503 36.183804 -82.361549
v -128.928009 35.114292 -81.654533
v -136.158905 35.439644 -79.649239
v -150.027008 56.167793 -52.195232
v -134.296402 67.820885 -77.313087
v -134.394806 65.841156 -78.062851
v -145.673599 65.913452 -73.239960
v -146.211807 67.924400 -71.772720
v -151.852203 35.566017 -57.384811
v 255.115219 73.850052 -38.749802
v 253.823105 73.819496 -58.834015
v 254.578812 74.603958 -58.998222
v 255.635788 74.748528 -38.635155
v 260.220520 50.090229 -46.016014
v 258.516693 50.134270 -67.587990
v 252.526810 57.002140 -75.332794
v 252.528915 53.492790 -75.006493
v 249.792099 57.443806 -77.277969
v -106.509705 63.725758 -83.832436
v -99.907890 68.525253 -82.909943
v -96.846642 62.824589 -84.954536
v -105.385094 60.291393 -84.723442
v -144.865906 38.606884 -79.274834
v -145.493103 45.904243 -79.332901
v 168.480392 74.232140 -80.475037
v 151.065903 74.034042 -80.356163
v 152.553406 85.286903 -73.237495
v 169.035400 85.315079 -73.164017
v -34.988770 70.902634 -80.342789
v -36.310463 53.207573 -79.835358
v -148.030396 48.835068 -61.209293
v -155.970505 47.018185 -67.671974
v 254.762405 27.997797 -39.003735
v 249.532791 58.401966 -77.370155
v 252.468094 58.303127 -75.430023
v -149.344604 54.639866 -55.864647
v -149.491104 51.417709 -54.510887
v -149.999191 56.701279 -53.722424
v -149.167603 48.837627 -54.648655
v -98.945511 70.440796 -78.495628
v -99.563782 78.692932 -73.525185
v -86.337608 79.867348 -73.906525
v -85.232643 70.875122 -79.117958
v 254.561310 56.011208 -29.680433
v 254.319611 58.173038 -30.435602
v 253.189896 57.970238 -29.841555
v 254.370712 53.727444 -27.802494
v -123.873100 24.083805 -82.721664
v -127.781105 24.326174 -82.097435
v -127.577698 24.804794 -81.662834
v 171.161911 108.411896 -64.205017
v 177.025314 112.158394 -60.172367
v 185.348206 105.512497 -62.995377
v 178.952011 99.198105 -67.699692
v 96.143768 127.307098 -56.399059
v 89.357033 127.300995 -56.390240
v 89.373581 130.907501 -52.948559
v 97.413818 130.786911 -53.174721
v 155.493805 130.764099 -39.063362
v 239.804306 36.931721 -80.263702
v 248.900299 36.879723 -78.252724
v 250.206696 70.385468 -29.660938
v 250.418411 70.319649 -21.052826
v 253.436020 58.014618 -17.446514
v -71.944801 83.221138 -67.555305
v -74.288071 84.667152 -56.666836
v -45.018909 88.625259 -59.944130
v 264.153015 49.347435 -39.276276
v 264.062103 49.072105 -45.681122
v 152.872299 86.892128 -71.671349
v 169.063797 86.884537 -71.854401
v 223.293610 32.842453 -81.885681
v -109.227905 81.410294 -55.973690
v -110.513306 82.193611 -45.198490
v -100.886604 83.255989 -44.501129
v -99.603302 82.436935 -55.973507
v -161.284210 36.972515 -36.126083
v -162.075302 37.292706 -36.184433
v 40.236622 132.793106 -40.854782
v 79.795349 134.331100 -40.609642
v 81.100677 133.663803 -46.497414
v 39.019222 131.749802 -48.257332
v -149.648102 37.060165 -76.708893
v -148.826508 36.591358 -75.784805
v -153.294998 36.893028 -71.186691
v -147.307602 60.499016 -68.830025
v -147.754196 63.362675 -68.841499
v -147.611801 65.187256 -71.583679
v -146.626907 58.987198 -72.933922
v -106.830399 68.726059 -82.069603
v -109.866104 66.069382 -82.658127
v -154.929199 24.515537 -35.771954
v -157.975098 18.585138 -36.003120
v 262.419189 49.271797 -69.376213
v 92.892326 84.555710 -73.814186
v 78.753441 84.548126 -73.712250
v 79.374123 86.329933 -71.990456
v 92.468254 86.290184 -71.997429
v 124.782707 86.643021 -71.692528
v 124.651604 84.877113 -73.618385
v 169.013901 93.110092 -69.970100
v 187.218399 89.923462 -70.962578
v 77.834190 17.504944 -79.651146
v 78.765160 28.209846 -76.150993
v 93.125626 27.846603 -77.662842
v 94.401268 17.850805 -80.055107
v 243.607407 73.653107 -77.875427
v -119.340797 65.694290 -81.379478
v -121.261307 67.916115 -80.211006
v 123.057999 54.819122 -84.305130
v 121.806602 72.740715 -82.362762
v 145.153503 55.797581 -85.660034
v 138.941513 50.136395 -84.046562
v -148.179794 51.359550 -61.260387
v -144.519104 25.164574 -73.638062
v -146.343704 35.402676 -73.878014
v -143.771896 35.230595 -76.339920
v -142.270615 25.160635 -76.078949
v -156.237106 35.531567 -35.436535
v 255.215500 53.445198 -28.372774
v 255.387314 50.388546 -28.291624
v -135.266403 24.549305 -80.175713
v -142.832611 24.630095 -77.078041
v -134.878403 25.035164 -79.515190
v -143.734100 36.404854 -78.171661
v -144.296906 36.902374 -78.890892
v -136.279404 36.968742 -81.292046
v -44.276810 91.240059 -28.394579
v -43.258312 90.915619 -37.307137
v -50.212883 90.000847 -37.469997
v -51.171661 90.713463 -29.353888
v -156.363907 45.695686 -67.567345
v -144.768799 50.599308 -73.578064
v -144.532700 48.934944 -73.471603
v 250.722092 88.918587 -69.562012
v -148.597809 73.128189 -55.240868
v -116.918396 60.332024 -83.346405
v 254.668503 53.727448 -17.351294
v 249.539902 90.227554 -38.444618
v 252.595810 90.080132 -27.897558
v 252.675095 89.694923 -39.379261
v 203.202011 90.682137 -68.216049
v 187.892303 106.542099 -60.703842
v 253.486694 56.859829 -71.635284
v 253.017899 53.476860 -70.438744
v -151.477402 34.640827 -57.673687
v -150.362305 35.437717 -62.976456
v -150.125107 34.612495 -62.922012
v -146.276199 54.452000 -72.234848
v -147.239105 55.839516 -66.538078
v -147.222214 57.589317 -67.859970
v -21.658560 84.776062 -71.983276
v 258.034393 22.442188 -23.592442
v 258.533295 23.716728 -23.735611
v 258.705505 23.320898 -15.040193
v 257.777313 22.761410 -14.873522
v -153.994110 33.880589 -45.510685
v -152.350403 34.619446 -53.960831
v 130.970901 17.452185 -81.301643
v 122.237999 17.867004 -80.644829
v 123.547096 28.577875 -82.216087
v 131.748596 30.333275 -81.817375
v -33.569550 28.343565 -75.964539
v -44.159241 30.038935 -78.795647
v 103.919998 134.667206 -37.063591
v 130.496597 133.072708 -45.013321
v 102.281799 133.725311 -46.121002
v -158.475204 38.165016 -58.870975
v 123.528008 73.772881 -80.067780
v 245.576904 60.024723 -78.512779
v 246.314896 60.373821 -78.325653
v 247.210312 59.128971 -78.114960
v 246.947296 58.135395 -78.162872
v 165.645309 121.533195 -55.787308
v 159.311310 121.158600 -58.593300
v 253.800491 49.369995 -77.270569
v 252.767807 50.387928 -74.637192
v 145.043900 132.059799 -45.864021
v -4.132720 17.627806 -78.858536
v -20.560171 17.288916 -78.426346
v -49.659298 90.049690 -44.791759
v 239.687988 21.635086 -77.036552
v 243.801300 26.609808 -46.359665
v 229.984299 24.635607 -46.023319
v 223.730591 20.443565 -79.813751
v -155.659500 38.822227 -63.087212
v -155.803101 33.690559 -35.521912
v -158.130600 32.953430 -18.489552
v 253.945999 26.154589 -24.317202
v 253.976395 26.189419 -15.392793
v 182.408112 85.024261 -73.161667
v -154.404099 47.112339 -71.948715
v -122.634209 54.812733 -82.563568
v -114.973503 54.284607 -83.894539
v -119.138199 48.715744 -82.784630
v -125.725700 48.558254 -81.479851
v -150.257401 38.358963 -77.072060
v -150.461212 45.912323 -77.259697
v 126.116508 19.093847 -46.681652
v 132.217697 19.320528 -46.597370
v 20.709461 129.966507 -48.237293
v 13.260539 126.939896 -50.774010
v 14.202150 128.186508 -46.551682
v -156.776413 56.340668 -14.393405
v -155.483398 51.246559 -18.511894
v -160.367905 45.843727 -49.716633
v -159.635712 47.297508 -49.558182
v -23.974630 82.743576 -74.149200
v 256.513519 29.407940 -16.041231
v -145.337311 47.535572 -78.545067
v -150.009995 47.478611 -76.607742
v 255.866211 77.448494 -29.938665
v 255.430298 84.086517 -28.818857
v 239.924393 22.321106 -77.819344
v 163.529800 101.786598 -66.973259
v 256.568512 50.214897 -71.849823
v 253.207199 50.398609 -70.157257
v -106.764908 80.160431 -66.480110
v -97.462822 81.085220 -67.179520
v 251.259918 89.403938 -58.826847
v 199.584000 24.081255 -82.307610
v -87.924339 83.536179 -56.226627
v -87.450615 82.026749 -67.283234
v -152.801697 51.407036 -36.359955
v 17.613371 119.922699 -60.082291
v 14.050900 123.216789 -57.333309
v -145.836899 18.282936 -77.019272
v 258.049408 22.453798 -31.762802
v -110.067802 57.871754 -84.464790
v 220.033920 50.075352 -83.649193
v 222.739304 36.803612 -82.957352
v 207.116409 50.300205 -84.929932
v 262.542511 37.662998 -68.689011
v 199.766510 21.116905 -82.225540
v 93.244492 73.228256 -79.788460
v 92.579102 54.099491 -80.498726
v -43.849270 17.538956 -79.324982
v -33.656673 17.494354 -78.562462
v 203.887604 90.562729 -70.306129
v -109.913902 84.044273 -21.104687
v -103.269798 83.574799 -34.202148
v -147.219604 34.532127 -71.810921
v -147.942200 34.553295 -69.991356
v -148.134308 35.412575 -70.168266
v 247.913986 28.917744 -74.870453
v -156.668304 38.828747 -58.960327
v 10.570681 124.470695 -53.811386
v -7.356970 110.115898 -60.811417
v 84.889008 108.943985 -64.492004
v 94.330521 108.894485 -64.489120
v -124.487503 80.310417 -46.325996
v 243.008591 59.556744 -79.140282
v -138.636597 77.587631 -47.199638
v -155.243896 45.342567 -64.564598
v -155.954605 45.301628 -61.712189
v 35.068920 132.972504 -34.676601
v 28.977152 132.369400 -36.877731
v 28.404669 133.455307 -21.314550
v 34.716549 133.928513 -20.049080
v -151.887314 67.617050 -51.681164
v 30.752821 131.126511 -48.666561
v -136.451202 47.232613 -81.227776
v -127.228699 47.198074 -83.095116
v 219.642502 60.289715 -83.361473
v -157.386902 61.411823 -13.533665
v 259.958923 49.185406 -74.167282
v 21.033321 131.111404 -37.941914
v 13.760539 128.678406 -39.111774
v 254.149002 56.920158 -62.177982
v 254.173004 58.310604 -62.620148
v 255.190506 58.317986 -39.591873
v 255.141800 56.835667 -39.498196
v -133.648911 59.835484 -79.791534
v 81.669289 127.278885 -56.379181
v 81.407928 130.782303 -53.417473
v 36.552841 129.415802 -53.542866
v 251.445602 29.028442 -72.961609
v 210.641998 19.320045 -81.118706
v -148.157303 65.438484 -68.091827
v -148.206299 67.038704 -70.495354
v -70.002670 71.091156 -79.886398
v -85.360214 69.358932 -83.571419
v -160.796310 47.142979 -44.249035
v 260.474304 34.982346 -67.727943
v -86.021149 62.816254 -85.372169
v -155.329010 36.859547 -63.963959
v 142.949310 130.288696 -52.368134
v 154.820496 126.711594 -55.009041
v 144.269394 123.154793 -58.429798
v 140.158401 125.528091 -57.302811
v 252.986115 87.993118 -58.964149
v 254.188995 87.911354 -39.735081
v 237.326202 59.331512 -80.380165
v 12.487030 129.240799 -21.416641
v 12.092210 129.566513 -2.111510
v 20.331861 131.931015 -21.233429
v -121.425407 76.327164 -72.421898
v -121.240700 69.447517 -77.065689
v -134.232895 68.653313 -75.578598
v -157.207993 45.316017 -56.490921
v 161.839096 125.160294 -52.823189
v 164.883408 124.066193 -51.198338
v 167.566513 121.987495 -53.347736
v -157.859711 45.361748 -53.259644
v 84.208786 134.559006 -38.766163
v 86.019142 134.848999 -35.331154
v 93.768753 134.851700 -36.039253
v 89.620911 133.684708 -46.716053
v -162.419708 45.714745 -37.385086
v -164.662003 46.125141 -20.413334
v -123.065300 37.014603 -84.306702
v -129.254501 36.980663 -82.836266
v -122.921104 38.375153 -84.576347
v 255.262695 27.240366 -49.382423
v 255.775497 29.122967 -44.114735
v 255.026291 28.374157 -43.830994
v 253.502487 75.797615 -73.131599
v -123.253410 35.339725 -82.963318
v -153.620209 56.405544 -31.487604
v -42.168240 90.685844 -44.634487
v -106.522301 70.072098 -78.312935
v 243.735596 70.458694 -78.343040
v 199.875595 19.247974 -83.019646
v 199.879196 18.473024 -82.465210
v 101.633202 19.096186 -44.906761
v 151.905899 115.390999 -61.727760
v -28.133139 93.871292 -65.918037
v -21.829250 98.268867 -65.283119
v -144.798904 59.367985 -74.835297
v -150.723495 25.147366 -51.416420
v -69.836670 81.418167 -73.902580
v -152.601196 54.721249 -38.431168
v -151.804199 53.338066 -42.160275
v 36.680302 132.704803 -38.912022
v 130.323898 131.405899 -51.315784
v 257.669403 22.584955 -53.678608
v -153.664703 25.114649 -35.561169
v 215.258408 91.487122 -31.960089
v -137.259705 18.112284 -80.445274
v -156.325302 24.565659 -17.237432
v 130.277405 127.067001 -56.439373
v 94.611656 136.012497 -17.851471
v 104.715408 135.859299 -18.897249
v -6.174510 84.731483 -72.341003
v -6.309200 83.329773 -74.014107
v -106.637100 78.048134 -73.210640
v 154.759399 129.973495 -46.646191
v -128.872101 17.880005 -82.388092
v -151.301697 66.956284 -53.791904
v -94.295677 85.672882 -23.922966
v 257.880005 22.432819 -35.253399
v -57.698273 34.425453 -83.187904
v 86.676674 136.009094 -17.357529
v 254.933701 56.456783 -29.834864
v -154.651199 61.334110 -31.106096
v -77.573280 87.194649 -25.468596
v -127.955101 18.089336 -46.869259
v -148.156708 18.471666 -43.902248
v -142.043991 18.084854 -75.829857
v -123.813194 17.389185 -83.497055
v 36.615021 126.030792 -56.839680
v 252.346710 73.908707 -73.457024
v 253.525711 74.664474 -73.274994
v 255.452301 58.353111 -30.457304
v -154.482208 64.893700 -35.284473
v -154.184601 61.482456 -34.632244
v 248.606110 33.376984 -76.919563
v -150.959305 60.680260 -51.496780
v -150.856796 60.847111 -52.108006
v 254.452194 88.416161 -28.415028
v -56.307472 17.507505 -80.774826
v 216.009918 91.606407 -19.252398
v -123.203407 36.105812 -83.879135
v -24.455900 71.487953 -79.592690
v 239.945908 32.973312 -78.977692
v -120.934593 45.046375 -84.867516
v -166.087402 37.544201 -19.179953
v -166.393799 39.076382 -19.629904
v -162.684601 38.693306 -36.579422
v -150.157394 73.782181 -43.347897
v -153.656906 71.014313 -44.835506
v -154.555405 71.147339 -39.207214
v -150.921997 73.769188 -39.329636
v 250.951202 73.881332 -75.344666
v 250.685699 74.867302 -75.239594
v 252.124390 75.057854 -73.503189
v -151.197800 62.602413 -51.551395
v -151.043808 62.684189 -52.145233
v -149.579803 73.605858 -47.675274
v -154.546005 67.219986 -36.649673
v -154.244003 69.527840 -39.857075
v 192.627304 49.782425 -86.259010
v -153.329102 69.946999 -44.941315
v 253.442902 58.322330 -72.079803
v -157.247101 24.056589 -17.303152
v -120.054802 47.102802 -84.596672
v -39.990368 19.154747 -43.530121
v -53.033760 19.125696 -45.480820
v -148.160400 53.294197 -60.668053
v -150.061508 26.444147 -53.869205
v -145.443298 26.417006 -71.648163
v -36.316269 90.400856 -62.552181
v -38.608334 90.405731 -58.512989
v -153.374908 57.111515 -36.034012
v 178.715012 113.552689 -57.709488
v -147.519699 54.295780 -64.566452
v -160.218903 18.442867 -17.452692
v 254.089996 96.433060 -64.882874
v 256.650116 101.689499 -60.255756
v 256.190521 99.994255 -60.140171
v 254.032303 95.337936 -63.390018
v 236.002304 98.008583 -64.171669
v 235.759018 97.165611 -62.605110
v 240.900009 100.307297 -59.393177
v 242.249390 101.727592 -60.812588
v 252.240799 91.517235 -65.007446
v 251.788696 91.389938 -67.740929
v 228.534912 93.585266 -65.038139
v 228.116318 93.340797 -67.317841
v 251.170197 89.469475 -65.661804
v 250.775803 89.696144 -68.547768
v 223.680298 90.702332 -66.731010
v 223.103195 90.552422 -68.940674
v 242.686600 101.822990 -56.632980
v 241.251205 100.416298 -56.059780
v 256.118713 101.801094 -56.159702
v 256.411224 100.223694 -58.722561
v -149.767197 34.387474 -62.834995
v -151.037003 34.379608 -57.767193
v -147.005112 34.334457 -71.417213
v -147.692108 34.378006 -69.742989
v -149.809311 26.706116 -54.087566
v -145.313202 26.632175 -71.313553
v -151.879898 34.378269 -54.227013
v -144.768799 34.321297 -62.900524
v -146.853409 34.326057 -57.560715
v -144.203796 34.242577 -71.370811
v -144.036911 34.298565 -69.565010
v -142.241196 26.683685 -68.299171
v -142.538696 26.672646 -71.172638
v -148.963913 34.340858 -54.283836
v -147.104202 26.712168 -54.166111
v -142.551102 26.694443 -64.209862
v -143.968796 26.703836 -59.388927
v -158.047897 39.166546 -52.060467
v -157.659302 39.008629 -53.840424
v -158.078415 44.792187 -52.058807
v -154.151901 39.012497 -67.099815
v -154.170212 45.271324 -67.081329
v -155.354797 38.999878 -63.010136
v -156.390610 39.006287 -58.956036
v -154.715408 45.302078 -64.528587
v -155.165207 45.301609 -61.620445
v -156.686691 45.301140 -56.363384
v -157.472305 45.299587 -53.221375
v -156.209503 39.181999 -52.078278
v -155.428802 39.011967 -53.552464
v -156.166306 45.156017 -52.156162
v -153.358002 39.031269 -67.150253
v -153.242599 45.155815 -67.123032
v -152.907303 38.999519 -63.199051
v -153.441010 39.006687 -58.654514
v -152.918396 45.259407 -64.791992
v -152.921997 45.264206 -61.708588
v -154.265915 45.262089 -56.057323
v -155.609207 45.251366 -53.153282
v -146.803894 69.524094 -63.380566
v -147.492706 69.137398 -56.621452
v -146.133896 67.649002 -66.433815
v -147.145401 56.664616 -53.837265
v -147.136810 54.602940 -56.129795
v -146.016403 60.499008 -68.830017
v -146.141708 63.178940 -68.752960
v -146.120605 55.917854 -66.543587
v -146.109802 57.657169 -67.820595
v -146.137604 65.378517 -68.038795
v -147.304199 58.909756 -52.628342
v -147.445602 66.991623 -54.022675
v -147.366104 60.831810 -52.197308
v -147.328110 62.784584 -52.211327
v -147.670807 65.048264 -52.843460
v -146.849411 53.358849 -60.784863
v -146.229294 54.362015 -64.495911
v -146.800903 67.727303 -62.711704
v -147.338791 67.425323 -57.433514
v -146.277695 66.263031 -65.095985
v -147.067612 57.685337 -55.259342
v -147.060898 56.075375 -57.049583
v -146.185898 60.679619 -66.967178
v -146.283798 62.772366 -66.906998
v -146.267303 57.102196 -65.181709
v -146.258896 58.460415 -66.178925
v -146.280502 64.490005 -66.349319
v -147.191605 59.438564 -54.315308
v -147.302002 65.749680 -55.404137
v -147.239914 60.939499 -53.978703
v -147.210205 62.464424 -53.989655
v -147.477905 64.232132 -54.483292
v -146.836411 55.103867 -60.684727
v -146.352203 55.887234 -63.582676
v -145.563797 64.993263 -61.693954
v -145.871994 64.820206 -58.669163
v -145.263901 64.154144 -63.060326
v -145.716599 59.238480 -57.423203
v -145.712814 58.315861 -58.449131
v -145.211304 60.954430 -64.132660
v -145.267395 62.153740 -64.098175
v -145.257996 58.904305 -63.109447
v -145.253098 59.682671 -63.680923
v -145.265610 63.138065 -63.778587
v -145.787704 60.243217 -56.882195
v -145.850906 63.859959 -57.506176
v -145.815414 61.103359 -56.689304
v -145.798401 61.977249 -56.695572
v -145.951706 62.990273 -56.978455
v -145.584091 57.759109 -60.532349
v -145.306610 58.208035 -62.193085
v -145.557602 61.323326 -60.327805
v -148.260101 54.494675 -47.293125
v -148.115005 56.645546 -49.746197
v -147.905502 66.896034 -49.658833
v -148.089005 68.784492 -47.554844
v -147.812698 65.069260 -50.747593
v -147.907104 58.541519 -50.818695
v -149.087997 54.684361 -38.577316
v -148.480011 53.352333 -42.897263
v -149.669495 64.890961 -35.358734
v -149.533905 61.215866 -34.747406
v -147.880203 60.446507 -51.371952
v -147.825195 62.148819 -51.438793
v -149.288696 69.331566 -39.600254
v -149.589798 67.175514 -36.760395
v -148.715698 69.952339 -44.128357
v -149.147202 56.818184 -36.292725
v -148.293610 55.265316 -46.970016
v -148.163498 57.192436 -49.167904
v -147.975815 66.376640 -49.089634
v -148.140305 68.068657 -47.204506
v -147.892700 64.739891 -50.065144
v -147.977295 58.891190 -50.128845
v -149.035309 55.435257 -39.160854
v -148.490601 54.241798 -43.031433
v -149.556305 64.580154 -36.277073
v -149.434906 61.287346 -35.729343
v -147.953201 60.598019 -50.624557
v -147.903900 62.123238 -50.684444
v -149.215195 68.558807 -40.077385
v -149.484909 66.627037 -37.532936
v -148.701797 69.115021 -44.134457
v -149.088409 57.347130 -37.113907
v -146.795105 58.937096 -44.493134
v -146.741501 59.732704 -45.400524
v -146.663910 63.524349 -45.368214
v -146.731903 64.222885 -44.589954
v -146.629608 62.848618 -45.770947
v -146.664597 60.434017 -45.797245
v -147.101410 59.007267 -41.269176
v -146.876511 58.514549 -42.867115
v -147.316513 62.782669 -40.078625
v -147.266296 61.423256 -39.852505
v -146.654602 61.138668 -46.001892
v -146.634201 61.768356 -46.026627
v -147.175598 64.425240 -41.647564
v -147.287003 63.627720 -40.597107
v -146.963699 64.654869 -43.322495
v -147.123306 59.796566 -40.424114
v -146.914108 61.677425 -43.344193
v -90.494423 18.607515 -46.175049
v -33.024273 17.538961 -2.868371
v -62.666042 48.912758 -47.888725
v -74.728859 59.528019 -47.888725
v -96.846634 62.824593 -47.888725
v -105.385094 60.291386 -47.888725
v -114.973503 54.284611 -47.888725
v -120.054802 47.102798 -47.888725
v -110.067802 57.871750 -47.888725
v -86.021149 62.816246 -47.888725
v -123.065300 37.014606 -47.888725
v -126.755394 24.083796 -47.888721
v -57.698273 34.425457 -47.888725
v -147.925095 15.759304 -74.250221
v -154.372299 15.606326 -52.640255
v -157.408112 15.556528 -36.338863
v -144.518005 15.675645 -77.051933
v -136.833206 15.388246 -79.865379
v -128.839508 15.328904 -81.768852
v -124.107903 15.194084 -82.602142
v -159.955002 15.752600 -17.517073
v 167.838196 60.729824 -46.182053
v 154.912598 59.769028 -46.182053
v 199.365402 30.430065 -46.182053
v 198.770706 35.533329 -46.182053
v 145.153503 55.797585 -46.182053
v 138.941513 50.136398 -46.182053
v 131.748596 30.333277 -46.182053
v 199.584000 24.081257 -46.182049
v 199.766510 21.116907 -46.182049
v 192.627304 49.782429 -46.182053
v 179.290604 58.631138 -46.182053
v 165.992111 20.218716 -46.389709
v 77.834183 17.504946 -43.156170
v -4.132720 17.627808 -42.363552
v 88.659172 17.504950 -3.194541
v 6.692270 17.627811 -2.401922
v 248.642990 73.730179 -75.449554
v 247.311508 72.906593 -75.940582
v 246.686111 70.612686 -76.507988
v 252.725204 71.898369 -30.756756
v 255.008408 73.592857 -30.911158
v 254.768097 73.705521 -38.659065
v 253.480392 73.694931 -58.950054
v 249.430405 58.567303 -76.469147
v 251.805405 58.503799 -74.924271
v 246.755493 60.639862 -77.115349
v 247.426620 59.236713 -77.012321
v 253.616409 58.515945 -62.512474
v 254.742096 58.526230 -39.882454
v 251.905594 73.761826 -72.907509
v 255.049713 58.470829 -30.896456
v 254.420288 58.412258 -30.791544
v 250.473907 73.762802 -74.665848
v 252.930588 58.502224 -72.157158
v 249.310593 60.171501 -76.311775
v 248.778000 62.379490 -76.412743
v 249.893097 61.032085 -76.084427
v 248.160110 64.553192 -76.494385
v 248.048706 67.775620 -76.320183
v 248.335403 69.862755 -76.048401
v 249.449997 71.426323 -75.475494
v 250.589218 59.448124 -75.806038
v 250.985214 60.189598 -75.564011
v 251.951614 59.531609 -74.729469
v 252.467087 59.035271 -72.680328
v 253.592514 59.048378 -62.663605
v 250.767609 72.444893 -74.642197
v 251.954712 73.111015 -72.986557
v 253.426392 73.258217 -59.023075
v 254.735886 73.268982 -38.427525
v 255.049911 73.272652 -31.569164
v 255.044098 68.981361 -31.561956
v 255.021103 68.935249 -30.906637
v 255.028915 66.076393 -30.903858
v 255.039993 66.009972 -31.556967
v 254.761887 59.120975 -39.813576
v 255.030685 59.120975 -31.545393
v 246.593002 62.037632 -76.130196
v 247.979004 60.829823 -75.928070
v 246.530502 64.782562 -75.726547
v 246.562408 67.923653 -75.503784
v 246.621704 69.835945 -75.514122
v 247.071198 71.425354 -75.416229
v 249.263702 60.109001 -75.401939
v 250.463898 59.500557 -74.600731
v 250.890701 59.035255 -72.680328
v 251.576004 59.058174 -61.682903
v 249.191208 72.444885 -74.642197
v 250.474808 73.096390 -72.980530
v 251.850006 73.258217 -59.023075
v 253.159500 73.268974 -38.427525
v 253.473511 73.272636 -31.569164
v 253.454208 59.120975 -31.545393
v 251.978195 62.202084 -31.623234
v 255.035309 62.519279 -31.551094
v 252.931503 59.103493 -39.932804
v 255.038315 62.613125 -30.900484
v 251.694809 69.158897 -31.595575
v 251.255295 65.515343 -31.601574
v 248.174805 62.016087 -75.313293
v 247.530594 64.787102 -75.054085
v 247.525711 67.864143 -74.846771
v 247.968307 69.969376 -74.719322
v 248.976608 70.115067 -73.402046
v 248.484116 67.817619 -73.465675
v 248.471298 64.792648 -73.791618
v 249.218002 62.072853 -74.056107
v 251.269318 69.158897 -39.730175
v 250.166092 69.158875 -60.824688
v 250.449615 62.202084 -60.852341
v 251.552811 62.202084 -39.757835
v 250.829910 65.515343 -39.736176
v 249.726608 65.515327 -60.830688
v 249.608200 69.158859 -71.490639
v 249.891708 62.202080 -71.518303
v 249.168808 65.515327 -71.496628
v 254.504395 58.712154 -38.480854
v 254.645004 66.077179 -38.480854
v 254.734299 66.077179 -37.418842
v 254.504395 58.712154 -37.418842
v 254.293808 73.442215 -37.418842
v 248.783401 73.442215 -37.418842
v 249.044510 66.077179 -37.418842
v 249.305695 58.712154 -38.480854
v 249.044510 66.077179 -38.480854
v 254.293808 73.442215 -38.480854
v 249.305695 58.712154 -37.418842
v 248.783401 73.442215 -38.480854
v 254.237793 58.712166 -48.756775
v 254.378403 66.077194 -48.756775
v 254.467697 66.077194 -47.694763
v 254.237793 58.712166 -47.694763
v 254.027298 73.442215 -47.694763
v 248.516891 73.442215 -47.694763
v 248.778000 66.077194 -47.694763
v 249.039108 58.712166 -48.756775
v 248.778000 66.077194 -48.756775
v 254.027298 73.442215 -48.756775
v 249.039108 58.712166 -47.694763
v 248.516891 73.442215 -48.756775
v 253.481308 58.712154 -59.713474
v 253.354599 66.077171 -59.713474
v 253.443893 66.077171 -58.651463
v 253.481308 58.712154 -58.651463
v 252.959106 73.442207 -58.651463
v 247.760406 73.442207 -58.651463
v 248.021515 66.077171 -58.651463
v 248.282700 58.712154 -59.713474
v 248.021515 66.077171 -59.713474
v 252.959106 73.442207 -59.713474
v 248.282700 58.712154 -58.651463
v 247.760406 73.442207 -59.713474
v 252.799103 58.712154 -68.303978
v 252.672409 66.077171 -68.303978
v 252.761703 66.077171 -67.241974
v 252.799103 58.712154 -67.241974
v 252.276810 73.442207 -67.241974
v 247.078201 73.442207 -67.241974
v 247.339310 66.077171 -67.241974
v 247.600388 58.712154 -68.303978
v 247.339310 66.077171 -68.303978
v 252.276810 73.442207 -68.303978
v 247.600388 58.712154 -67.241974
v 247.078201 73.442207 -68.303978
v -35.588329 90.320076 58.586704
v -15.107140 90.373039 62.914024
v -11.152890 93.286247 19.293602
v -43.623760 91.901237 19.293602
v -8.504430 89.330162 64.310463
v -6.074500 89.746773 19.293602
v -6.149140 81.002045 64.866409
v -4.535600 81.898361 19.293604
v -8.604640 62.367325 63.979599
v -8.464120 63.576149 16.895546
v -12.909450 56.932568 63.428413
v -13.262500 57.584778 16.768757
v -25.014191 41.396584 64.766914
v -24.699930 44.185261 19.293596
v -43.489891 91.758446 -2.556217
v -10.934940 92.840385 -2.556217
v -6.723540 89.263817 -2.556217
v -4.910740 81.911919 -2.556216
v -5.508610 64.313179 -2.556215
v -13.486670 58.211468 -2.556214
v -24.180330 43.525181 -2.556223
v -11.152890 93.286247 -24.406027
v -15.107140 90.373047 -68.026451
v -35.588329 90.320091 -63.699131
v -43.623760 91.901253 -24.406027
v -6.074500 89.746780 -24.406027
v -8.504430 89.330162 -69.422890
v -4.535600 81.898369 -24.406036
v -6.149140 81.002029 -69.978828
v -8.464120 63.576160 -22.007986
v -8.604640 62.367325 -69.092033
v -13.262500 57.584789 -21.881195
v -12.909450 56.932579 -68.540863
v -24.699930 44.185261 -24.406034
v -25.014191 41.396599 -69.879341
v -31.815039 36.412926 62.324509
v 127.615410 38.105724 62.324509
v 127.615410 38.105728 -65.835167
v -31.815039 36.412937 -65.835167
v 167.473602 89.967049 62.324512
v 167.473602 89.967041 -65.835175
v 220.719711 89.351486 62.324512
v 220.719711 89.351486 -65.835175
v 120.199402 71.722122 64.042374
v 174.745712 73.281639 64.042374
v 128.088303 37.701187 64.042374
v 116.329399 37.601532 64.042374
v -30.556950 67.462715 64.042374
v -30.345152 36.358536 64.042374
v 121.706398 85.008598 64.042374
v 173.738693 85.701210 64.042374
v -27.995512 83.015862 64.042374
v 128.088303 37.701195 -68.750664
v 174.745712 73.281647 -68.750656
v 120.199402 71.722122 -68.750656
v 116.329399 37.601547 -68.750664
v -30.556961 67.462723 -68.750656
v -30.345169 36.358547 -68.750664
v 173.738693 85.701225 -68.750656
v 121.706398 85.008606 -68.750656
v -27.995512 83.015877 -68.750656
v 22.106510 130.533798 16.471491
v 35.338772 132.237503 16.650831
v 36.270840 131.312408 31.288181
v 22.444830 129.524200 34.550201
v 37.704662 131.155609 34.691788
v 27.950001 129.205109 44.220100
v 39.013180 129.715302 44.959709
v 41.482281 131.253601 36.248009
v 39.208630 128.275314 48.031189
v 27.470810 126.934593 49.056011
v 18.195301 126.412498 46.777317
v 20.087820 124.229904 51.288197
v 17.155119 127.762505 34.719120
v 39.915661 123.968811 51.501698
v 29.173792 122.947311 52.088005
v 22.736502 120.076805 53.666035
v 15.392100 126.257401 44.344135
v 15.054260 127.128799 34.739887
v 18.720970 118.690208 55.145420
v 16.389971 121.916901 52.667351
v 14.238530 123.102104 50.336365
v 12.245440 123.224602 48.944553
v 79.522713 132.708496 36.082241
v 81.354790 131.314194 44.510201
v 81.541992 129.760605 47.559799
v 81.366081 125.963318 51.378265
v 83.904388 132.920303 34.373230
v 91.764534 132.105896 41.814510
v 86.178917 133.234406 31.011341
v 98.094513 133.201401 31.260769
v 86.647812 134.220612 16.022190
v 98.580223 134.187805 16.335482
v 108.082298 131.865005 42.285271
v 107.991203 133.047104 31.382532
v 92.670616 130.101791 47.141720
v 108.136208 130.006104 47.139378
v 108.258705 134.187805 16.335482
v 140.955200 131.730103 30.855221
v 140.274200 130.800003 41.002949
v 138.736603 128.869110 47.635639
v 141.955109 132.645309 14.865600
v 155.889908 129.900101 14.288821
v 154.905502 129.319809 30.302780
v 155.227600 128.411911 38.041092
v 150.704514 126.294205 49.472065
v 162.374405 123.852295 45.583851
v 163.227005 125.411308 35.825474
v 158.846405 119.775414 53.536644
v 164.621506 121.418510 48.802383
v 141.271103 123.136215 52.860901
v 135.451797 124.857002 51.949974
v 146.835007 118.662605 54.908966
v 108.040604 126.066902 51.343872
v 92.230530 126.108711 51.332653
v 164.934708 126.126099 14.364091
v 163.991608 125.776001 28.852112
v 167.008804 110.089203 58.155262
v 175.417709 113.004303 53.311954
v 156.900909 107.510506 59.515564
v 193.172409 99.339905 58.507874
v 179.343903 96.321968 63.500023
v 167.216797 94.002457 64.508499
v 204.426010 90.526840 61.514423
v 185.603195 89.316986 66.007812
v 167.767014 88.498886 66.287125
v 86.759697 134.381393 -1.704760
v 98.694313 134.362411 -1.704760
v 108.371902 134.270309 -1.704760
v 142.059097 132.737900 -1.704760
v 155.976501 129.945801 -1.704760
v 165.009995 126.157204 -1.704760
v 16.220579 128.455795 16.855152
v 14.201790 127.845703 17.023941
v 22.106510 130.533798 -1.704760
v 35.338772 132.237503 -1.704760
v 16.220579 128.455795 -1.704760
v 14.201790 127.845703 -1.704760
v -22.545721 85.992371 66.587975
v -24.778669 86.635788 65.976982
v -26.673080 88.671600 64.316910
v -28.241720 90.665100 62.195335
v 22.106510 130.533798 -19.881020
v 22.444830 129.524200 -37.959724
v 36.270840 131.312408 -34.697701
v 35.338772 132.237503 -20.060349
v 37.704662 131.155609 -38.101311
v 27.950001 129.205109 -47.629612
v 39.013180 129.715302 -48.369225
v 41.482281 131.253601 -39.657539
v 39.208630 128.275314 -51.440704
v 27.470810 126.934586 -52.465523
v 18.195301 126.412498 -50.186840
v 20.087820 124.229889 -54.697708
v 17.155119 127.762596 -38.128639
v 29.173792 122.947296 -55.497517
v 39.915661 123.968796 -54.911221
v 22.736502 120.076790 -57.075546
v 15.392100 126.257401 -47.753635
v 15.054260 127.128799 -38.149410
v 16.389971 121.916885 -56.076878
v 18.720970 118.690193 -58.554947
v 14.238530 123.102097 -53.745876
v 12.245440 123.224594 -52.354069
v 81.354790 131.314194 -47.919724
v 79.522713 132.708496 -39.491772
v 81.541992 129.760605 -50.969303
v 81.366081 125.963303 -54.787788
v 83.904388 132.920303 -37.782742
v 91.764534 132.105896 -45.224033
v 86.178917 133.234406 -34.420872
v 98.094513 133.201401 -34.670292
v 86.647812 134.220612 -19.431709
v 98.580223 134.187805 -19.745001
v 108.082298 131.865005 -45.694794
v 107.991203 133.047104 -34.792061
v 92.670616 130.101791 -50.551231
v 108.136208 130.006104 -50.548882
v 108.258705 134.187805 -19.745001
v 140.274200 130.800003 -44.412472
v 140.955200 131.730103 -34.264751
v 138.736603 128.869110 -51.045151
v 141.955109 132.645309 -18.275131
v 154.905502 129.319809 -33.712303
v 155.889908 129.900101 -17.698341
v 155.227600 128.411911 -41.450623
v 150.704514 126.294197 -52.881577
v 162.374405 123.852295 -48.993366
v 163.227005 125.411308 -39.234989
v 158.846405 119.775398 -56.946152
v 164.621506 121.418503 -52.211899
v 141.271103 123.136200 -56.270420
v 135.451797 124.856987 -55.359486
v 146.835007 118.662590 -58.318478
v 108.040604 126.066887 -54.753391
v 92.230530 126.108696 -54.742165
v 163.991608 125.776001 -32.261631
v 164.934708 126.126099 -17.773609
v 167.008804 110.089188 -61.564777
v 175.417709 113.004288 -56.721455
v 156.900909 107.510490 -62.925076
v 179.343903 96.321953 -66.909531
v 193.172409 99.339890 -61.917393
v 167.216797 94.002441 -67.917999
v 185.603195 89.316971 -69.417328
v 204.426010 90.526825 -64.923943
v 167.767014 88.498871 -69.696640
v 16.220579 128.455795 -20.264679
v 14.201790 127.845703 -20.433460
v -24.778669 86.635765 -69.386490
v -22.545721 85.992355 -69.997475
v -26.673080 88.671577 -67.726418
v -28.241720 90.665085 -65.604851
v 9.999949 84.693596 44.547894
v 8.912951 86.782394 44.429592
v 8.456710 86.672852 50.616634
v 9.283071 84.759621 50.837563
v 9.732190 86.170067 38.867062
v 8.752030 87.841209 38.817432
v 9.782400 83.340332 46.377014
v 11.409431 80.932396 45.260052
v 12.103570 81.267250 43.189915
v 9.040160 84.385651 50.632023
v 11.419410 83.130692 38.622124
v 13.143280 79.705894 42.093693
v 12.582580 80.959366 38.235302
v 13.337531 78.178528 45.558395
v 13.910830 77.757271 44.957722
v 12.388130 78.518738 46.083866
v 9.216170 86.197044 23.415125
v 9.290870 86.678215 27.250074
v 10.378840 84.696091 26.674965
v 9.970180 84.282928 22.881205
v 12.480130 80.968002 26.369246
v 11.708230 80.870071 23.353165
v 8.877320 84.142670 17.559334
v 8.923150 85.893059 17.266994
v 13.674110 78.192162 23.084795
v 12.891561 78.458336 22.329475
v 13.359591 79.373001 27.460234
v 14.100220 77.542107 23.833626
v 11.730741 78.314255 44.785873
v 9.681030 78.023422 42.051201
v 10.868700 77.286186 41.860863
v 12.410580 77.209137 44.061913
v 9.916640 80.146149 44.656361
v 8.375180 79.414650 42.477753
v 5.860960 85.260857 44.108215
v 2.540250 84.257599 39.117672
v 3.790510 82.165863 39.174625
v 7.119810 83.280518 44.178333
v 5.719070 78.668381 38.725910
v 8.751990 82.849846 45.932262
v 8.463460 84.328941 50.250511
v 8.047481 85.064903 50.074284
v 7.540530 85.985832 49.862572
v 8.312290 77.378342 27.453255
v 6.609730 79.076614 27.686396
v 9.007000 79.960556 24.462885
v 11.302930 78.552841 24.091314
v 12.380150 77.260162 24.497635
v 9.829750 76.589897 27.363096
v 10.299850 80.408493 22.700014
v 11.736640 78.541138 22.076134
v 4.395240 82.624130 27.757704
v 3.246060 84.442406 27.863874
v 6.290280 85.259117 23.384304
v 7.397590 83.388542 23.424654
v 8.725670 82.972008 22.011375
v 8.534990 84.205620 17.773495
v 8.113980 84.944099 17.952665
v 7.607430 85.864311 18.164215
v 5.983470 86.318626 22.968285
v 7.251500 86.544312 18.307184
v 5.984970 87.401283 22.967495
v 7.127140 86.806122 18.353025
v 7.026760 87.879936 23.032875
v 7.230920 87.164787 18.216795
v 8.012420 88.131767 23.079115
v 7.529640 87.214897 17.991404
v 8.599990 87.279655 23.261805
v 8.071640 87.168861 17.610384
v 7.324630 88.430534 27.910244
v 8.523860 88.017693 27.588882
v 7.137080 88.633072 33.068295
v 8.565721 88.306541 32.991173
v 9.481370 86.807602 32.912392
v 10.781131 84.437569 32.840721
v 12.415990 81.331490 32.867584
v 13.310590 79.559776 37.836704
v 13.156031 79.903191 32.874641
v 13.022830 78.279938 37.554920
v 13.003260 78.420731 32.906544
v 13.532359 78.184929 28.274836
v 14.471621 76.786766 24.501484
v 11.247590 77.487297 32.852100
v 12.225220 77.477196 28.447395
v 13.887880 76.223625 24.683594
v 14.531740 73.445793 21.288105
v 15.462730 73.542747 20.955254
v 10.999170 76.673218 27.982254
v 13.040601 76.294342 24.756584
v 14.132930 74.030151 20.881535
v 13.723250 74.744591 20.363646
v 13.320621 75.501411 19.805035
v 13.132421 75.936081 19.466934
v 13.441670 75.953354 19.326405
v 14.493500 75.605690 19.259155
v 15.133040 74.652992 19.988266
v 9.081130 76.392113 32.660732
v 7.693510 75.808510 32.476685
v 9.761670 76.546089 38.070492
v 8.564791 75.920280 38.542225
v 7.015050 76.619881 38.767231
v 6.763120 76.743126 32.586094
v 5.471710 78.782280 32.586334
v 3.429980 82.029312 32.798653
v 2.049160 84.241341 33.009094
v 2.384510 86.036575 39.176533
v 1.430330 85.706879 32.945362
v 2.893780 85.740479 27.428175
v 2.766690 86.456345 33.004753
v 3.928200 86.757988 27.751404
v 5.142200 87.653664 33.095341
v 5.628430 87.640587 28.166014
v 3.627300 86.704887 38.908592
v 5.564250 87.699875 38.499283
v 7.382000 88.566277 38.669910
v 7.118711 87.978386 44.481792
v 8.270301 87.848831 44.564922
v 7.220860 87.161964 49.830143
v 7.620420 87.225487 50.131001
v 5.827750 87.394112 44.436184
v 7.092470 86.964699 49.703434
v 5.553070 86.363457 44.539875
v 7.212730 86.621834 49.732552
v 11.849780 76.764122 41.470722
v 11.446250 77.446304 37.529911
v 12.709260 77.034027 41.108185
v 13.837110 76.007835 43.612694
v 13.033960 76.280128 43.718632
v 14.383330 73.637711 46.895515
v 14.055381 74.164482 47.270386
v 13.668851 74.846863 47.766556
v 13.299460 75.541183 48.279037
v 13.132421 75.936081 48.587791
v 13.578951 75.944962 48.775414
v 14.663721 75.359306 48.608776
v 15.365540 74.245659 47.739658
v 14.318851 77.080833 44.288292
v 13.675651 78.713890 41.413994
v 14.833231 73.405739 46.811527
v 14.540469 76.427773 43.767952
v 13.682820 77.694786 41.000183
v 16.545240 69.624779 36.121216
v 16.441420 69.702080 31.100275
v 16.538061 68.559952 30.889755
v 16.905119 68.165054 36.310806
v 17.885481 68.271492 30.728804
v 17.976160 68.131897 36.383018
v 15.877471 69.772667 41.418808
v 15.825549 70.847061 40.949047
v 17.190069 69.546402 41.803387
v 15.655471 72.354637 46.461617
v 14.491490 72.368172 45.919998
v 18.559980 69.242012 36.288277
v 17.824671 70.598869 41.503456
v 16.351871 73.309631 45.981487
v 14.291221 77.097527 49.275730
v 13.506301 76.282600 49.898685
v 16.986420 71.429291 40.961887
v 15.617751 73.929550 45.123848
v 13.697301 77.445839 48.197361
v 11.420040 81.618950 49.886993
v 11.835421 81.585114 51.091633
v 14.468460 73.341026 45.094646
v 12.556350 76.850426 48.154762
v 10.276600 81.010551 49.832512
v 7.884880 85.434082 49.976124
v 9.004190 86.039398 50.025043
v 12.439510 76.130363 49.206173
v 10.003921 80.602760 51.009022
v 7.420950 85.359161 51.176315
v 4.937750 89.899910 49.615093
v 5.570230 89.659752 48.531963
v 10.960350 80.959236 51.779114
v 8.249949 85.918457 51.941875
v 5.659750 90.679108 50.326092
v 3.434070 94.773163 47.126755
v 2.802460 93.821289 46.569111
v 9.234520 86.349052 51.249573
v 6.738290 90.931236 49.711685
v 4.601170 94.864098 46.622593
v 3.028300 97.757896 42.309933
v 1.783430 97.787582 42.649422
v 6.707710 90.294060 48.580616
v 4.705720 93.941467 45.724735
v 3.229840 96.641449 41.721874
v 2.422750 98.123184 36.966354
v 2.152280 99.348045 37.193764
v 3.587070 93.303085 45.695011
v 2.122180 95.988037 41.696365
v 1.311530 97.455269 36.952904
v 1.257000 97.590668 31.924223
v 2.352050 98.242363 31.927483
v 1.227920 96.697540 42.272861
v 0.367010 98.280739 37.180092
v 0.294380 98.432732 31.766994
v 1.034690 97.067070 26.588573
v 1.932680 96.332100 27.101864
v 0.885230 99.440445 37.324501
v 0.801830 99.580246 31.677053
v 1.586330 98.168297 26.256193
v 3.115340 95.357346 21.593462
v 2.495510 94.384277 22.126982
v 2.073460 99.485252 31.766823
v 2.813660 98.133385 26.549704
v 4.294980 95.426140 22.072773
v 6.362640 91.641472 18.778732
v 5.253070 91.423302 18.156723
v 3.060770 96.982597 27.092382
v 4.417490 94.471199 22.932493
v 6.330090 90.953995 19.855402
v 8.608770 86.778885 18.169884
v 8.804271 87.145897 16.963594
v 3.301300 93.826500 22.961271
v 5.215040 90.317467 19.899313
v 7.474870 86.152725 18.224884
v 9.881230 81.730690 18.063015
v 11.014840 82.351204 18.028574
v 4.546770 90.609993 18.847263
v 6.987890 86.140259 17.039015
v 9.580910 81.397247 16.880764
v 12.063170 76.841248 18.422274
v 12.194180 77.501862 19.510994
v 7.803540 86.749443 16.275665
v 10.502891 81.784561 16.112854
v 13.099570 77.026596 17.729004
v 15.337340 72.939117 20.927635
v 14.194160 72.924126 21.485445
v 11.399020 82.378181 16.804886
v 13.897921 77.797607 18.343174
v 16.045420 73.871323 21.432594
v 17.625380 70.981491 25.744965
v 16.976320 69.918724 25.404964
v 13.344501 78.115616 19.476074
v 15.326461 74.458229 22.329994
v 16.797659 71.758049 26.335484
v 17.605560 70.275650 31.089994
v 18.487280 69.383354 30.860804
v 14.183631 73.865021 22.358795
v 15.647460 71.179138 26.358805
v 15.750101 70.049660 25.785444
v 17.664820 70.150047 36.126789
v 4.073290 84.916855 34.817913
v -0.851090 81.669289 34.718952
v -0.507820 81.059166 36.261673
v 4.466020 84.286987 36.520741
v 4.092990 84.885063 32.966526
v -0.831320 81.625610 33.060932
v 4.514770 84.208305 31.303333
v -0.473850 80.967201 31.580154
v -6.032480 77.480217 31.971155
v -6.328010 78.019768 33.201763
v -6.334430 78.059525 34.596302
v -11.884670 74.364647 33.303459
v -11.898350 74.387833 34.532318
v -11.622900 73.948860 35.631569
v -6.046920 77.566887 35.872665
v -11.118091 73.140160 36.379498
v -5.527590 76.617546 36.787952
v 0.118210 79.919571 37.341404
v 5.224070 83.070152 37.779812
v -4.855410 75.381897 37.158066
v 0.907640 78.475899 37.753441
v 6.195880 81.509697 38.321243
v 1.693600 77.051208 37.365143
v 7.244600 79.826149 37.932762
v 2.322360 75.903366 36.317616
v 8.054811 78.526146 36.725613
v 2.665440 75.275642 34.812347
v 8.503230 77.807373 34.969402
v 2.663910 75.274002 33.167965
v 8.507811 77.800430 33.025253
v 2.328070 75.878311 31.676506
v 8.073191 78.497581 31.282154
v 1.714230 76.989120 30.632576
v 7.278141 79.773003 30.069153
v 0.937460 78.395897 30.227995
v 6.297000 81.347351 29.602964
v 0.158570 79.810471 30.564804
v 5.288660 82.966026 30.104115
v -4.841350 75.322556 30.810984
v -5.501770 76.518883 31.119364
v -10.486740 72.107811 31.377516
v -11.086520 73.075989 31.548405
v -11.588771 73.888756 32.228058
v -4.193790 74.131844 31.145355
v -9.917991 71.196800 31.701065
v -3.671810 73.178093 32.009758
v -9.475770 70.493614 32.417606
v -3.383240 72.655693 33.273205
v -9.232360 70.110031 33.401276
v -3.377080 72.652580 34.674435
v -9.227330 70.102066 34.518478
v -3.658940 73.178780 35.941116
v -9.467231 70.481567 35.525238
v -4.188220 74.155876 36.833817
v -9.915441 71.201462 36.265465
v -10.498810 72.143661 36.594337
v -9.918190 97.297340 75.937698
v -11.113151 96.651131 73.824966
v -11.070810 92.148865 74.481133
v -9.073070 92.740578 78.086754
v -12.941051 95.453568 70.588272
v -12.831630 91.234734 71.699371
v -16.244032 92.922989 68.230255
v -16.393171 89.598335 69.382027
v -19.651630 89.863800 67.636192
v -22.052542 87.534203 67.730064
v -7.818770 92.740425 80.417236
v -8.014670 97.754509 79.392487
v -6.357850 96.350357 82.849976
v -4.986580 95.497231 84.451172
v -5.367080 97.216866 84.117760
v -6.255490 97.785530 82.759872
v -6.400010 92.604034 82.918434
v -5.121060 92.375481 84.369995
v -11.589431 98.548080 63.981091
v -14.039391 96.292549 64.756226
v -12.755240 96.426247 66.783859
v -11.106940 98.744164 64.916344
v -9.510501 97.257965 66.499336
v -9.533401 98.304863 65.457260
v -12.114690 96.342636 69.598564
v -9.819240 97.094429 68.887978
v -10.804970 97.632294 71.891220
v -9.087310 98.182465 70.533936
v -9.229870 98.857735 72.633499
v -7.783560 99.372894 74.528381
v -4.137660 99.050529 83.081116
v -1.802530 99.360268 83.665833
v -3.366560 98.273491 84.441925
v -1.179200 98.437210 84.669632
v -2.916860 96.516365 84.859695
v -2.659260 91.979828 84.780731
v -9.718261 99.574364 64.221657
v -8.463241 98.516586 65.246544
v -8.607181 97.118225 66.717522
v -7.798080 97.561478 69.723289
v -8.477790 96.826294 68.474724
v -8.083390 99.131851 71.301384
v -6.412850 98.948029 70.701431
v -6.442220 99.862244 73.585739
v -5.416060 99.836800 72.960518
v -6.053560 89.993477 83.252716
v -4.764920 90.392181 84.280434
v -7.375980 89.495407 80.968086
v -8.398050 88.922943 79.009132
v -10.732450 88.168709 74.979965
v -0.609730 96.555557 85.039993
v -0.551230 92.241440 84.922287
v -0.670280 99.543938 83.471329
v -7.028050 96.377808 66.475174
v -5.869890 98.439178 64.696747
v -7.721330 95.794891 68.049728
v -6.643900 97.108704 70.113419
v -7.311730 96.191788 69.563171
v -6.052930 98.475746 70.836319
v -6.037410 96.935898 70.684326
v -6.268550 91.501625 70.680893
v -6.848650 89.917755 70.053268
v -5.978100 88.663216 80.074295
v -7.079950 88.095047 77.727043
v -9.011410 87.244469 74.360489
v -4.446410 89.183044 82.434853
v -2.770670 90.421951 84.568794
v -1.772530 89.140060 82.102661
v -0.534020 90.440590 84.673431
v -3.450500 88.463654 79.144135
v -4.477300 88.008957 76.127625
v -5.670020 87.456238 73.666573
v -0.066400 98.649162 84.554153
v 0.477190 92.324272 84.839577
v 0.257480 96.550774 84.973099
v 0.269260 90.410782 84.588882
v -2.324150 89.346848 78.924118
v -0.608650 89.638023 82.489143
v -3.732800 89.292358 75.937866
v -5.155620 89.157791 73.122688
v -5.919630 90.986351 71.460068
v -5.977330 91.821045 71.260239
v -6.897760 90.659485 68.595505
v -6.047180 90.352371 66.193535
v -6.655230 91.610207 67.335350
v -6.740940 88.392120 68.789612
v -6.757051 86.725990 69.142540
v -6.668040 88.743774 70.449974
v -7.040880 86.095947 69.942146
v -5.721010 90.317780 71.706177
v -5.209370 89.803101 72.692307
v -7.063100 84.988495 68.415878
v -6.741120 85.730743 67.546028
v -10.405829 86.152596 71.031296
v -11.659730 84.762932 68.470413
v -13.551070 87.249382 71.375168
v -15.162869 84.717285 68.449684
v -24.215931 85.212128 68.046249
v -19.064819 86.114120 69.564224
v -24.536489 84.565315 68.019882
v -19.519331 84.639572 68.367569
v -22.461910 87.634216 67.150345
v -24.704672 85.209900 67.644279
v -17.655119 92.675720 66.003075
v -20.186460 90.045410 66.554298
v -5.089230 99.098991 72.855774
v -5.597790 98.481308 71.852135
v -0.542890 98.841064 83.079674
v -5.588100 97.937988 71.553879
v -5.644270 96.544136 71.480568
v -0.028360 98.053017 84.224304
v 0.320370 92.482635 84.260788
v 0.187410 96.204941 84.458664
v 0.193810 90.797394 83.836708
v -2.458200 89.860397 78.670143
v -0.744580 90.116829 82.168335
v -3.698810 89.812408 76.040123
v -4.823460 89.813789 73.509598
v -5.675580 92.039436 71.920502
v -5.624770 91.304321 72.096497
v -5.449840 90.736694 72.217087
v -4.999240 90.193962 72.784798
v -5.014980 96.504723 73.038452
v -5.456860 96.530128 72.071724
v -4.698030 96.486160 73.751717
v -4.339380 96.465950 74.512894
v -0.602810 96.248962 82.808907
v -0.691720 92.403259 82.407173
v -3.132160 92.226936 77.180740
v -4.050330 92.160202 75.235077
v -4.888940 92.101410 73.348518
v -5.108530 91.707230 72.614487
v -5.136070 92.088478 72.571579
v -6.511870 100.011505 63.680595
v -4.871180 99.713417 63.405598
v -4.906600 98.037041 63.887524
v -9.909970 99.525604 63.707054
v -7.057981 84.684418 67.992737
v -6.761940 85.583206 67.189087
v -6.036210 90.295181 65.637543
v -11.669820 84.580475 68.172318
v -15.282531 84.579002 68.105804
v -24.994921 84.457748 67.809372
v -19.643942 84.479248 67.955864
v -6.452020 100.091911 63.166679
v -4.881420 97.839027 63.322437
v -4.774630 99.704460 62.910522
v -11.589431 98.548088 62.187351
v -14.039391 96.292549 62.962482
v -22.461910 87.634216 65.356590
v -24.704672 85.209900 65.850555
v -17.655119 92.675720 64.209328
v -20.186460 90.045410 64.760567
v -9.909970 99.525604 61.913311
v -7.057981 84.548615 65.892723
v -6.761940 85.583206 65.604286
v -6.036210 90.295181 63.843792
v -11.669820 84.466782 65.950615
v -15.282531 84.389679 66.042290
v -24.994921 84.457748 66.015633
v -19.643930 84.352440 66.162117
v -6.452020 100.091911 61.372929
v -4.881420 97.839027 61.528690
v -4.774630 99.704460 61.116795
v -9.918190 97.297325 -75.937714
v -9.073070 92.740562 -78.086769
v -11.070810 92.148849 -74.481148
v -11.113151 96.651115 -73.824982
v -12.941051 95.453552 -70.588287
v -12.831630 91.234718 -71.699387
v -16.393171 89.598320 -69.382042
v -16.244032 92.922974 -68.230270
v -22.052542 87.534187 -67.730080
v -19.651630 89.863785 -67.636208
v -8.014670 97.754494 -79.392502
v -7.818770 92.740410 -80.417252
v -6.357850 96.350342 -82.849991
v -6.255490 97.785515 -82.759888
v -5.367080 97.216850 -84.117775
v -4.986580 95.497215 -84.451187
v -6.400010 92.604019 -82.918449
v -5.121060 92.375465 -84.370010
v -11.589431 98.548065 -63.981106
v -11.106940 98.744148 -64.916359
v -12.755240 96.426231 -66.783875
v -14.039391 96.292534 -64.756241
v -9.533401 98.304848 -65.457275
v -9.510501 97.257950 -66.499352
v -9.819240 97.094414 -68.887993
v -12.114690 96.342621 -69.598579
v -10.804970 97.632278 -71.891235
v -9.087310 98.182449 -70.533951
v -9.229870 98.857719 -72.633514
v -7.783560 99.372879 -74.528397
v -4.137660 99.050514 -83.081131
v -1.802530 99.360252 -83.665848
v -1.179200 98.437195 -84.669647
v -3.366560 98.273476 -84.441940
v -2.916860 96.516350 -84.859711
v -2.659260 91.979813 -84.780746
v -9.718261 99.574348 -64.221672
v -8.463241 98.516571 -65.246559
v -8.607181 97.118210 -66.717537
v -8.477790 96.826279 -68.474739
v -7.798080 97.561462 -69.723305
v -8.083390 99.131836 -71.301399
v -6.412850 98.948013 -70.701447
v -6.442220 99.862228 -73.585754
v -5.416060 99.836784 -72.960533
v -4.764920 90.392166 -84.280449
v -6.053560 89.993462 -83.252731
v -7.375980 89.495392 -80.968102
v -8.398050 88.922928 -79.009148
v -10.732450 88.168694 -74.979980
v -0.609730 96.555542 -85.040009
v -0.551230 92.241425 -84.922302
v -0.670280 99.543922 -83.471344
v -5.869890 98.439163 -64.696762
v -7.028050 96.377792 -66.475189
v -7.721330 95.794876 -68.049744
v -6.643900 97.108688 -70.113434
v -7.311730 96.191772 -69.563187
v -6.052930 98.475731 -70.836334
v -6.037410 96.935883 -70.684341
v -6.848650 89.917740 -70.053284
v -6.268550 91.501610 -70.680908
v -5.978100 88.663200 -80.074310
v -7.079950 88.095032 -77.727058
v -9.011410 87.244453 -74.360504
v -4.446410 89.183029 -82.434868
v -2.770670 90.421936 -84.568810
v -0.534020 90.440575 -84.673447
v -1.772530 89.140045 -82.102676
v -3.450500 88.463638 -79.144150
v -4.477300 88.008942 -76.127640
v -5.670020 87.456223 -73.666588
v -0.066400 98.649147 -84.554169
v 0.257480 96.550758 -84.973114
v 0.477190 92.324257 -84.839592
v 0.269260 90.410767 -84.588898
v -2.324150 89.346832 -78.924133
v -0.608650 89.638008 -82.489159
v -3.732800 89.292343 -75.937881
v -5.155620 89.157776 -73.122704
v -5.919630 90.986336 -71.460083
v -5.977330 91.821030 -71.260254
v -6.897760 90.659470 -68.595520
v -6.047180 90.352356 -66.193550
v -6.740940 88.392105 -68.789627
v -6.655230 91.610191 -67.335365
v -6.757051 86.725975 -69.142555
v -7.040880 86.095932 -69.942162
v -6.668040 88.743759 -70.449989
v -5.209370 89.803085 -72.692322
v -5.721010 90.317764 -71.706192
v -7.063100 84.988480 -68.415894
v -6.741120 85.730728 -67.546043
v -10.405829 86.152580 -71.031311
v -11.659730 84.762917 -68.470428
v -15.162869 84.717270 -68.449699
v -13.551070 87.249367 -71.375183
v -19.064819 86.114105 -69.564240
v -24.215931 85.212112 -68.046265
v -19.519331 84.639557 -68.367584
v -24.536489 84.565300 -68.019897
v -24.704672 85.209885 -67.644295
v -22.461910 87.634201 -67.150360
v -20.186460 90.045395 -66.554314
v -17.655119 92.675705 -66.003090
v -5.597790 98.481293 -71.852150
v -5.089230 99.098976 -72.855789
v -0.542890 98.841049 -83.079689
v -5.644270 96.544121 -71.480583
v -5.588100 97.937973 -71.553894
v -0.028360 98.053001 -84.224319
v 0.187410 96.204926 -84.458679
v 0.320370 92.482620 -84.260803
v 0.193810 90.797379 -83.836723
v -0.744580 90.116814 -82.168350
v -2.458200 89.860382 -78.670158
v -3.698810 89.812393 -76.040138
v -4.823460 89.813774 -73.509613
v -5.624770 91.304306 -72.096512
v -5.675580 92.039421 -71.920517
v -4.999240 90.193947 -72.784813
v -5.449840 90.736679 -72.217102
v -5.014980 96.504707 -73.038467
v -5.456860 96.530113 -72.071739
v -4.698030 96.486145 -73.751732
v -4.339380 96.465935 -74.512909
v -0.602810 96.248947 -82.808922
v -0.691720 92.403244 -82.407188
v -3.132160 92.226921 -77.180756
v -4.050330 92.160187 -75.235092
v -4.888940 92.101395 -73.348534
v -5.108530 91.707214 -72.614502
v -5.136070 92.088463 -72.571594
v -6.511870 100.011490 -63.680611
v -4.871180 99.713402 -63.405613
v -4.906600 98.037025 -63.887539
v -9.909970 99.525589 -63.707069
v -6.761940 85.583191 -67.189102
v -7.057981 84.684402 -67.992752
v -6.036210 90.295166 -65.637558
v -11.669820 84.580460 -68.172333
v -15.282531 84.578987 -68.105820
v -19.643942 84.479233 -67.955879
v -24.994921 84.457733 -67.809387
v -6.452020 100.091896 -63.166695
v -4.774630 99.704445 -62.910538
v -4.881420 97.839012 -63.322453
v -14.039391 96.292534 -62.962498
v -11.589431 98.548073 -62.187366
v -24.704672 85.209885 -65.850571
v -22.461910 87.634201 -65.356606
v -20.186460 90.045395 -64.760582
v -17.655119 92.675705 -64.209343
v -9.909970 99.525589 -61.913326
v -6.761940 85.583191 -65.604301
v -7.057981 84.548599 -65.892738
v -6.036210 90.295166 -63.843807
v -11.669820 84.466766 -65.950630
v -15.282531 84.389664 -66.042305
v -19.643930 84.352425 -66.162132
v -24.994921 84.457733 -66.015648
v -6.452020 100.091896 -61.372944
v -4.774630 99.704445 -61.116810
v -4.881420 97.839012 -61.528706
v 27.115492 49.262043 32.789288
v 53.482391 45.876125 32.287437
v 53.736874 45.746380 20.632236
v 27.358580 49.243259 19.088316
v 33.829960 51.443329 16.722107
v 52.953979 46.801620 18.769096
v 18.840601 49.645531 18.867117
v 19.903090 49.674965 33.698856
v 28.583771 53.077251 15.808816
v 27.802399 53.885712 14.878526
v 17.843121 47.962841 15.910937
v 18.028082 48.157574 13.605546
v 27.541920 53.990475 13.201417
v 19.683710 46.490688 13.197597
v 28.067280 52.760773 12.644656
v 15.546021 48.719246 33.168606
v 15.226860 48.327560 18.825357
v 59.504589 54.441853 21.568506
v 59.436001 54.416000 33.261356
v 57.165112 57.336372 18.244307
v 53.878246 56.543488 16.187426
v 52.209118 48.029709 16.175297
v 52.341961 48.099438 14.596236
v 52.726051 56.754078 13.368417
v 54.958679 54.336182 12.424747
v 53.076881 48.173779 13.313076
v 62.931820 46.559582 14.001916
v 64.696037 52.692261 13.778136
v 61.957123 58.618599 21.926355
v 61.908413 58.601349 33.544548
v 59.140331 62.434582 12.320295
v 67.727501 58.748055 13.889155
v 57.118263 63.284523 13.922485
v 57.617382 62.720100 16.124617
v 59.893795 61.771442 18.442137
v 65.138664 68.980576 13.458575
v 72.100128 65.889732 14.578516
v 63.484463 69.859169 15.445714
v 64.008041 69.444427 17.350794
v 65.285637 68.512764 19.317574
v 67.219627 66.991913 22.336784
v 67.193016 67.072853 33.736656
v 74.850349 78.911797 15.684284
v 78.501007 76.036690 15.810864
v 73.622185 79.713921 16.902945
v 73.460075 79.663353 18.527224
v 73.992104 78.969414 20.343084
v 74.746178 77.871872 22.750015
v 74.717796 77.953384 34.142200
v 79.174217 83.044502 16.635223
v 83.251427 82.724220 17.041115
v 78.673912 83.920982 17.725605
v 78.499130 84.247169 18.938215
v 79.041359 84.175201 21.151344
v 79.332375 83.988098 23.475105
v 79.312820 83.971527 33.879452
v 74.703445 77.932640 36.909782
v 79.291306 83.953270 36.909782
v 67.176537 67.048996 36.909786
v 61.892750 58.574829 36.909786
v 59.419014 54.387241 36.909786
v 53.442024 45.881824 36.909786
v 27.099390 49.263294 36.909786
v 19.884230 49.674965 36.909786
v 15.592481 48.762177 36.909786
v 68.219711 46.238182 15.163647
v 65.642937 40.436001 14.597678
v 71.896286 55.080933 15.427876
v 75.414711 62.622662 15.710055
v 81.109413 74.314728 16.508286
v 85.474937 82.169975 18.143463
v 49.433830 40.725292 13.233997
v 34.328072 52.947449 15.832147
v 34.250042 53.622334 13.889106
v 34.655102 52.825459 12.739686
v 35.348309 41.066441 13.566868
v 29.170652 41.301922 13.601038
v 19.375710 41.260681 13.942568
v 17.801630 46.222111 14.011756
v 18.624121 40.845692 14.769127
v 17.428310 46.185223 15.675146
v 18.205881 40.987743 15.778707
v 16.694921 40.875652 18.843218
v 16.570311 41.023743 34.988716
v 16.599241 40.972286 34.811947
v 16.620590 40.934315 36.909786
v 80.259392 84.184441 17.780876
v 83.239830 84.013451 18.360306
v 79.422714 84.343269 18.320475
v 79.424042 84.688850 19.363674
v 80.187302 84.931725 20.953974
v 80.245720 84.763176 23.836355
v 80.286674 84.797935 34.052212
v 80.306755 84.815002 36.909782
v 85.212502 83.414680 18.720995
v 81.093903 84.804169 19.342644
v 82.544678 84.679001 19.970276
v 85.150322 83.808067 19.957335
v 84.422661 84.420883 22.841074
v 82.536186 85.045982 21.851866
v 81.756706 89.789474 21.868551
v 78.417801 90.956093 22.274702
v 77.517433 91.591698 31.168083
v 86.814781 88.603966 22.278584
v 87.307030 88.038902 25.069994
v 85.393661 83.897057 25.421486
v 86.178085 82.990776 23.040615
v 86.063393 82.808464 20.130646
v 86.159729 83.164452 25.364883
v 85.675880 83.741760 28.202682
v 86.062553 82.621742 28.186344
v 87.305313 87.976677 27.949104
v 85.496391 83.865997 36.909782
v 86.093262 82.709167 36.909782
v 87.314201 88.007591 36.909782
v 81.282341 73.808479 28.529676
v 81.357971 73.948502 36.909786
v 87.890709 97.032341 25.076733
v 87.923210 97.017632 29.213621
v 87.376900 97.199043 23.481783
v 83.233727 97.720383 22.852413
v 80.956253 98.547890 23.214373
v 79.970924 98.676178 32.052631
v 87.096916 101.234901 25.712553
v 87.038422 101.505302 29.758192
v 86.843262 101.074501 24.695282
v 84.579575 101.339897 23.836514
v 82.569801 101.845398 24.524483
v 82.312126 102.032501 31.973543
v 80.031204 98.786041 36.909782
v 82.423271 102.102104 36.909782
v 77.517181 91.578560 36.909782
v 84.876945 102.606400 25.827724
v 82.967583 102.338097 25.989082
v 82.980827 102.348503 26.236183
v 83.168594 102.451500 32.059555
v 85.400284 102.652702 30.830114
v 85.648560 102.541100 36.909782
v 87.039513 101.511002 36.909782
v 83.633896 102.617302 36.909782
v 87.903221 97.225029 36.909782
v 53.736874 45.746384 53.187340
v 53.482391 45.876125 41.532139
v 27.115492 49.262043 41.030285
v 27.358580 49.243263 54.731258
v 33.829960 51.443333 57.097466
v 52.953979 46.801624 55.050484
v 19.903090 49.674965 40.120705
v 18.840601 49.645535 54.952469
v 28.583771 53.077255 58.010757
v 27.802399 53.885704 58.941048
v 17.843121 47.962845 57.908638
v 18.028082 48.157578 60.214027
v 27.541920 53.990479 60.618156
v 19.683710 46.490692 60.621975
v 28.067280 52.760777 61.174919
v 15.546021 48.719246 40.650967
v 15.226860 48.327564 54.994205
v 59.504589 54.441856 52.251064
v 59.436001 54.416000 40.558220
v 57.165112 57.336376 55.575264
v 53.878246 56.543491 57.632145
v 52.209118 48.029713 57.644279
v 52.341961 48.099442 59.223335
v 52.726051 56.754082 60.451157
v 54.958679 54.336185 61.394814
v 53.076881 48.173782 60.506485
v 62.931820 46.559586 59.817654
v 64.696037 52.692265 60.041439
v 61.957123 58.618603 51.893227
v 61.908413 58.601349 40.275028
v 67.727501 58.748058 59.930416
v 59.140331 62.434586 61.499290
v 57.118263 63.284527 59.897087
v 57.617382 62.720104 57.694954
v 59.893795 61.771446 55.377438
v 72.100128 65.889740 59.241066
v 65.138664 68.980583 60.360996
v 63.484463 69.859177 58.373856
v 64.008041 69.444435 56.468788
v 65.285637 68.512772 54.502007
v 67.219627 66.991920 51.482784
v 67.193016 67.072853 40.082909
v 78.501007 76.036697 58.008717
v 74.850349 78.911804 58.135284
v 73.622185 79.713928 56.916626
v 73.460075 79.663361 55.292347
v 73.992104 78.969421 53.476482
v 74.746178 77.871880 51.069565
v 74.717796 77.953384 39.677364
v 83.251427 82.724228 56.778442
v 79.174217 83.044510 57.184330
v 78.673912 83.920990 56.093975
v 78.499130 84.247177 54.881367
v 79.041359 84.175201 49.554813
v 79.332375 83.988098 47.231052
v 79.312820 83.971527 39.940113
v 65.642937 40.435993 59.221909
v 68.219711 46.238186 58.655930
v 71.896286 55.080936 58.391697
v 75.414711 62.622665 58.109520
v 81.109413 74.314735 57.311295
v 85.474937 82.169983 55.676105
v 49.433830 40.725296 60.585587
v 34.328072 52.947453 57.987431
v 34.250042 53.622337 59.930466
v 34.655102 52.825462 61.079899
v 29.170652 41.301914 60.218540
v 35.348309 41.066444 60.252708
v 19.375710 41.260674 59.877007
v 17.801630 46.222115 59.807816
v 18.624121 40.845684 59.050453
v 17.428310 46.185215 58.144417
v 18.205881 40.987747 58.040867
v 16.694921 40.875656 54.976364
v 16.570311 41.023743 38.830856
v 16.599241 40.972286 39.007626
v 83.239830 84.013458 55.459263
v 80.259392 84.184448 56.038696
v 79.422714 84.343277 55.499104
v 79.424042 84.688858 54.455894
v 80.187302 84.931725 49.752193
v 80.245720 84.763176 46.869816
v 80.286674 84.797935 39.767353
v 85.212502 83.414688 55.098564
v 81.093903 84.804176 54.476921
v 82.544678 84.679008 50.735882
v 85.150322 83.808075 50.748825
v 84.422661 84.420883 47.865086
v 82.536186 85.045982 48.854301
v 81.756706 89.789474 48.837612
v 78.417801 90.956093 48.431454
v 77.517433 91.591698 42.651482
v 86.814781 88.603966 48.427570
v 87.307030 88.038902 45.636173
v 85.393661 83.897057 45.284683
v 86.178085 82.990761 47.665543
v 86.063393 82.808472 50.575512
v 86.159729 83.164452 45.341274
v 86.062553 82.621742 45.633224
v 85.675880 83.741776 45.616886
v 87.305313 87.976677 42.757053
v 81.282341 73.808479 45.289894
v 87.923210 97.017632 44.605946
v 87.890709 97.032341 45.629425
v 87.376900 97.199043 47.224384
v 83.233727 97.720383 47.853745
v 80.956253 98.547890 47.491783
v 79.970924 98.676178 41.766933
v 87.038422 101.505302 44.061363
v 87.096916 101.234901 44.993603
v 86.843262 101.074501 46.010872
v 84.579575 101.339897 46.869644
v 82.569801 101.845398 46.181683
v 82.312126 102.032501 41.846024
v 84.876945 102.606400 44.878433
v 82.967583 102.338097 44.717075
v 82.980827 102.348503 44.469975
v 83.168594 102.451500 41.760025
v 85.400284 102.652702 42.989445
v 27.115492 49.262035 -37.006096
v 27.358580 49.243259 -23.305124
v 53.736874 45.746380 -24.849045
v 53.482391 45.876118 -36.504242
v 33.829960 51.443329 -20.938913
v 52.953979 46.801620 -22.985903
v 19.903090 49.674957 -37.915665
v 18.840601 49.645531 -23.083925
v 28.583771 53.077251 -20.025623
v 27.802399 53.885712 -19.095333
v 17.843121 47.962841 -20.127745
v 18.028082 48.157574 -17.822353
v 27.541920 53.990475 -17.418224
v 19.683710 46.490688 -17.414404
v 28.067280 52.760773 -16.861464
v 15.546021 48.719238 -37.385414
v 15.226860 48.327560 -23.042164
v 59.504589 54.441849 -25.785313
v 59.436001 54.415993 -37.478165
v 57.165112 57.336372 -22.461115
v 53.878246 56.543488 -20.404234
v 52.209118 48.029709 -20.392105
v 52.341961 48.099438 -18.813044
v 52.726051 56.754078 -17.585224
v 54.958679 54.336182 -16.641554
v 53.076881 48.173779 -17.529884
v 62.931820 46.559582 -18.218723
v 64.696037 52.692261 -17.994944
v 61.957123 58.618595 -26.143166
v 61.908413 58.601341 -37.761353
v 67.727501 58.748055 -18.105965
v 59.140331 62.434582 -16.537104
v 57.118263 63.284523 -18.139296
v 57.617382 62.720100 -20.341425
v 59.893795 61.771442 -22.658945
v 72.100128 65.889732 -18.795326
v 65.138664 68.980576 -17.675386
v 63.484463 69.859169 -19.662525
v 64.008041 69.444427 -21.567606
v 65.285637 68.512764 -23.534386
v 67.219627 66.991913 -26.553595
v 67.193016 67.072853 -37.953465
v 78.501007 76.036690 -20.027676
v 74.850349 78.911797 -19.901096
v 73.622185 79.713921 -21.119755
v 73.460075 79.663353 -22.744038
v 73.992104 78.969414 -24.559896
v 74.746178 77.871872 -26.966827
v 74.717796 77.953384 -38.359016
v 83.251427 82.724220 -21.257925
v 79.174217 83.044502 -20.852036
v 78.673912 83.920982 -21.942417
v 78.499130 84.247169 -23.155025
v 79.041359 84.175201 -25.368156
v 79.332375 83.988098 -27.691916
v 79.312820 83.971527 -38.096268
v 79.291306 83.953270 -41.126598
v 74.703445 77.932640 -41.126598
v 67.176537 67.048996 -41.126595
v 61.892750 58.574821 -41.126595
v 59.419014 54.387234 -41.126595
v 53.442024 45.881817 -41.126595
v 27.099390 49.263287 -41.126595
v 19.884230 49.674957 -41.126595
v 15.592481 48.762169 -41.126595
v 65.642937 40.436001 -18.814486
v 68.219711 46.238182 -19.380455
v 71.896286 55.080933 -19.644684
v 75.414711 62.622662 -19.926865
v 81.109413 74.314728 -20.725096
v 85.474937 82.169975 -22.360277
v 49.433830 40.725292 -17.450804
v 34.328072 52.947449 -20.048954
v 34.250042 53.622334 -18.105913
v 34.655102 52.825459 -16.956493
v 29.170652 41.301922 -17.817844
v 35.348309 41.066441 -17.783674
v 19.375710 41.260681 -18.159374
v 17.801630 46.222111 -18.228563
v 18.624121 40.845692 -18.985933
v 17.428310 46.185223 -19.891954
v 18.205881 40.987743 -19.995514
v 16.694921 40.875652 -23.060024
v 16.570311 41.023735 -39.205524
v 16.599241 40.972279 -39.028755
v 16.620590 40.934307 -41.126595
v 83.239830 84.013451 -22.577116
v 80.259392 84.184441 -21.997686
v 79.422714 84.343269 -22.537287
v 79.424042 84.688850 -23.580486
v 80.187302 84.931725 -25.170786
v 80.245720 84.763176 -28.053165
v 80.286674 84.797935 -38.269028
v 80.306755 84.815002 -41.126598
v 85.212502 83.414680 -22.937807
v 81.093903 84.804169 -23.559456
v 82.544678 84.679001 -24.187086
v 85.150322 83.808067 -24.174145
v 84.422661 84.420883 -27.057886
v 82.536186 85.045982 -26.068676
v 81.756706 89.789474 -26.085369
v 78.417801 90.956093 -26.491518
v 77.517433 91.591698 -35.384899
v 86.814781 88.603966 -26.495398
v 87.307030 88.038902 -29.286808
v 85.393661 83.897057 -29.638296
v 86.178085 82.990776 -27.257425
v 86.063393 82.808464 -24.347456
v 86.159729 83.164452 -29.581696
v 86.062553 82.621742 -32.403156
v 85.675880 83.741760 -32.419498
v 87.305313 87.976677 -32.165916
v 86.093262 82.709167 -41.126598
v 85.496391 83.865997 -41.126598
v 87.314201 88.007591 -41.126598
v 81.282341 73.808479 -32.746487
v 81.357971 73.948502 -41.126595
v 87.923210 97.017632 -33.430439
v 87.890709 97.032341 -29.293547
v 87.376900 97.199043 -27.698599
v 83.233727 97.720383 -27.069227
v 80.956253 98.547890 -27.431189
v 79.970924 98.676178 -36.269447
v 87.038422 101.505302 -33.975010
v 87.096916 101.234901 -29.929369
v 86.843262 101.074501 -28.912086
v 84.579575 101.339897 -28.053328
v 82.569801 101.845398 -28.741299
v 82.312126 102.032501 -36.190357
v 82.423271 102.102104 -41.126598
v 80.031204 98.786041 -41.126598
v 77.517181 91.578560 -41.126598
v 84.876945 102.606400 -30.044538
v 82.967583 102.338097 -30.205898
v 82.980827 102.348503 -30.452999
v 83.168594 102.451500 -36.276371
v 85.400284 102.652702 -35.046928
v 87.039513 101.511002 -41.126598
v 85.648560 102.541100 -41.126598
v 83.633896 102.617302 -41.126598
v 87.903221 97.225029 -41.126598
v 53.736874 45.746376 -57.404144
v 27.358580 49.243256 -58.948063
v 27.115492 49.262035 -45.247093
v 53.482391 45.876118 -45.748947
v 52.953979 46.801617 -59.267296
v 33.829960 51.443325 -61.314262
v 18.840601 49.645527 -59.169273
v 19.903090 49.674957 -44.337513
v 28.583771 53.077248 -62.227562
v 27.802399 53.885696 -63.157852
v 17.843121 47.962837 -62.125443
v 27.541920 53.990471 -64.834961
v 18.028082 48.157570 -64.430832
v 28.067280 52.760769 -65.391724
v 19.683710 46.490685 -64.838783
v 15.226860 48.327557 -59.211002
v 15.546021 48.719238 -44.867775
v 59.436001 54.415993 -44.775024
v 59.504589 54.441849 -56.467865
v 57.165112 57.336369 -59.792076
v 53.878246 56.543484 -61.848942
v 52.209118 48.029705 -61.861084
v 52.726051 56.754074 -64.667969
v 52.341961 48.099434 -63.440147
v 54.958679 54.336178 -65.611618
v 53.076881 48.173775 -64.723282
v 64.696037 52.692257 -64.258247
v 62.931820 46.559578 -64.034447
v 61.908413 58.601341 -44.491837
v 61.957123 58.618595 -56.110031
v 59.140331 62.434578 -65.716095
v 67.727501 58.748051 -64.147232
v 57.118263 63.284519 -64.113899
v 57.617382 62.720097 -61.911766
v 59.893795 61.771439 -59.594242
v 65.138664 68.980568 -64.577812
v 72.100128 65.889725 -63.457870
v 63.484463 69.859161 -62.590668
v 64.008041 69.444420 -60.685593
v 65.285637 68.512756 -58.718803
v 67.219627 66.991905 -55.699585
v 67.193016 67.072853 -44.299713
v 74.850349 78.911789 -62.352097
v 78.501007 76.036682 -62.225529
v 73.622185 79.713913 -61.133438
v 73.460075 79.663345 -59.509159
v 73.992104 78.969406 -57.693302
v 74.746178 77.871864 -55.286366
v 74.717796 77.953384 -43.894180
v 79.174217 83.044495 -61.401150
v 83.251427 82.724213 -60.995258
v 78.673912 83.920975 -60.310787
v 78.499130 84.247162 -59.098179
v 79.041359 84.175194 -53.771626
v 79.332375 83.988091 -51.447865
v 79.312820 83.971527 -44.156929
v 68.219711 46.238178 -62.872734
v 65.642937 40.435986 -63.438713
v 71.896286 55.080929 -62.608505
v 75.414711 62.622658 -62.326324
v 81.109413 74.314720 -61.528091
v 85.474937 82.169968 -59.892918
v 49.433830 40.725288 -64.802391
v 34.328072 52.947445 -62.204235
v 34.250042 53.622330 -64.147278
v 34.655102 52.825455 -65.296707
v 29.170652 41.301907 -64.435341
v 35.348309 41.066437 -64.469513
v 19.375710 41.260666 -64.093803
v 18.624121 40.845676 -63.267254
v 17.801630 46.222107 -64.024620
v 18.205881 40.987740 -62.257675
v 17.428310 46.185207 -62.361221
v 16.694921 40.875648 -59.193161
v 16.570311 41.023735 -43.047665
v 16.599241 40.972279 -43.224434
v 80.259392 84.184433 -60.255508
v 83.239830 84.013443 -59.676075
v 79.422714 84.343262 -59.715919
v 79.424042 84.688843 -58.672707
v 80.187302 84.931717 -53.968998
v 80.245720 84.763168 -51.086628
v 80.286674 84.797935 -43.984169
v 85.212502 83.414673 -59.315376
v 81.093903 84.804161 -58.693741
v 82.544678 84.678993 -54.952702
v 85.150322 83.808060 -54.965641
v 82.536186 85.045975 -53.071121
v 84.422661 84.420876 -52.081886
v 78.417801 90.956085 -52.648258
v 81.756706 89.789467 -53.054428
v 77.517433 91.591698 -46.868298
v 86.814781 88.603958 -52.644382
v 87.307030 88.038902 -49.852985
v 85.393661 83.897057 -49.501499
v 86.178085 82.990753 -51.882359
v 86.063393 82.808456 -54.792332
v 86.159729 83.164452 -49.558090
v 85.675880 83.741776 -49.833698
v 86.062553 82.621742 -49.850040
v 87.305313 87.976677 -46.973866
v 81.282341 73.808479 -49.506702
v 87.923210 97.017632 -48.822758
v 87.890709 97.032341 -49.846241
v 87.376900 97.199036 -51.441200
v 83.233727 97.720375 -52.070545
v 80.956253 98.547882 -51.708595
v 79.970924 98.676178 -45.983749
v 87.096916 101.234901 -49.210419
v 87.038422 101.505302 -48.278179
v 86.843262 101.074501 -50.227688
v 84.579575 101.339890 -51.086460
v 82.569801 101.845398 -50.398499
v 82.312126 102.032501 -46.062840
v 82.967583 102.338097 -48.933887
v 84.876945 102.606400 -49.095249
v 83.168594 102.451500 -45.976841
v 82.980827 102.348503 -48.686787
v 85.400284 102.652702 -47.206257
v 255.412018 57.520641 25.057316
v 255.412018 57.520638 -29.419804
v 252.278732 69.214172 -29.419806
v 252.278732 69.214172 25.057314
v -167.065109 35.173737 -29.419802
v -167.065109 35.173740 25.057318
v -167.065109 47.279770 25.057316
v -167.065109 47.279766 -29.419804
vn 0.9786 0.2050 0.0176
vn 0.9998 -0.0037 0.0189
vn 0.9581 0.2849 0.0304
vn 0.9496 0.3128 0.0194
vn 0.7783 -0.6279 -0.0000
vn 0.9874 -0.1581 -0.0000
vn 0.9917 -0.1275 0.0190
vn 0.8042 -0.5941 0.0179
vn 0.2605 0.2496 0.9326
vn 0.5981 -0.1848 0.7799
vn 0.4417 -0.4150 0.7954
vn 0.3024 0.3410 0.8901
vn 0.0710 0.9975 -0.0000
vn 0.0424 0.9991 -0.0000
vn 0.0416 0.9991 0.0105
vn 0.0830 0.9965 0.0108
vn 0.9796 0.1721 0.1039
vn 0.9534 0.2778 0.1175
vn 0.8306 0.5554 0.0410
vn 0.9729 -0.2168 0.0810
vn -0.7819 0.2389 -0.5758
vn -0.9892 -0.1464 -0.0099
vn -0.9378 -0.1737 0.3007
vn -0.6763 0.1151 0.7275
vn 0.9272 0.1990 0.3172
vn 0.7483 -0.6566 0.0948
vn 0.6794 -0.6581 0.3244
vn 0.1441 0.1053 0.9839
vn 0.0936 0.1350 0.9864
vn 0.1167 -0.2447 0.9626
vn 0.1582 -0.1839 0.9701
vn -0.8590 0.4293 0.2790
vn -0.8993 0.3866 0.2045
vn -0.7069 -0.6112 0.3559
vn -0.7674 -0.6404 -0.0311
vn 0.1800 0.0694 0.9812
vn 0.1603 0.5176 0.8405
vn 0.0852 0.5880 0.8044
vn -0.0049 0.7706 0.6373
vn 0.0107 0.5611 0.8277
vn 0.0335 0.6013 0.7983
vn 0.0134 0.7895 0.6136
vn -0.7930 0.5781 -0.1923
vn -0.9788 -0.0932 0.1825
vn -0.9628 -0.1377 0.2326
vn -0.8577 0.3310 -0.3934
vn 0.7397 -0.6728 0.0140
vn 0.7341 -0.6787 0.0222
vn 0.7363 -0.6761 0.0279
vn 0.7487 -0.6629 0.0100
vn -0.1219 0.9880 0.0947
vn -0.0931 0.9921 0.0842
vn -0.0908 0.9937 0.0661
vn -0.1263 0.9893 0.0734
vn -0.4289 0.7402 0.5179
vn -0.2434 0.7875 0.5662
vn -0.2406 0.9426 0.2314
vn -0.4250 0.8721 0.2424
vn 0.2266 0.4607 0.8581
vn 0.3861 0.5006 0.7748
vn 0.1989 0.0329 0.9795
vn -0.9693 -0.1850 0.1620
vn -0.9292 0.3328 0.1607
vn -0.6903 -0.6897 -0.2185
vn -0.7124 -0.5663 -0.4144
vn -0.2907 -0.9568 -0.0000
vn -0.6361 -0.7716 -0.0000
vn -0.6897 -0.7209 0.0682
vn -0.1839 -0.9828 0.0180
vn 0.6902 0.2164 0.6905
vn 0.4098 0.1396 0.9014
vn 0.3759 -0.1041 0.9208
vn 0.6475 0.0782 0.7580
vn 0.7743 -0.5333 0.3407
vn 0.9009 -0.4181 0.1166
vn 0.8891 0.2157 0.4038
vn -0.9821 -0.0807 0.1702
vn -0.8025 0.5802 0.1392
vn -0.8022 0.5806 0.1396
vn 0.5443 -0.8388 0.0157
vn 0.5680 -0.8230 -0.0000
vn -0.1152 0.3545 0.9279
vn -0.1049 0.3869 0.9161
vn -0.1976 0.4912 0.8483
vn -0.2270 0.4563 0.8604
vn -0.1926 -0.0106 0.9812
vn -0.2340 -0.0730 0.9695
vn -0.2174 -0.0206 0.9759
vn -0.2485 -0.0126 0.9685
vn 0.6659 -0.6186 0.4170
vn 0.6833 -0.2890 0.6705
vn 0.3603 -0.2443 0.9003
vn 0.4415 -0.4871 0.7535
vn 0.9970 0.0447 0.0639
vn 0.9979 0.0485 0.0437
vn 0.9901 0.1324 0.0457
vn 0.9853 0.1576 0.0655
vn -0.3353 0.7071 0.6226
vn -0.1926 0.8494 0.4914
vn -0.0665 0.6280 0.7754
vn -0.1662 0.5853 0.7936
vn 0.2785 0.0114 0.9604
vn 0.4128 -0.0119 0.9107
vn -0.6844 0.7115 0.1592
vn -0.9621 0.1481 0.2289
vn -0.8591 0.0836 0.5049
vn -0.5841 0.7054 0.4015
vn -0.6898 -0.6994 0.1873
vn -0.5621 -0.7599 0.3266
vn -0.8998 -0.2175 0.3783
vn -0.8693 0.4362 0.2323
vn 0.3885 0.8968 0.2119
vn 0.4154 0.8764 0.2437
vn 0.3893 0.9157 0.0994
vn 0.3790 0.9220 0.0786
vn 0.0290 0.4722 0.8810
vn 0.0759 0.7018 0.7084
vn 0.0680 0.4970 0.8651
vn 0.0705 0.4772 0.8760
vn 0.0178 0.4806 0.8768
vn 0.0222 0.4892 0.8719
vn 0.0333 0.7780 0.6274
vn -0.3454 0.0317 0.9379
vn -0.6018 -0.0576 0.7966
vn -0.4491 0.5896 0.6713
vn -0.2599 0.5037 0.8239
vn -0.7965 0.5884 0.1394
vn -0.7226 0.6874 0.0736
vn -0.5923 0.8040 0.0525
vn -0.6284 0.7722 0.0941
vn -0.2107 0.5678 0.7957
vn -0.1120 0.4511 0.8854
vn 0.4939 -0.6613 0.5646
vn 0.1407 0.9893 0.0380
vn 0.0537 0.9977 0.0405
vn 0.0472 0.9967 0.0654
vn 0.1296 0.9885 0.0775
vn 0.0254 0.8193 0.5727
vn 0.0217 0.9992 0.0322
vn 0.0163 0.9996 0.0227
vn 0.1057 0.9760 0.1902
vn 0.1567 -0.2377 0.9586
vn 0.2406 0.1420 0.9602
vn 0.2399 -0.2840 0.9283
vn -0.0073 -0.0848 0.9964
vn -0.0270 -0.0668 0.9974
vn -0.0034 0.2488 0.9685
vn -0.0067 0.2197 0.9755
vn 0.3197 0.3782 0.8688
vn 0.0957 0.8358 0.5406
vn 0.2727 0.6569 0.7030
vn 0.0395 0.8248 0.5640
vn 0.0361 0.9988 0.0342
vn 0.2656 0.1245 0.9560
vn 0.7498 -0.0183 0.6614
vn -0.1498 0.9873 0.0534
vn -0.2013 0.9782 0.0516
vn -0.1632 0.9847 0.0608
vn -0.1206 0.9904 0.0671
vn -0.2930 -0.9546 0.0540
vn -0.3028 -0.9511 0.0612
vn -0.6578 -0.7429 0.1240
vn -0.6300 -0.7687 0.1104
vn -0.9890 -0.1069 0.1024
vn -0.9233 0.3641 0.1223
vn -0.9289 0.3566 0.0997
vn -0.9902 -0.0703 0.1205
vn 0.1530 -0.5888 0.7937
vn -0.0243 -0.6504 0.7592
vn -0.0104 0.5946 0.8040
vn -0.0344 0.5997 0.7995
vn -0.4703 0.8783 0.0864
vn -0.2677 0.9612 0.0665
vn -0.3166 0.9468 0.0573
vn -0.5266 0.8481 0.0580
vn 0.7499 0.6616 -0.0000
vn 0.8148 0.5797 -0.0000
vn 0.8391 0.5440 0.0097
vn 0.7766 0.6300 -0.0015
vn 0.7720 -0.6339 0.0462
vn 0.9883 -0.1497 0.0296
vn -0.6513 -0.2273 0.7240
vn 0.1049 -0.2326 0.9669
vn 0.0919 -0.1249 0.9879
vn -0.5847 -0.2762 0.7628
vn 0.7432 0.6689 0.0138
vn 0.9458 -0.3243 0.0177
vn 0.9452 -0.3266 0.0047
vn 0.7412 0.6713 0.0029
vn 0.7386 -0.6741 0.0064
vn 0.7050 -0.6509 -0.2817
vn 0.7294 -0.6832 0.0342
vn 0.9418 -0.3350 0.0268
vn 0.9375 -0.3450 0.0457
vn 0.2672 -0.7649 0.5861
vn 0.1598 0.4515 0.8779
vn 0.4839 0.4017 0.7775
vn 0.4137 0.3289 0.8489
vn 0.6889 0.2873 0.6655
vn 0.6727 0.4973 0.5479
vn -0.2404 -0.4923 0.8366
vn -0.4508 -0.3920 0.8019
vn 0.1709 0.0413 0.9844
vn 0.0405 0.6234 0.7809
vn 0.0817 0.9962 0.0293
vn -0.6819 -0.7193 0.1329
vn -0.6626 -0.7346 0.1463
vn -0.9298 -0.1333 0.3431
vn -0.7732 -0.3812 -0.5067
vn 0.0192 0.9998 0.0083
vn 0.0196 0.9996 0.0190
vn 0.0390 0.9990 0.0225
vn -0.3026 -0.9506 0.0690
vn -0.6474 -0.7516 0.1261
vn -0.7752 0.5705 0.2711
vn -0.9559 -0.1494 0.2527
vn -0.9796 -0.0543 0.1934
vn -0.7666 0.6146 0.1858
vn 0.1035 -0.1850 0.9773
vn -0.1529 0.9598 0.2353
vn -0.1530 0.9801 0.1263
vn -0.2525 0.9585 0.1323
vn -0.7713 -0.3049 -0.5587
vn -0.6897 -0.2658 0.6736
vn -0.1114 0.6533 0.7488
vn -0.0666 0.7126 0.6984
vn -0.0754 0.8253 0.5596
vn -0.1601 0.8147 0.5574
vn -0.7699 -0.5607 -0.3047
vn -0.7952 0.4076 0.4489
vn 0.0276 0.1119 0.9933
vn -0.0760 0.0680 0.9948
vn 0.0159 -0.1318 0.9912
vn -0.9142 0.3520 0.2007
vn -0.4125 0.9035 0.1161
vn -0.6485 0.6407 0.4110
vn -0.9488 -0.2072 0.2382
vn -0.8089 -0.0959 0.5801
vn -0.9681 0.1054 0.2272
vn -0.9360 0.0751 0.3439
vn -0.5633 -0.7692 -0.3016
vn -0.7183 0.6842 -0.1262
vn 0.0567 0.0625 0.9964
vn -0.2516 -0.5754 0.7782
vn 0.7101 0.7024 0.0478
vn 0.7495 0.6616 0.0225
vn 0.9982 -0.0474 0.0356
vn 0.9969 -0.0205 0.0761
vn -0.8444 -0.5071 0.1729
vn -0.8382 -0.5076 0.1994
vn -0.6535 0.7407 0.1561
vn -0.6513 0.7472 0.1327
vn 0.9981 0.0589 0.0185
vn 0.9981 0.0624 -0.0000
vn 0.9848 0.1738 -0.0000
vn 0.9879 0.1543 0.0128
vn -0.2347 -0.3109 0.9210
vn -0.2032 -0.5440 0.8141
vn -0.2057 -0.6982 0.6857
vn -0.3049 -0.4565 0.8358
vn -0.9807 -0.1440 0.1324
vn -0.2416 0.6560 0.7150
vn -0.4703 0.5126 0.7184
vn -0.5173 0.2913 0.8047
vn -0.2944 0.2896 0.9108
vn -0.6672 -0.7280 0.1575
vn 0.9270 -0.3706 0.0580
vn 0.5458 -0.8367 0.0453
vn 0.6600 -0.7503 0.0390
vn 0.9689 -0.2444 0.0379
vn 0.1359 0.9904 0.0235
vn 0.1756 0.9835 -0.0435
vn 0.8525 -0.0229 0.5222
vn 0.8218 -0.0293 0.5690
vn 0.4662 -0.0062 0.8847
vn 0.0556 -0.5325 0.8446
vn -0.0685 0.6630 0.7455
vn -0.0917 0.2644 0.9600
vn 0.1862 -0.5521 0.8127
vn -0.3166 -0.1685 0.9335
vn -0.2816 0.2085 0.9366
vn 0.0019 0.6201 0.7845
vn -0.0136 0.7653 0.6435
vn -0.0137 0.7773 0.6290
vn 0.0079 0.5967 0.8024
vn 0.1267 -0.0881 0.9880
vn 0.0490 0.2360 0.9705
vn -0.6693 0.7142 0.2049
vn -0.7702 0.6196 0.1514
vn 0.7331 -0.6792 0.0362
vn 0.6661 0.5519 0.5017
vn 0.4227 0.5588 0.7135
vn -0.7332 0.4609 0.5000
vn -0.7549 0.2294 0.6144
vn -0.9795 -0.0688 0.1893
vn -0.7903 0.5970 0.1378
vn -0.0529 0.7518 0.6572
vn -0.0481 0.7699 0.6364
vn -0.0792 0.7663 0.6376
vn -0.0929 0.7721 0.6287
vn 0.3231 0.5357 -0.7801
vn 0.7193 0.6624 -0.2095
vn 0.7741 0.3220 -0.5451
vn 0.3429 0.3719 -0.8626
vn 0.6717 0.0543 0.7389
vn -0.2254 0.3422 0.9122
vn -0.1677 0.4094 0.8968
vn 0.2360 0.5911 0.7713
vn 0.2613 0.6428 0.7201
vn 0.1153 0.4622 0.8793
vn 0.0888 0.4084 0.9085
vn -0.0000 0.5981 0.8014
vn 0.0084 0.8151 0.5793
vn 0.0085 0.8204 0.5717
vn -0.0021 0.5947 0.8039
vn 0.2857 0.9544 0.0865
vn 0.1836 -0.1582 0.9702
vn 0.2444 -0.2001 0.9488
vn 0.9667 0.2556 0.0106
vn 0.9255 -0.3781 0.0208
vn 0.8121 -0.2878 -0.5076
vn -0.0901 0.9699 0.2262
vn -0.1816 0.9466 0.2664
vn -0.1161 0.9859 0.1206
vn 0.7382 0.6740 0.0285
vn 0.8025 0.5950 0.0446
vn -0.0294 0.5452 0.8378
vn -0.0068 0.6990 0.7151
vn 0.1454 -0.2547 0.9560
vn -0.1164 0.9865 0.1150
vn -0.1005 0.9888 0.1100
vn -0.0992 0.9928 0.0677
vn -0.1156 0.9908 0.0706
vn -0.3208 -0.9460 0.0471
vn -0.6669 -0.7335 0.1314
vn -0.0200 0.9680 0.2503
vn -0.0210 0.9929 0.1172
vn -0.0662 0.9895 0.1286
vn -0.0455 0.9640 0.2621
vn -0.2818 -0.9486 0.1438
vn -0.2379 -0.9343 0.2654
vn -0.4071 -0.7155 0.5677
vn -0.7765 0.0189 -0.6299
vn -0.8802 -0.0897 0.4661
vn -0.8628 -0.0034 0.5056
vn -0.7983 -0.2560 -0.5452
vn -0.0913 0.7118 0.6964
vn -0.1310 0.3207 0.9381
vn -0.6887 0.7186 0.0964
vn -0.9771 0.1530 0.1480
vn 0.7704 0.5966 0.2249
vn -0.0022 0.5932 0.8050
vn -0.0060 0.5914 0.8063
vn -0.0036 0.6018 0.7986
vn 0.0004 0.5995 0.8004
vn -0.0039 0.7372 0.6757
vn -0.0000 0.6265 0.7795
vn 0.0486 0.4172 0.9075
vn 0.0287 0.3079 0.9510
vn -0.0074 -0.5920 0.8059
vn -0.0097 -0.6299 0.7766
vn -0.1249 0.0568 0.9905
vn -0.0555 0.0878 0.9946
vn 0.2178 0.2877 0.9326
vn -0.1600 0.6497 0.7432
vn -0.1692 0.3075 0.9364
vn 0.2678 -0.5414 0.7970
vn -0.0546 0.5879 0.8071
vn -0.0474 0.0218 0.9986
vn 0.4928 -0.4917 0.7179
vn -0.9799 0.0037 0.1996
vn -0.5182 -0.4820 0.7065
vn -0.6179 -0.6618 0.4244
vn -0.7209 0.5614 0.4064
vn -0.4963 0.5230 0.6929
vn -0.7162 -0.6875 0.1203
vn 0.9360 0.3121 -0.1630
vn 0.7200 0.6939 0.0082
vn -0.4008 0.6027 0.6900
vn -0.2540 0.5273 0.8108
vn -0.2976 0.4610 0.8360
vn -0.2080 -0.8465 0.4901
vn -0.2236 -0.4293 0.8751
vn -0.2642 -0.6279 0.7321
vn -0.0712 0.9968 0.0356
vn -0.1058 0.9927 0.0585
vn -0.1408 0.9887 0.0520
vn -0.1291 0.9903 0.0505
vn -0.8147 -0.5315 0.2321
vn -0.8138 -0.0958 0.5732
vn -0.6644 0.5949 0.4524
vn 0.2754 0.6868 0.6726
vn -0.4546 0.8796 0.1404
vn -0.1614 0.1573 0.9743
vn 0.7230 0.6908 0.0073
vn 0.4043 0.9145 0.0174
vn 0.1089 0.9938 0.0230
vn 0.4956 0.8678 0.0358
vn 0.3339 0.6640 0.6690
vn 0.1438 0.9103 0.3882
vn 0.9924 -0.0612 0.1065
vn 0.9808 -0.1069 0.1629
vn -0.7723 -0.6058 0.1913
vn -0.7666 -0.6058 0.2128
vn -0.6759 -0.7132 0.1855
vn -0.7964 0.4628 -0.3892
vn -0.8842 -0.2063 0.4190
vn -0.8205 0.2613 -0.5084
vn -0.0259 0.6043 0.7963
vn 0.9318 -0.3623 -0.0221
vn 0.5179 -0.8554 -0.0119
vn 0.9998 -0.0155 0.0142
vn 0.9323 0.3616 0.0032
vn -0.9468 -0.2604 0.1889
vn -0.8737 -0.3783 0.3058
vn 0.5130 -0.6310 0.5820
vn 0.6866 -0.2087 0.6964
vn -0.0306 -0.1135 0.9931
vn -0.0467 -0.7681 0.6386
vn 0.2787 -0.0145 0.9603
vn 0.2382 0.0560 0.9696
vn 0.0206 0.9960 0.0872
vn 0.0218 0.9663 0.2563
vn 0.0440 0.9836 0.1749
vn -0.9181 0.3384 0.2065
vn -0.0161 0.7461 0.6656
vn 0.2334 0.0252 0.9721
vn 0.2656 -0.0294 0.9636
vn 0.5085 0.3572 0.7834
vn 0.5525 0.1484 0.8202
vn 0.3348 0.7384 0.5854
vn 0.1350 0.5668 0.8127
vn 0.3250 0.5409 0.7758
vn 0.6045 0.6914 0.3956
vn 0.1272 0.9715 0.1999
vn 0.0012 -0.5640 0.8258
vn -0.0090 -0.5889 0.8082
vn -0.1285 0.9894 0.0683
vn 0.1484 -0.9213 0.3594
vn 0.1194 -0.9382 0.3249
vn 0.1282 -0.9908 -0.0441
vn 0.1426 -0.9881 -0.0578
vn -0.4031 0.9087 0.1083
vn -0.9587 -0.2738 0.0767
vn -0.9603 -0.2287 0.1599
vn 0.9843 0.1766 0.0038
vn 0.9757 0.2189 0.0095
vn 0.0136 0.4912 0.8709
vn -0.6197 0.6723 0.4049
vn 0.6458 -0.2949 0.7043
vn 0.3616 -0.4899 0.7933
vn -0.2139 0.0178 0.9767
vn -0.1792 0.4245 0.8875
vn -0.5712 -0.2424 0.7842
vn -0.5893 0.2087 0.7805
vn 0.0193 -0.9997 -0.0179
vn 0.0239 -0.9997 -0.0000
vn 0.3550 -0.8832 0.3064
vn -0.2141 0.9469 0.2400
vn -0.2946 0.9455 0.1387
vn -0.2366 0.9097 0.3412
vn -0.9847 -0.1321 0.1139
vn -0.9801 -0.1986 -0.0000
vn -0.9888 -0.1495 -0.0000
vn -0.9931 -0.0441 0.1090
vn -0.5693 0.8152 0.1062
vn -0.9337 -0.2708 0.2341
vn -0.0114 0.5948 0.8038
vn 0.7393 -0.6734 0.0041
vn -0.2260 0.7392 0.6344
vn -0.3937 0.7623 0.5137
vn 0.9982 0.0513 0.0311
vn 0.9888 0.1467 0.0271
vn 0.2289 -0.1860 0.9555
vn 0.0275 0.3582 0.9332
vn 0.1381 0.9872 0.0798
vn 0.7847 -0.6153 0.0756
vn -0.1204 0.9680 0.2200
vn -0.1017 0.9673 0.2324
vn 0.3848 0.9216 0.0515
vn -0.7054 -0.1260 0.6976
vn -0.0903 0.9900 0.1087
vn -0.0863 0.9692 0.2308
vn -0.9840 -0.0884 0.1549
vn -0.2056 0.6774 0.7063
vn -0.1262 0.5516 0.8245
vn -0.5782 -0.0114 0.8158
vn 0.9073 -0.4200 0.0185
vn 0.2891 -0.5551 0.7799
vn 0.1264 0.0032 0.9920
vn 0.0952 0.0027 0.9955
vn 0.1312 -0.1328 0.9824
vn 0.9115 -0.3323 0.2425
vn -0.7386 0.0899 0.6682
vn -0.0855 -0.0357 0.9957
vn -0.0282 0.2695 0.9626
vn 0.1554 0.9878 -0.0000
vn 0.0566 0.9984 -0.0000
vn 0.0662 -0.7117 0.6994
vn 0.0259 -0.6437 0.7649
vn 0.0082 0.8212 0.5706
vn -0.1229 0.9909 0.0552
vn -0.1020 0.9923 0.0707
vn -0.9392 -0.2080 0.2731
vn -0.6469 -0.7181 0.2568
vn -0.7452 -0.6152 0.2573
vn 0.3695 -0.4011 0.8382
vn 0.7554 0.6553 -0.0000
vn -0.4426 0.8898 0.1113
vn -0.2761 0.7863 0.5528
vn -0.3063 0.6682 0.6780
vn 0.0022 0.3611 0.9325
vn 0.0020 0.3530 0.9356
vn -0.1552 0.9851 0.0739
vn 0.2211 0.0202 0.9750
vn -0.2612 0.9616 0.0837
vn -0.1003 -0.9945 0.0288
vn -0.1264 -0.9915 0.0317
vn -0.0708 0.9946 0.0765
vn -0.0665 0.9969 0.0413
vn -0.1256 0.9908 0.0509
vn -0.1046 0.9897 0.0975
vn -0.9621 -0.1744 0.2098
vn 0.9918 0.1279 -0.0000
vn 0.9821 0.1881 -0.0000
vn -0.0830 0.9572 0.2772
vn -0.1816 0.4030 0.8970
vn -0.2238 0.4025 0.8876
vn 0.1349 0.0628 0.9889
vn -0.9918 -0.0597 0.1132
vn -0.9996 -0.0294 -0.0000
vn -0.9952 -0.0983 -0.0000
vn 0.5893 0.5491 0.5926
vn -0.2239 0.9714 0.0792
vn -0.3067 0.9494 0.0676
vn 0.9971 -0.0526 0.0554
vn 0.9986 -0.0514 0.0122
vn 0.8554 0.5170 0.0320
vn 0.8305 0.5546 0.0524
vn -0.2988 0.1244 0.9462
vn -0.0064 0.6453 0.7639
vn -0.0005 0.8054 0.5927
vn -0.0498 0.8308 0.5544
vn 0.5345 -0.5183 0.6675
vn 0.1111 -0.9513 0.2874
vn -0.8928 0.1131 0.4361
vn -0.7327 -0.4464 -0.5136
vn -0.0238 0.7636 0.6452
vn -0.0418 0.6855 0.7269
vn -0.6532 0.7500 0.1044
vn 0.7286 -0.6727 0.1293
vn -0.1091 -0.5471 0.8299
vn -0.2682 -0.9607 0.0720
vn 0.0870 0.8601 0.5026
vn 0.1119 0.6828 0.7220
vn 0.0980 0.5233 0.8465
vn 0.1950 0.7745 0.6018
vn 0.8991 0.4351 0.0473
vn 0.8408 0.5375 0.0638
vn 0.9628 -0.2702 -0.0000
vn 0.1893 0.0513 0.9806
vn -0.2609 0.9654 -0.0000
vn -0.3190 0.9477 0.0082
vn -0.3234 0.9455 0.0378
vn -0.2557 0.9660 0.0388
vn -0.1771 0.7698 0.6132
vn -0.1039 0.7510 0.6520
vn -0.1480 0.7890 0.5963
vn -0.1184 -0.9928 0.0186
vn 0.4522 0.8481 0.2761
vn 0.3796 0.8411 0.3852
vn 0.3691 0.8171 0.4428
vn -0.2265 -0.9608 0.1598
vn 0.0093 0.9946 0.1031
vn 0.0008 0.9642 0.2651
vn 0.0015 0.9963 0.0862
vn -0.0070 0.9973 0.0729
vn -0.9333 0.3491 0.0842
vn -0.9711 0.1895 0.1449
vn -0.2092 -0.3306 0.9203
vn 0.5828 -0.3071 0.7524
vn 0.5473 -0.2063 0.8111
vn -0.1336 0.9910 -0.0000
vn 0.9968 0.0766 0.0237
vn 0.7172 -0.6942 -0.0615
vn 0.6987 -0.7150 0.0246
vn 0.7156 0.1727 0.6768
vn 0.7455 -0.3544 0.5645
vn -0.9849 -0.1007 0.1410
vn -0.0837 0.9956 0.0425
vn -0.0691 0.7847 0.6160
vn 0.2355 0.0993 0.9668
vn -0.5693 -0.1195 0.8134
vn -0.5611 -0.7411 0.3687
vn 0.0326 -0.9994 -0.0137
vn 0.9722 0.2342 -0.0000
vn 0.9430 -0.3328 -0.0000
vn 0.0573 0.4189 0.9062
vn -0.2946 0.5751 0.7632
vn -0.3583 0.5178 0.7768
vn -0.5738 0.0347 0.8182
vn -0.8443 0.4860 0.2258
vn -0.0492 0.7854 0.6170
vn -0.7575 0.6086 0.2362
vn -0.7199 0.4676 0.5129
vn -0.0927 0.9903 0.1039
vn 0.0249 0.8917 0.4519
vn 0.9937 0.0834 0.0750
vn -0.8916 0.4304 0.1407
vn 0.0141 0.9997 0.0175
vn -0.3081 -0.0547 0.9498
vn -0.9057 0.4191 0.0643
vn 0.0348 0.7625 0.6460
vn 0.0332 0.9987 0.0394
vn 0.0044 0.9993 0.0371
vn -0.0121 0.7670 0.6416
vn -0.0104 0.6187 0.7856
vn -0.1111 0.7888 0.6046
vn 0.2691 0.9330 0.2391
vn -0.2239 -0.0736 0.9718
vn -0.6690 -0.4540 0.5886
vn -0.1069 0.9921 0.0650
vn 0.8182 -0.5737 0.0363
vn -0.5167 -0.1923 0.8343
vn -0.0029 0.9992 0.0390
vn 0.6751 0.2209 -0.7039
vn -0.9858 -0.0876 0.1436
vn -0.1193 0.9905 0.0680
vn -0.0359 -0.9993 -0.0052
vn -0.0192 -0.9998 0.0016
vn 0.2445 -0.9474 0.2067
vn 0.2531 -0.4652 0.8483
vn -0.0216 0.6973 0.7164
vn 0.7054 -0.3206 0.6321
vn 0.5275 -0.7048 0.4743
vn 0.6834 0.5207 -0.5117
vn -0.7446 -0.2745 0.6085
vn -0.7257 -0.0747 0.6839
vn 0.2812 -0.3986 0.8730
vn -0.6740 -0.0324 0.7380
vn -0.8111 -0.0147 -0.5847
vn 0.8582 0.5125 0.0298
vn -0.5552 -0.6377 0.5339
vn 0.0121 0.9999 0.0063
vn 0.5353 -0.5401 0.6494
vn 0.0257 0.2172 0.9758
vn 0.2002 -0.3223 0.9252
vn 0.5288 -0.1399 0.8371
vn 0.4130 0.9107 -0.0000
vn 0.3986 0.9171 -0.0000
vn -0.7796 0.6263 -0.0000
vn -0.6353 0.7723 -0.0000
vn -0.9595 -0.2149 0.1819
vn -0.9945 0.0020 0.1047
vn -0.6772 -0.7336 0.0572
vn -0.9029 0.4008 0.1553
vn -0.9320 0.3245 0.1617
vn -0.4626 0.8820 0.0897
vn -0.4729 0.8771 0.0836
vn 0.5607 -0.5117 0.6510
vn 0.5105 0.1784 0.8411
vn 0.5519 0.2770 0.7866
vn 0.0537 -0.9986 -0.0000
vn -0.0034 -1.0000 -0.0000
vn 0.0047 -1.0000 -0.0000
vn -0.8270 -0.2041 -0.5239
vn -0.6215 -0.1604 0.7668
vn -0.4729 0.8746 0.1074
vn -0.6939 -0.4696 0.5458
vn -0.7135 -0.6151 0.3355
vn -0.4400 -0.3155 0.8408
vn -0.6536 -0.7566 0.0193
vn 0.8237 0.5442 0.1592
vn -0.7164 0.6968 0.0342
vn 0.7464 -0.6655 -0.0000
vn 0.6087 0.1898 0.7703
vn -0.2347 -0.9543 0.1849
vn -0.0163 -0.9999 0.0004
vn -0.7293 0.6557 0.1954
vn -0.9134 -0.0199 0.4066
vn -0.9785 -0.1447 0.1471
vn -0.4382 0.8570 0.2711
vn -0.2426 0.9636 0.1119
vn -0.7647 0.1531 0.6259
vn 0.3188 0.7143 0.6231
vn -0.8042 0.5754 -0.1489
vn -0.5183 0.8552 -0.0000
vn -0.9051 0.4253 -0.0000
vn -0.9785 0.1929 0.0736
vn 0.7419 0.6705 -0.0000
vn 0.0089 1.0000 -0.0000
vn 0.0063 1.0000 -0.0000
vn 0.0219 0.9998 -0.0000
vn 0.7309 -0.6738 -0.1084
vn 0.7532 0.5783 0.3136
vn 0.6604 0.2175 0.7187
vn 0.6793 -0.5813 -0.4480
vn -0.3659 0.8608 0.3538
vn -0.2517 0.9119 0.3242
vn -0.7698 -0.0582 -0.6356
vn -0.4555 0.1388 -0.8794
vn 0.6411 -0.5264 -0.5585
vn 0.6741 0.0198 0.7384
vn -0.4656 0.3984 -0.7902
vn -0.2742 0.8019 0.5308
vn 0.4300 -0.7865 -0.4434
vn 0.3746 -0.5027 0.7791
vn -0.7962 -0.2179 -0.5645
vn -0.8284 -0.1917 0.5262
vn -0.3622 0.9320 -0.0129
vn -0.9287 -0.3639 -0.0711
vn 0.8732 -0.4766 0.1019
vn 0.6226 0.7825 0.0046
vn -0.6902 0.7236 -0.0000
vn -0.6998 -0.7143 -0.0000
vn 0.8444 -0.5357 -0.0000
vn 0.5569 0.8306 -0.0000
vn -0.2812 -0.9571 0.0701
vn -0.2710 -0.9597 0.0748
vn -0.2575 -0.9632 0.0773
vn -0.5490 -0.7689 -0.3277
vn -0.6754 0.5931 -0.4383
vn -0.5428 0.4108 0.7326
vn -0.4338 -0.6587 0.6147
vn -0.5770 -0.7557 0.3098
vn -0.6330 -0.7560 0.1665
vn -0.6498 -0.7600 -0.0133
vn -0.4927 -0.6056 -0.6249
vn -0.6260 0.5281 -0.5739
vn -0.8038 0.5949 -0.0018
vn -0.3293 -0.6551 0.6800
vn -0.4602 0.5557 0.6924
vn -0.8005 0.5836 0.1367
vn -0.7536 0.5811 0.3073
vn -0.2565 0.9612 0.1016
vn -0.3498 0.5458 0.7614
vn -0.2897 -0.4540 0.8426
vn -0.1372 -0.7630 -0.6317
vn -0.3955 0.6827 -0.6144
vn -0.2481 0.9664 0.0677
vn -0.2783 0.9578 0.0712
vn -0.0088 -1.0000 0.0022
vn -0.0503 -0.9987 0.0037
vn -0.0212 -0.9998 0.0060
vn -0.0719 -0.9700 0.2324
vn -0.6311 0.7042 0.3253
vn -0.4132 0.5590 0.7189
vn -0.3479 -0.6554 0.6704
vn -0.5584 -0.5230 -0.6439
vn -0.5230 0.5731 -0.6309
vn -0.7323 0.6809 0.0123
vn -0.7226 0.6588 0.2094
vn -0.7479 -0.6609 0.0625
vn -0.7274 -0.6823 -0.0732
vn -0.7164 -0.6592 0.2286
vn -0.6336 -0.6908 0.3483
vn -0.6164 -0.7265 0.3036
vn -0.6127 -0.7870 -0.0726
vn -0.7113 -0.5545 -0.4320
vn -0.6528 0.6638 0.3650
vn -0.6713 0.4442 0.5934
vn -0.7218 -0.1252 -0.6806
vn -0.7063 0.1048 -0.7001
vn -0.7205 0.3331 -0.6082
vn -0.7223 0.4933 -0.4847
vn -0.7125 -0.3125 -0.6282
vn -0.6581 0.2433 0.7125
vn -0.6717 -0.4678 0.5745
vn -0.6615 0.0769 0.7460
vn -0.6793 -0.1438 0.7196
vn -0.6235 -0.3264 0.7104
vn -0.6517 0.7569 0.0489
vn -0.7202 0.6487 -0.2460
vn -0.9717 -0.1979 0.1288
vn -0.9737 -0.2064 0.0970
vn -0.9900 -0.1413 -0.0033
vn -0.9744 0.1796 0.1351
vn -0.9722 0.1175 0.2026
vn -0.9934 -0.0423 -0.1066
vn -0.9954 0.0061 -0.0954
vn -0.9934 0.0685 -0.0919
vn -0.9928 0.0988 -0.0676
vn -0.9938 -0.0487 -0.0998
vn -0.9673 0.0434 0.2500
vn -0.9661 -0.1350 0.2203
vn -0.9660 0.0211 0.2579
vn -0.9661 -0.0962 0.2395
vn -0.9603 -0.1327 0.2453
vn -0.9753 0.1914 0.1099
vn -0.9859 0.1637 0.0336
vn -0.9506 -0.2721 0.1492
vn -0.9568 -0.2791 0.0820
vn -0.9841 -0.1735 -0.0384
vn -0.9584 0.2365 0.1600
vn -0.9615 0.1455 0.2333
vn -0.9885 -0.0468 -0.1440
vn -0.9898 0.0164 -0.1417
vn -0.9881 0.0879 -0.1261
vn -0.9875 0.1268 -0.0935
vn -0.9888 -0.0652 -0.1346
vn -0.9578 0.0583 0.2815
vn -0.9562 -0.1589 0.2459
vn -0.9576 0.0257 0.2868
vn -0.9591 -0.0964 0.2663
vn -0.9479 -0.1462 0.2829
vn -0.9589 0.2616 0.1101
vn -0.9782 0.2073 0.0116
vn -0.9960 -0.0192 0.0872
vn -0.6837 0.4963 -0.5351
vn -0.6809 0.6588 -0.3199
vn -0.7061 -0.6436 -0.2953
vn -0.7171 -0.4688 -0.5158
vn -0.7249 -0.2734 -0.6323
vn -0.7272 0.3044 -0.6153
vn -0.6661 0.7447 0.0408
vn -0.6340 0.6509 0.4176
vn -0.6233 0.0431 0.7808
vn -0.6248 -0.2755 0.7306
vn -0.7201 0.1307 -0.6815
vn -0.7308 -0.0452 -0.6811
vn -0.6339 -0.4957 0.5937
vn -0.6318 -0.6895 0.3542
vn -0.6512 -0.7583 0.0294
vn -0.6488 0.4006 0.6470
vn -0.9923 0.1190 -0.0337
vn -0.9922 0.1240 -0.0134
vn -0.9889 -0.1376 0.0558
vn -0.9959 -0.0883 -0.0216
vn -0.9980 -0.0414 -0.0482
vn -0.9954 0.0798 -0.0530
vn -0.9864 0.1354 0.0935
vn -0.9746 0.1408 0.1742
vn -0.9645 -0.0386 0.2614
vn -0.9609 -0.1008 0.2577
vn -0.9970 0.0347 -0.0694
vn -0.9978 0.0124 -0.0656
vn -0.9628 -0.1358 0.2338
vn -0.9704 -0.1598 0.1810
vn -0.9757 -0.1732 0.1345
vn -0.9733 0.0808 0.2146
vn -0.9875 0.1437 -0.0655
vn -0.9841 0.1740 -0.0357
vn -0.9834 -0.1781 0.0358
vn -0.9927 -0.1105 -0.0481
vn -0.9953 -0.0535 -0.0811
vn -0.9928 0.0928 -0.0762
vn -0.9750 0.1989 0.0993
vn -0.9613 0.1929 0.1966
vn -0.9476 -0.0277 0.3182
vn -0.9472 -0.1134 0.3000
vn -0.9945 0.0393 -0.0975
vn -0.9953 0.0086 -0.0967
vn -0.9504 -0.1646 0.2641
vn -0.9562 -0.2138 0.2000
vn -0.9657 -0.2264 0.1272
vn -0.9594 0.1081 0.2606
vn -0.9943 -0.0104 0.1063
vn 0.3089 0.9511 -0.0000
vn 0.3366 0.9416 -0.0000
vn -0.9495 -0.3139 -0.0000
vn -0.9220 0.3871 -0.0000
vn 0.0203 0.9998 -0.0000
vn -0.9691 0.2467 -0.0000
vn -0.0950 0.9955 -0.0000
vn -0.1137 0.9935 -0.0000
vn -0.1114 0.9938 -0.0000
vn -0.9984 -0.0569 -0.0000
vn -0.1449 0.9894 -0.0000
vn -0.7257 -0.6880 -0.0000
vn -0.7442 0.6679 -0.0000
vn 0.1045 -0.9945 -0.0000
vn -0.3186 0.9479 -0.0000
vn 0.8176 0.5758 -0.0000
vn 0.7763 -0.6304 -0.0000
vn 0.0146 -0.7246 0.6890
vn 0.0129 -0.9999 -0.0000
vn -0.0678 -0.9977 -0.0000
vn -0.9643 0.2649 -0.0000
vn -0.2022 0.9793 -0.0000
vn -0.1537 0.9881 -0.0000
vn -0.1441 0.9896 -0.0000
vn 0.7157 -0.6984 -0.0000
vn -0.0809 -0.9966 0.0160
vn -0.1319 -0.9913 -0.0000
vn -0.0635 0.9980 -0.0000
vn -0.3613 -0.6574 0.6613
vn -0.6382 -0.4281 0.6398
vn 0.2761 -0.6860 0.6731
vn 0.1056 -0.7292 0.6761
vn 0.6751 -0.3298 0.6599
vn 0.5357 -0.5280 0.6590
vn 0.3808 -0.6154 0.6901
vn -0.1058 -0.7405 0.6636
vn 0.6968 -0.2000 0.6888
vn 0.7454 -0.2345 0.6241
vn -0.6908 -0.2713 0.6703
vn -0.9593 -0.1545 0.2362
vn -0.8139 -0.2136 0.5403
vn -0.9736 -0.1647 0.1581
vn -0.4488 -0.2162 0.8671
vn -0.2807 -0.2417 0.9289
vn -0.2014 -0.2335 0.9513
vn -0.1721 -0.3520 0.9201
vn -0.9911 -0.0950 0.0929
vn -1.0000 -0.0000 -0.0000
vn 0.1683 -0.7180 0.6754
vn -0.0392 -0.7326 0.6795
vn -0.7101 -0.1901 0.6780
vn -0.7140 -0.0538 0.6981
vn 0.6252 -0.4186 0.6587
vn 0.3962 -0.6281 0.6697
vn 0.7061 -0.0971 0.7014
vn -0.7010 -0.0336 0.7123
vn -0.2448 -0.9330 0.2639
vn -0.2792 -0.6915 0.6662
vn -0.5843 -0.4882 0.6483
vn 0.0757 -0.9971 -0.0000
vn 0.0397 -0.9992 -0.0000
vn 0.0212 -0.7092 0.7047
vn 0.0295 -0.9996 0.0038
vn -0.0239 -0.9997 -0.0035
vn 0.0646 -0.9978 0.0175
vn 0.0001 -1.0000 -0.0000
vn 0.7348 -0.3432 0.5850
vn 0.4505 -0.6362 0.6263
vn 0.8336 -0.0126 0.5522
vn 0.7027 -0.7040 -0.1027
vn 0.7088 -0.2467 -0.6609
vn 0.7849 -0.6156 0.0705
vn 0.7969 -0.6024 0.0447
vn 0.5681 0.6785 0.4657
vn 0.3892 0.7139 0.5821
vn 0.5712 0.5496 0.6097
vn 0.7038 0.1450 0.6954
vn 0.8524 0.5217 0.0360
vn 0.8087 0.5863 0.0481
vn 0.7245 -0.6320 0.2753
vn 0.4485 0.7970 -0.4045
vn 0.4974 0.4207 -0.7587
vn 0.4375 -0.6702 0.5995
vn 0.5824 0.8047 0.1153
vn 0.3437 0.0666 0.9367
vn 0.8562 0.5166 0.0022
vn 0.6487 0.7495 0.1318
vn 0.9733 0.1904 0.1284
vn 0.9887 -0.0445 0.1434
vn 0.8809 -0.4198 0.2186
vn 0.6618 -0.7122 0.2340
vn 0.1654 -0.4642 0.8701
vn 0.6289 0.7388 0.2424
vn 0.7408 0.6354 0.2180
vn 0.4611 0.8871 -0.0222
vn 0.7055 0.7059 0.0629
vn 0.6448 -0.6696 0.3687
vn 0.7776 -0.5761 0.2519
vn 0.6713 -0.7392 0.0544
vn 0.6718 -0.7399 0.0345
vn 0.9303 -0.1901 0.3136
vn 0.7228 -0.0021 0.6910
vn 0.7173 -0.0021 0.6967
vn 0.7246 0.0026 -0.6892
vn 0.7181 0.0026 -0.6959
vn 0.8987 0.2908 0.3283
vn 0.7149 0.6986 0.0304
vn 0.5379 0.7773 -0.3264
vn 0.9098 0.3537 -0.2173
vn 0.9982 0.0043 -0.0605
vn 0.9994 -0.0205 -0.0289
vn 0.9820 -0.1420 -0.1242
vn 0.8256 -0.5450 -0.1463
vn 0.5023 0.8615 -0.0738
vn 0.4285 0.8844 -0.1850
vn 0.5400 0.8412 -0.0282
vn 0.5703 0.8206 0.0372
vn 0.4995 -0.8446 -0.1925
vn 0.4876 -0.8731 -0.0002
vn 0.5622 -0.8261 0.0381
vn 0.5427 -0.8394 0.0283
vn 0.4257 -0.6654 0.6132
vn 0.7139 -0.0021 0.7002
vn 0.6865 0.2322 0.6890
vn 0.4077 0.6647 0.6260
vn 0.5388 0.8417 0.0353
vn 0.7646 0.0027 -0.6445
vn 0.6983 -0.1873 0.6909
vn 0.7255 0.0372 0.6872
vn 0.5841 0.2859 0.7596
vn 0.6771 0.1374 0.7229
vn 0.6974 -0.0256 0.7162
vn 0.6550 -0.1942 0.7303
vn 0.8215 -0.2648 0.5050
vn 0.8475 -0.0370 0.5295
vn 0.8625 0.1758 0.4745
vn 0.8152 0.3787 0.4383
vn 0.9689 -0.2422 0.0507
vn 0.9629 -0.2651 0.0504
vn 0.9583 0.2815 0.0501
vn 0.9487 0.3124 0.0496
vn 0.9975 0.0475 0.0522
vn 0.0122 0.9999 -0.0000
vn -0.3191 0.9477 -0.0000
vn 0.9543 -0.1983 0.2238
vn 0.9496 0.2778 0.1453
vn 0.9836 0.0320 0.1773
vn 0.7455 0.0107 -0.6664
vn 0.6844 0.0098 0.7290
vn 0.7027 -0.0134 0.7114
vn 0.6998 -0.0218 -0.7140
vn 0.6925 0.0414 -0.7203
vn -0.0000 -0.0000 -1.0000
vn -0.0000 -0.0000 1.0000
vn 0.6957 0.0332 0.7176
vn 0.6925 0.0414 -0.7202
vn 0.7420 0.0263 -0.6699
vn 0.6806 0.0241 0.7322
vn 0.7109 0.0122 0.7032
vn 0.7082 0.0036 -0.7060
vn 0.6909 0.0455 -0.7215
vn 0.6941 0.0373 0.7189
vn 0.7420 0.0264 -0.6699
vn 0.6910 0.0455 -0.7214
vn 0.9581 0.2849 -0.0304
vn 0.9998 -0.0037 -0.0189
vn 0.9786 0.2050 -0.0176
vn 0.9496 0.3128 -0.0194
vn 0.9917 -0.1275 -0.0190
vn 0.8042 -0.5941 -0.0182
vn 0.4417 -0.4150 -0.7954
vn 0.5981 -0.1848 -0.7798
vn 0.2605 0.2496 -0.9326
vn 0.3024 0.3410 -0.8901
vn 0.0416 0.9991 -0.0105
vn 0.0830 0.9965 -0.0108
vn 0.9796 0.1721 -0.1039
vn 0.9729 -0.2168 -0.0810
vn 0.8306 0.5554 -0.0410
vn 0.9534 0.2778 -0.1175
vn -0.7819 0.2389 0.5758
vn -0.6764 0.1151 -0.7275
vn -0.9378 -0.1737 -0.3006
vn -0.9892 -0.1464 0.0099
vn 0.9272 0.1990 -0.3172
vn 0.6794 -0.6581 -0.3244
vn 0.7483 -0.6566 -0.0948
vn 0.1441 0.1053 -0.9839
vn 0.1582 -0.1839 -0.9701
vn 0.1167 -0.2447 -0.9626
vn 0.0936 0.1350 -0.9864
vn -0.8590 0.4293 -0.2790
vn -0.7674 -0.6404 0.0311
vn -0.7069 -0.6112 -0.3559
vn -0.8993 0.3866 -0.2045
vn 0.1800 0.0694 -0.9812
vn 0.0852 0.5880 -0.8044
vn 0.1603 0.5176 -0.8405
vn 0.0335 0.6013 -0.7983
vn 0.0107 0.5611 -0.8277
vn -0.0049 0.7706 -0.6373
vn 0.0134 0.7895 -0.6136
vn -0.7930 0.5781 0.1923
vn -0.8577 0.3310 0.3934
vn -0.9628 -0.1377 -0.2326
vn -0.9788 -0.0933 -0.1825
vn 0.7397 -0.6728 -0.0140
vn 0.7487 -0.6629 -0.0100
vn 0.7363 -0.6761 -0.0279
vn 0.7341 -0.6787 -0.0222
vn -0.1219 0.9880 -0.0947
vn -0.1263 0.9893 -0.0734
vn -0.0909 0.9937 -0.0662
vn -0.0930 0.9921 -0.0842
vn -0.2406 0.9426 -0.2314
vn -0.2434 0.7875 -0.5662
vn -0.4289 0.7402 -0.5179
vn -0.4250 0.8721 -0.2424
vn 0.2266 0.4607 -0.8581
vn 0.1989 0.0329 -0.9795
vn 0.3861 0.5006 -0.7748
vn -0.9693 -0.1850 -0.1620
vn -0.7124 -0.5663 0.4144
vn -0.6903 -0.6897 0.2185
vn -0.9292 0.3328 -0.1607
vn -0.6897 -0.7209 -0.0682
vn -0.1839 -0.9828 -0.0186
vn 0.3759 -0.1041 -0.9208
vn 0.4098 0.1396 -0.9014
vn 0.6902 0.2164 -0.6905
vn 0.6475 0.0782 -0.7580
vn 0.7743 -0.5333 -0.3407
vn 0.8891 0.2157 -0.4038
vn 0.9009 -0.4181 -0.1166
vn -0.8025 0.5802 -0.1392
vn -0.9821 -0.0807 -0.1702
vn -0.8022 0.5806 -0.1396
vn 0.5443 -0.8388 -0.0157
vn -0.1976 0.4912 -0.8483
vn -0.1049 0.3869 -0.9161
vn -0.1152 0.3545 -0.9279
vn -0.2270 0.4563 -0.8604
vn -0.2174 -0.0206 -0.9759
vn -0.2340 -0.0730 -0.9695
vn -0.1926 -0.0106 -0.9812
vn -0.2485 -0.0126 -0.9685
vn 0.6659 -0.6186 -0.4170
vn 0.4415 -0.4871 -0.7535
vn 0.3603 -0.2443 -0.9003
vn 0.6833 -0.2890 -0.6705
vn 0.9970 0.0447 -0.0639
vn 0.9853 0.1576 -0.0655
vn 0.9901 0.1324 -0.0457
vn 0.9979 0.0484 -0.0437
vn -0.3353 0.7071 -0.6226
vn -0.1662 0.5853 -0.7936
vn -0.0665 0.6280 -0.7754
vn -0.1926 0.8494 -0.4914
vn 0.2785 0.0114 -0.9604
vn 0.4128 -0.0119 -0.9107
vn -0.6844 0.7115 -0.1592
vn -0.5841 0.7054 -0.4015
vn -0.8591 0.0836 -0.5049
vn -0.9621 0.1481 -0.2289
vn -0.6898 -0.6993 -0.1873
vn -0.8694 0.4362 -0.2323
vn -0.8998 -0.2175 -0.3783
vn -0.5620 -0.7599 -0.3266
vn 0.3893 0.9157 -0.0994
vn 0.4154 0.8764 -0.2437
vn 0.3885 0.8968 -0.2119
vn 0.3790 0.9220 -0.0786
vn 0.0680 0.4970 -0.8651
vn 0.0759 0.7018 -0.7084
vn 0.0290 0.4722 -0.8810
vn 0.0705 0.4772 -0.8760
vn 0.0178 0.4806 -0.8768
vn 0.0333 0.7780 -0.6274
vn 0.0222 0.4892 -0.8719
vn -0.3454 0.0317 -0.9379
vn -0.2599 0.5037 -0.8239
vn -0.4491 0.5896 -0.6713
vn -0.6018 -0.0576 -0.7966
vn -0.7965 0.5884 -0.1394
vn -0.6284 0.7722 -0.0941
vn -0.5923 0.8040 -0.0525
vn -0.7226 0.6874 -0.0736
vn -0.2107 0.5678 -0.7957
vn -0.1120 0.4511 -0.8854
vn 0.4939 -0.6613 -0.5646
vn 0.1407 0.9893 -0.0380
vn 0.1296 0.9885 -0.0775
vn 0.0472 0.9967 -0.0654
vn 0.0537 0.9977 -0.0405
vn 0.0163 0.9996 -0.0227
vn 0.0217 0.9992 -0.0322
vn 0.0254 0.8193 -0.5727
vn 0.1057 0.9760 -0.1902
vn 0.2406 0.1420 -0.9602
vn 0.1567 -0.2377 -0.9586
vn 0.2399 -0.2840 -0.9283
vn -0.0073 -0.0848 -0.9964
vn -0.0067 0.2197 -0.9755
vn -0.0034 0.2488 -0.9685
vn -0.0270 -0.0668 -0.9974
vn 0.0957 0.8358 -0.5406
vn 0.3197 0.3782 -0.8688
vn 0.2727 0.6569 -0.7030
vn 0.0361 0.9988 -0.0342
vn 0.0395 0.8248 -0.5640
vn 0.2656 0.1245 -0.9560
vn 0.7498 -0.0183 -0.6614
vn -0.1632 0.9847 -0.0608
vn -0.2013 0.9782 -0.0516
vn -0.1498 0.9873 -0.0534
vn -0.1206 0.9904 -0.0671
vn -0.6578 -0.7429 -0.1240
vn -0.3028 -0.9511 -0.0612
vn -0.2930 -0.9546 -0.0540
vn -0.6300 -0.7687 -0.1104
vn -0.9890 -0.1069 -0.1024
vn -0.9902 -0.0703 -0.1205
vn -0.9289 0.3566 -0.0997
vn -0.9233 0.3641 -0.1223
vn 0.1530 -0.5888 -0.7937
vn -0.0344 0.5997 -0.7995
vn -0.0104 0.5946 -0.8040
vn -0.0243 -0.6504 -0.7592
vn -0.3166 0.9468 -0.0573
vn -0.2677 0.9612 -0.0665
vn -0.4703 0.8783 -0.0864
vn -0.5266 0.8481 -0.0580
vn 0.8391 0.5439 -0.0093
vn 0.7766 0.6300 0.0015
vn 0.7720 -0.6339 -0.0462
vn 0.9883 -0.1497 -0.0296
vn -0.6513 -0.2273 -0.7240
vn -0.5847 -0.2762 -0.7628
vn 0.0919 -0.1249 -0.9879
vn 0.1049 -0.2326 -0.9669
vn 0.9452 -0.3266 -0.0047
vn 0.9458 -0.3243 -0.0177
vn 0.7432 0.6689 -0.0138
vn 0.7412 0.6713 -0.0029
vn 0.7386 -0.6741 -0.0064
vn 0.7050 -0.6509 0.2817
vn 0.9418 -0.3351 -0.0268
vn 0.7294 -0.6832 -0.0342
vn 0.9375 -0.3450 -0.0457
vn 0.2672 -0.7649 -0.5861
vn 0.4839 0.4017 -0.7775
vn 0.1598 0.4515 -0.8779
vn 0.6727 0.4973 -0.5479
vn 0.6889 0.2873 -0.6655
vn 0.4137 0.3289 -0.8489
vn 0.1709 0.0413 -0.9844
vn -0.4508 -0.3920 -0.8019
vn -0.2404 -0.4923 -0.8366
vn 0.0405 0.6234 -0.7809
vn 0.0817 0.9962 -0.0293
vn -0.6626 -0.7346 -0.1463
vn -0.6819 -0.7193 -0.1329
vn -0.9298 -0.1333 -0.3431
vn -0.7732 -0.3812 0.5067
vn 0.0196 0.9996 -0.0190
vn 0.0192 0.9998 -0.0083
vn 0.0390 0.9990 -0.0225
vn -0.6474 -0.7516 -0.1261
vn -0.3026 -0.9506 -0.0690
vn -0.7752 0.5705 -0.2711
vn -0.7666 0.6146 -0.1858
vn -0.9796 -0.0543 -0.1934
vn -0.9559 -0.1494 -0.2527
vn 0.1035 -0.1850 -0.9773
vn -0.1530 0.9801 -0.1263
vn -0.1529 0.9598 -0.2353
vn -0.2525 0.9585 -0.1323
vn -0.7713 -0.3050 0.5586
vn -0.6897 -0.2658 -0.6736
vn -0.1114 0.6533 -0.7488
vn -0.1601 0.8147 -0.5574
vn -0.0754 0.8253 -0.5596
vn -0.0666 0.7126 -0.6984
vn -0.7699 -0.5607 0.3047
vn -0.7952 0.4076 -0.4489
vn 0.0276 0.1119 -0.9933
vn 0.0159 -0.1318 -0.9912
vn -0.0760 0.0680 -0.9948
vn -0.9142 0.3520 -0.2007
vn -0.9488 -0.2072 -0.2382
vn -0.6485 0.6407 -0.4110
vn -0.4125 0.9035 -0.1161
vn -0.9681 0.1054 -0.2272
vn -0.8089 -0.0959 -0.5801
vn -0.9360 0.0751 -0.3439
vn -0.7183 0.6842 0.1262
vn -0.5633 -0.7692 0.3016
vn 0.0567 0.0625 -0.9964
vn -0.2516 -0.5754 -0.7782
vn 0.9982 -0.0474 -0.0356
vn 0.7495 0.6616 -0.0225
vn 0.7102 0.7024 -0.0478
vn 0.9969 -0.0205 -0.0761
vn -0.8444 -0.5071 -0.1729
vn -0.6513 0.7472 -0.1327
vn -0.6535 0.7407 -0.1561
vn -0.8382 -0.5077 -0.1994
vn 0.9981 0.0589 -0.0185
vn 0.9879 0.1543 -0.0128
vn -0.2057 -0.6982 -0.6857
vn -0.2032 -0.5440 -0.8141
vn -0.2347 -0.3109 -0.9210
vn -0.3049 -0.4565 -0.8358
vn -0.9807 -0.1440 -0.1324
vn -0.2416 0.6560 -0.7150
vn -0.2944 0.2896 -0.9108
vn -0.5173 0.2913 -0.8047
vn -0.4703 0.5126 -0.7184
vn -0.6672 -0.7280 -0.1575
vn 0.6600 -0.7503 -0.0390
vn 0.5458 -0.8367 -0.0453
vn 0.9270 -0.3706 -0.0580
vn 0.9689 -0.2444 -0.0379
vn 0.1756 0.9835 0.0435
vn 0.1359 0.9904 -0.0235
vn 0.8218 -0.0293 -0.5690
vn 0.8525 -0.0229 -0.5222
vn 0.4662 -0.0062 -0.8846
vn -0.0917 0.2644 -0.9600
vn -0.0685 0.6629 -0.7456
vn 0.0556 -0.5325 -0.8446
vn 0.1862 -0.5521 -0.8127
vn -0.3166 -0.1685 -0.9335
vn -0.2816 0.2085 -0.9366
vn -0.0137 0.7773 -0.6290
vn -0.0136 0.7653 -0.6435
vn 0.0019 0.6201 -0.7845
vn 0.0079 0.5967 -0.8024
vn 0.0490 0.2360 -0.9705
vn 0.1267 -0.0881 -0.9880
vn -0.7702 0.6196 -0.1514
vn -0.6693 0.7142 -0.2049
vn 0.7331 -0.6792 -0.0362
vn 0.4227 0.5588 -0.7135
vn 0.6661 0.5519 -0.5018
vn -0.7332 0.4609 -0.5000
vn -0.9795 -0.0688 -0.1893
vn -0.7549 0.2294 -0.6144
vn -0.7903 0.5970 -0.1378
vn -0.0529 0.7518 -0.6572
vn -0.0929 0.7721 -0.6287
vn -0.0792 0.7663 -0.6376
vn -0.0481 0.7699 -0.6364
vn 0.3231 0.5357 0.7801
vn 0.3429 0.3719 0.8626
vn 0.7741 0.3220 0.5451
vn 0.7193 0.6624 0.2095
vn 0.6717 0.0543 -0.7389
vn -0.1677 0.4094 -0.8968
vn -0.2254 0.3422 -0.9122
vn 0.1153 0.4622 -0.8793
vn 0.2613 0.6428 -0.7201
vn 0.2360 0.5911 -0.7713
vn 0.0888 0.4084 -0.9085
vn -0.0003 0.5981 -0.8014
vn -0.0021 0.5947 -0.8039
vn 0.0085 0.8204 -0.5717
vn 0.0084 0.8151 -0.5793
vn 0.2857 0.9544 -0.0865
vn 0.1836 -0.1582 -0.9702
vn 0.2444 -0.2001 -0.9488
vn 0.8121 -0.2878 0.5076
vn 0.9255 -0.3781 -0.0208
vn 0.9667 0.2556 -0.0106
vn -0.0901 0.9699 -0.2262
vn -0.1161 0.9859 -0.1206
vn -0.1816 0.9466 -0.2664
vn 0.7382 0.6740 -0.0285
vn 0.8025 0.5950 -0.0446
vn -0.0068 0.6990 -0.7151
vn -0.0294 0.5452 -0.8378
vn 0.1454 -0.2547 -0.9560
vn -0.1165 0.9865 -0.1151
vn -0.1156 0.9908 -0.0706
vn -0.0992 0.9928 -0.0677
vn -0.1005 0.9888 -0.1100
vn -0.3208 -0.9460 -0.0471
vn -0.6669 -0.7335 -0.1314
vn -0.0662 0.9895 -0.1286
vn -0.0210 0.9929 -0.1172
vn -0.0200 0.9680 -0.2503
vn -0.0455 0.9640 -0.2621
vn -0.4071 -0.7155 -0.5677
vn -0.2379 -0.9343 -0.2654
vn -0.2818 -0.9486 -0.1438
vn -0.7765 0.0189 0.6299
vn -0.7983 -0.2560 0.5452
vn -0.8628 -0.0034 -0.5056
vn -0.8802 -0.0897 -0.4661
vn -0.0913 0.7118 -0.6964
vn -0.1310 0.3207 -0.9381
vn -0.6887 0.7186 -0.0964
vn -0.9771 0.1530 -0.1480
vn 0.7704 0.5966 -0.2249
vn -0.0036 0.6018 -0.7986
vn -0.0060 0.5914 -0.8063
vn -0.0022 0.5932 -0.8050
vn 0.0004 0.5995 -0.8004
vn -0.0039 0.7372 -0.6757
vn -0.0000 0.6265 -0.7795
vn 0.0287 0.3079 -0.9510
vn 0.0486 0.4172 -0.9075
vn -0.0074 -0.5920 -0.8059
vn -0.0555 0.0878 -0.9946
vn -0.1249 0.0568 -0.9905
vn -0.0097 -0.6299 -0.7766
vn 0.2178 0.2877 -0.9326
vn -0.1692 0.3075 -0.9364
vn -0.1600 0.6497 -0.7432
vn -0.0474 0.0218 -0.9986
vn -0.0546 0.5879 -0.8071
vn 0.2678 -0.5414 -0.7970
vn 0.4928 -0.4917 -0.7179
vn -0.9799 0.0037 -0.1996
vn -0.7209 0.5614 -0.4064
vn -0.6179 -0.6618 -0.4244
vn -0.5182 -0.4820 -0.7065
vn -0.4963 0.5230 -0.6929
vn -0.7162 -0.6875 -0.1203
vn 0.9360 0.3121 0.1630
vn 0.7200 0.6939 -0.0082
vn -0.2540 0.5273 -0.8108
vn -0.4008 0.6026 -0.6900
vn -0.2976 0.4610 -0.8360
vn -0.2080 -0.8465 -0.4901
vn -0.2642 -0.6279 -0.7321
vn -0.2236 -0.4293 -0.8751
vn -0.0712 0.9968 -0.0356
vn -0.1291 0.9903 -0.0505
vn -0.1408 0.9887 -0.0520
vn -0.1058 0.9927 -0.0585
vn -0.8147 -0.5315 -0.2321
vn -0.8138 -0.0958 -0.5732
vn -0.6644 0.5949 -0.4524
vn 0.2754 0.6868 -0.6726
vn -0.4546 0.8796 -0.1404
vn -0.1614 0.1573 -0.9743
vn 0.7230 0.6908 -0.0073
vn 0.1089 0.9938 -0.0230
vn 0.4043 0.9145 -0.0174
vn 0.4957 0.8678 -0.0358
vn 0.1438 0.9103 -0.3882
vn 0.3339 0.6640 -0.6690
vn 0.9808 -0.1069 -0.1629
vn 0.9924 -0.0612 -0.1065
vn -0.7723 -0.6057 -0.1913
vn -0.6760 -0.7132 -0.1855
vn -0.7666 -0.6058 -0.2128
vn -0.8842 -0.2063 -0.4190
vn -0.7964 0.4628 0.3892
vn -0.8205 0.2613 0.5084
vn -0.0259 0.6043 -0.7963
vn 0.9318 -0.3623 0.0221
vn 0.9323 0.3616 -0.0032
vn 0.9998 -0.0155 -0.0142
vn 0.5178 -0.8554 0.0119
vn -0.9468 -0.2604 -0.1889
vn -0.8737 -0.3783 -0.3058
vn 0.5130 -0.6310 -0.5820
vn -0.0467 -0.7681 -0.6386
vn -0.0306 -0.1135 -0.9931
vn 0.6866 -0.2087 -0.6964
vn 0.2382 0.0560 -0.9696
vn 0.2787 -0.0145 -0.9603
vn 0.0206 0.9960 -0.0872
vn 0.0440 0.9836 -0.1749
vn 0.0218 0.9663 -0.2563
vn -0.9181 0.3384 -0.2065
vn -0.0161 0.7461 -0.6656
vn 0.2334 0.0252 -0.9721
vn 0.5525 0.1484 -0.8202
vn 0.5085 0.3572 -0.7835
vn 0.2656 -0.0294 -0.9636
vn 0.3348 0.7384 -0.5854
vn 0.1350 0.5668 -0.8127
vn 0.3250 0.5409 -0.7758
vn 0.6045 0.6914 -0.3956
vn 0.1272 0.9715 -0.1999
vn -0.0090 -0.5889 -0.8082
vn 0.0012 -0.5640 -0.8258
vn -0.1285 0.9894 -0.0683
vn 0.1484 -0.9213 -0.3594
vn 0.1426 -0.9881 0.0578
vn 0.1282 -0.9908 0.0441
vn 0.1194 -0.9382 -0.3249
vn -0.4031 0.9087 -0.1083
vn -0.9603 -0.2287 -0.1599
vn -0.9587 -0.2738 -0.0767
vn 0.9757 0.2189 -0.0095
vn 0.9843 0.1766 -0.0038
vn 0.0136 0.4912 -0.8709
vn -0.6197 0.6723 -0.4049
vn -0.2139 0.0178 -0.9767
vn 0.3616 -0.4899 -0.7932
vn 0.6458 -0.2949 -0.7043
vn -0.1792 0.4245 -0.8875
vn -0.5712 -0.2424 -0.7842
vn -0.5893 0.2087 -0.7805
vn 0.0193 -0.9997 0.0179
vn 0.3550 -0.8832 -0.3064
vn -0.2141 0.9469 -0.2400
vn -0.2366 0.9097 -0.3412
vn -0.2946 0.9455 -0.1387
vn -0.9847 -0.1321 -0.1139
vn -0.9931 -0.0441 -0.1090
vn -0.9337 -0.2708 -0.2341
vn -0.5693 0.8152 -0.1062
vn -0.0114 0.5948 -0.8038
vn 0.7393 -0.6734 -0.0041
vn -0.2260 0.7392 -0.6344
vn -0.3937 0.7623 -0.5137
vn 0.9982 0.0513 -0.0310
vn 0.9888 0.1467 -0.0271
vn 0.2289 -0.1860 -0.9555
vn 0.0275 0.3582 -0.9332
vn 0.1381 0.9872 -0.0798
vn 0.7851 -0.6148 -0.0755
vn -0.1204 0.9680 -0.2200
vn -0.1017 0.9673 -0.2324
vn 0.3848 0.9216 -0.0515
vn -0.7054 -0.1260 -0.6976
vn -0.0903 0.9900 -0.1087
vn -0.0863 0.9692 -0.2308
vn -0.9840 -0.0884 -0.1549
vn -0.1264 0.5517 -0.8244
vn -0.2056 0.6774 -0.7063
vn -0.5782 -0.0114 -0.8158
vn 0.9073 -0.4200 -0.0185
vn 0.2891 -0.5551 -0.7799
vn 0.1264 0.0032 -0.9920
vn 0.1312 -0.1328 -0.9824
vn 0.0952 0.0027 -0.9955
vn 0.9115 -0.3323 -0.2425
vn -0.7386 0.0899 -0.6682
vn -0.0282 0.2695 -0.9626
vn -0.0855 -0.0357 -0.9957
vn 0.0662 -0.7117 -0.6994
vn 0.0259 -0.6437 -0.7649
vn 0.0082 0.8212 -0.5706
vn -0.1229 0.9909 -0.0552
vn -0.1020 0.9923 -0.0707
vn -0.9392 -0.2080 -0.2731
vn -0.7452 -0.6152 -0.2573
vn -0.6469 -0.7181 -0.2568
vn 0.3695 -0.4011 -0.8382
vn -0.4426 0.8898 -0.1113
vn -0.2761 0.7863 -0.5528
vn -0.3063 0.6682 -0.6780
vn 0.0020 0.3530 -0.9356
vn 0.0022 0.3611 -0.9325
vn -0.1552 0.9851 -0.0739
vn 0.2211 0.0202 -0.9750
vn -0.2612 0.9616 -0.0837
vn -0.1264 -0.9915 -0.0317
vn -0.1003 -0.9945 -0.0288
vn -0.0708 0.9946 -0.0765
vn -0.1046 0.9897 -0.0975
vn -0.1256 0.9908 -0.0509
vn -0.0665 0.9969 -0.0413
vn -0.9621 -0.1744 -0.2098
vn -0.0830 0.9572 -0.2772
vn -0.2238 0.4025 -0.8876
vn -0.1816 0.4030 -0.8970
vn 0.1349 0.0628 -0.9889
vn -0.9918 -0.0597 -0.1132
vn 0.5893 0.5491 -0.5926
vn -0.2239 0.9714 -0.0792
vn -0.3067 0.9494 -0.0676
vn 0.9971 -0.0526 -0.0554
vn 0.8305 0.5546 -0.0524
vn 0.8554 0.5170 -0.0320
vn 0.9986 -0.0514 -0.0122
vn -0.2988 0.1244 -0.9462
vn -0.0064 0.6453 -0.7639
vn -0.0005 0.8054 -0.5927
vn -0.0498 0.8308 -0.5544
vn 0.5345 -0.5183 -0.6675
vn 0.1111 -0.9513 -0.2874
vn -0.7327 -0.4464 0.5136
vn -0.8928 0.1131 -0.4361
vn -0.0238 0.7637 -0.6451
vn -0.0418 0.6855 -0.7269
vn -0.6532 0.7500 -0.1044
vn 0.7286 -0.6727 -0.1293
vn -0.1091 -0.5471 -0.8299
vn -0.2682 -0.9607 -0.0720
vn 0.0870 0.8601 -0.5026
vn 0.1950 0.7745 -0.6018
vn 0.0980 0.5233 -0.8465
vn 0.1119 0.6828 -0.7220
vn 0.8408 0.5375 -0.0638
vn 0.8992 0.4351 -0.0467
vn 0.1893 0.0513 -0.9806
vn -0.3234 0.9455 -0.0378
vn -0.3190 0.9477 -0.0082
vn -0.2557 0.9660 -0.0388
vn -0.1480 0.7890 -0.5963
vn -0.1039 0.7510 -0.6520
vn -0.1771 0.7698 -0.6132
vn -0.1184 -0.9928 -0.0186
vn 0.3796 0.8411 -0.3852
vn 0.4522 0.8481 -0.2761
vn 0.3691 0.8171 -0.4428
vn -0.2265 -0.9608 -0.1598
vn 0.0093 0.9946 -0.1031
vn -0.0070 0.9973 -0.0729
vn 0.0015 0.9963 -0.0862
vn 0.0008 0.9642 -0.2651
vn -0.9711 0.1895 -0.1449
vn -0.9333 0.3491 -0.0842
vn 0.5827 -0.3071 -0.7524
vn -0.2092 -0.3306 -0.9203
vn 0.5473 -0.2063 -0.8111
vn 0.9968 0.0766 -0.0237
vn 0.6987 -0.7150 -0.0246
vn 0.7172 -0.6942 0.0615
vn 0.7156 0.1727 -0.6768
vn 0.7455 -0.3544 -0.5645
vn -0.9849 -0.1007 -0.1410
vn -0.0837 0.9956 -0.0425
vn -0.0691 0.7847 -0.6160
vn 0.2355 0.0993 -0.9668
vn -0.5693 -0.1195 -0.8134
vn -0.5611 -0.7411 -0.3687
vn 0.0326 -0.9994 0.0137
vn 0.0573 0.4189 -0.9062
vn -0.3583 0.5178 -0.7768
vn -0.2946 0.5751 -0.7632
vn -0.5738 0.0347 -0.8182
vn -0.8443 0.4860 -0.2258
vn -0.0492 0.7854 -0.6170
vn -0.7199 0.4676 -0.5129
vn -0.7575 0.6086 -0.2362
vn -0.0927 0.9903 -0.1039
vn 0.0249 0.8917 -0.4519
vn 0.9937 0.0834 -0.0750
vn -0.8916 0.4304 -0.1407
vn 0.0141 0.9997 -0.0175
vn -0.3081 -0.0547 -0.9498
vn -0.9057 0.4191 -0.0643
vn 0.0348 0.7625 -0.6460
vn 0.0044 0.9993 -0.0371
vn 0.0332 0.9987 -0.0394
vn -0.0121 0.7670 -0.6416
vn -0.0104 0.6187 -0.7856
vn -0.1111 0.7888 -0.6046
vn 0.2691 0.9330 -0.2391
vn -0.2239 -0.0736 -0.9718
vn -0.6690 -0.4540 -0.5886
vn -0.1069 0.9921 -0.0650
vn 0.8183 -0.5737 -0.0363
vn -0.5167 -0.1923 -0.8343
vn -0.0029 0.9992 -0.0390
vn 0.6751 0.2209 0.7039
vn -0.9858 -0.0876 -0.1436
vn -0.1193 0.9905 -0.0680
vn 0.2445 -0.9474 -0.2067
vn -0.0192 -0.9998 -0.0016
vn -0.0359 -0.9993 0.0052
vn 0.2531 -0.4652 -0.8483
vn -0.0216 0.6973 -0.7164
vn 0.5275 -0.7048 -0.4743
vn 0.7054 -0.3206 -0.6321
vn 0.6834 0.5207 0.5117
vn -0.7446 -0.2745 -0.6085
vn -0.7257 -0.0747 -0.6839
vn 0.2812 -0.3986 -0.8729
vn -0.8111 -0.0147 0.5847
vn -0.6740 -0.0324 -0.7380
vn 0.8582 0.5125 -0.0298
vn -0.5552 -0.6377 -0.5339
vn 0.0121 0.9999 -0.0063
vn 0.5353 -0.5401 -0.6494
vn 0.0257 0.2172 -0.9758
vn 0.2002 -0.3223 -0.9252
vn 0.5288 -0.1399 -0.8372
vn -0.6772 -0.7336 -0.0572
vn -0.9945 0.0020 -0.1047
vn -0.9595 -0.2149 -0.1819
vn -0.4626 0.8820 -0.0897
vn -0.9320 0.3245 -0.1617
vn -0.9029 0.4008 -0.1553
vn -0.4729 0.8771 -0.0836
vn 0.5607 -0.5117 -0.6510
vn 0.5519 0.2770 -0.7866
vn 0.5105 0.1784 -0.8411
vn -0.8270 -0.2041 0.5239
vn -0.6215 -0.1604 -0.7668
vn -0.4729 0.8746 -0.1074
vn -0.6939 -0.4696 -0.5458
vn -0.7135 -0.6151 -0.3355
vn -0.4400 -0.3155 -0.8408
vn -0.6536 -0.7566 -0.0193
vn 0.8237 0.5442 -0.1592
vn -0.7164 0.6968 -0.0342
vn 0.6087 0.1898 -0.7703
vn -0.0163 -0.9999 -0.0004
vn -0.2347 -0.9543 -0.1849
vn -0.7293 0.6557 -0.1954
vn -0.9134 -0.0199 -0.4066
vn -0.9785 -0.1447 -0.1471
vn -0.4382 0.8570 -0.2711
vn -0.2426 0.9636 -0.1119
vn -0.7647 0.1531 -0.6259
vn 0.3188 0.7143 -0.6231
vn -0.8042 0.5754 0.1489
vn -0.9785 0.1929 -0.0736
vn 0.6604 0.2175 -0.7187
vn 0.7532 0.5783 -0.3136
vn 0.7309 -0.6738 0.1084
vn 0.6793 -0.5813 0.4480
vn -0.3659 0.8608 -0.3538
vn -0.4555 0.1388 0.8794
vn -0.7698 -0.0582 0.6356
vn -0.2517 0.9119 -0.3242
vn 0.6411 -0.5264 0.5585
vn 0.6741 0.0198 -0.7384
vn -0.4656 0.3984 0.7902
vn -0.2742 0.8019 -0.5308
vn 0.4300 -0.7864 0.4434
vn 0.3746 -0.5027 -0.7791
vn -0.7962 -0.2179 0.5645
vn -0.8284 -0.1917 -0.5262
vn -0.3622 0.9320 0.0129
vn -0.9287 -0.3639 0.0711
vn 0.6226 0.7825 -0.0046
vn 0.8732 -0.4766 -0.1019
vn -0.2710 -0.9597 -0.0748
vn -0.2812 -0.9571 -0.0701
vn -0.5490 -0.7689 0.3277
vn -0.2575 -0.9632 -0.0773
vn -0.5428 0.4108 -0.7326
vn -0.6754 0.5931 0.4383
vn -0.4338 -0.6587 -0.6147
vn -0.6330 -0.7560 -0.1665
vn -0.5770 -0.7557 -0.3098
vn -0.4927 -0.6056 0.6249
vn -0.6498 -0.7600 0.0133
vn -0.8038 0.5949 0.0018
vn -0.6260 0.5281 0.5738
vn -0.3293 -0.6551 -0.6800
vn -0.4602 0.5557 -0.6924
vn -0.8005 0.5836 -0.1367
vn -0.7536 0.5811 -0.3073
vn -0.3498 0.5458 -0.7614
vn -0.2565 0.9612 -0.1016
vn -0.2897 -0.4540 -0.8426
vn -0.3955 0.6827 0.6144
vn -0.1372 -0.7630 0.6317
vn -0.2481 0.9664 -0.0677
vn -0.2783 0.9579 -0.0712
vn -0.0503 -0.9987 -0.0037
vn -0.0088 -1.0000 -0.0022
vn -0.0212 -0.9998 -0.0060
vn -0.0719 -0.9700 -0.2324
vn -0.4132 0.5590 -0.7189
vn -0.6311 0.7042 -0.3253
vn -0.3479 -0.6554 -0.6704
vn -0.5230 0.5731 0.6309
vn -0.5584 -0.5230 0.6439
vn -0.7323 0.6809 -0.0123
vn -0.7226 0.6588 -0.2094
vn -0.7274 -0.6823 0.0732
vn -0.7479 -0.6609 -0.0625
vn -0.7164 -0.6592 -0.2286
vn -0.6336 -0.6908 -0.3483
vn -0.6127 -0.7870 0.0726
vn -0.6164 -0.7265 -0.3036
vn -0.7113 -0.5545 0.4320
vn -0.6713 0.4442 -0.5934
vn -0.6528 0.6638 -0.3650
vn -0.7063 0.1048 0.7001
vn -0.7218 -0.1252 0.6806
vn -0.7223 0.4933 0.4847
vn -0.7205 0.3331 0.6082
vn -0.7125 -0.3125 0.6282
vn -0.6581 0.2433 -0.7125
vn -0.6717 -0.4678 -0.5745
vn -0.6615 0.0769 -0.7460
vn -0.6793 -0.1438 -0.7196
vn -0.6235 -0.3264 -0.7104
vn -0.6517 0.7569 -0.0489
vn -0.7202 0.6487 0.2460
vn -0.9737 -0.2064 -0.0970
vn -0.9717 -0.1979 -0.1288
vn -0.9900 -0.1413 0.0033
vn -0.9722 0.1175 -0.2026
vn -0.9744 0.1796 -0.1351
vn -0.9954 0.0061 0.0954
vn -0.9934 -0.0423 0.1066
vn -0.9928 0.0988 0.0676
vn -0.9934 0.0685 0.0919
vn -0.9938 -0.0487 0.0998
vn -0.9673 0.0434 -0.2500
vn -0.9661 -0.1350 -0.2203
vn -0.9660 0.0211 -0.2579
vn -0.9661 -0.0962 -0.2395
vn -0.9603 -0.1327 -0.2453
vn -0.9753 0.1914 -0.1099
vn -0.9859 0.1637 -0.0336
vn -0.9568 -0.2791 -0.0820
vn -0.9506 -0.2721 -0.1492
vn -0.9841 -0.1735 0.0384
vn -0.9615 0.1455 -0.2333
vn -0.9584 0.2365 -0.1600
vn -0.9898 0.0164 0.1417
vn -0.9885 -0.0468 0.1440
vn -0.9875 0.1268 0.0935
vn -0.9881 0.0879 0.1261
vn -0.9888 -0.0652 0.1346
vn -0.9578 0.0583 -0.2815
vn -0.9562 -0.1589 -0.2459
vn -0.9576 0.0257 -0.2868
vn -0.9591 -0.0964 -0.2663
vn -0.9479 -0.1462 -0.2829
vn -0.9589 0.2616 -0.1101
vn -0.9782 0.2073 -0.0116
vn -0.9960 -0.0192 -0.0872
vn -0.6809 0.6588 0.3199
vn -0.6837 0.4963 0.5351
vn -0.7171 -0.4688 0.5158
vn -0.7061 -0.6436 0.2953
vn -0.7248 -0.2735 0.6323
vn -0.7272 0.3044 0.6152
vn -0.6340 0.6509 -0.4176
vn -0.6661 0.7447 -0.0408
vn -0.6247 -0.2755 -0.7306
vn -0.6233 0.0431 -0.7808
vn -0.7201 0.1307 0.6815
vn -0.7308 -0.0452 0.6811
vn -0.6318 -0.6895 -0.3542
vn -0.6339 -0.4957 -0.5937
vn -0.6512 -0.7583 -0.0294
vn -0.6488 0.4006 -0.6470
vn -0.9922 0.1240 0.0134
vn -0.9923 0.1190 0.0337
vn -0.9959 -0.0883 0.0216
vn -0.9889 -0.1376 -0.0558
vn -0.9980 -0.0414 0.0482
vn -0.9954 0.0798 0.0530
vn -0.9746 0.1408 -0.1742
vn -0.9864 0.1354 -0.0935
vn -0.9609 -0.1008 -0.2577
vn -0.9645 -0.0386 -0.2614
vn -0.9970 0.0347 0.0694
vn -0.9978 0.0124 0.0656
vn -0.9704 -0.1598 -0.1810
vn -0.9628 -0.1358 -0.2338
vn -0.9757 -0.1732 -0.1345
vn -0.9733 0.0808 -0.2146
vn -0.9841 0.1740 0.0357
vn -0.9875 0.1437 0.0655
vn -0.9927 -0.1106 0.0481
vn -0.9834 -0.1781 -0.0358
vn -0.9953 -0.0534 0.0811
vn -0.9928 0.0928 0.0762
vn -0.9613 0.1929 -0.1966
vn -0.9750 0.1989 -0.0993
vn -0.9472 -0.1134 -0.3000
vn -0.9476 -0.0277 -0.3182
vn -0.9945 0.0393 0.0975
vn -0.9953 0.0086 0.0967
vn -0.9562 -0.2138 -0.2000
vn -0.9504 -0.1646 -0.2641
vn -0.9657 -0.2265 -0.1272
vn -0.9594 0.1081 -0.2606
vn -0.9943 -0.0104 -0.1063
vn 0.0146 -0.7246 -0.6890
vn -0.0809 -0.9966 -0.0160
vn -0.6382 -0.4281 -0.6398
vn -0.3613 -0.6574 -0.6613
vn 0.1056 -0.7292 -0.6761
vn 0.2761 -0.6860 -0.6731
vn 0.5357 -0.5280 -0.6590
vn 0.6751 -0.3298 -0.6599
vn 0.3810 -0.6153 -0.6901
vn -0.1058 -0.7405 -0.6636
vn 0.6968 -0.2000 -0.6888
vn 0.7454 -0.2345 -0.6241
vn -0.6908 -0.2713 -0.6703
vn -0.8139 -0.2136 -0.5403
vn -0.9593 -0.1545 -0.2362
vn -0.9736 -0.1647 -0.1581
vn -0.4488 -0.2162 -0.8671
vn -0.2807 -0.2417 -0.9289
vn -0.2014 -0.2335 -0.9513
vn -0.1721 -0.3520 -0.9201
vn -0.9911 -0.0950 -0.0929
vn -0.0392 -0.7326 -0.6795
vn 0.1683 -0.7180 -0.6754
vn -0.7140 -0.0538 -0.6981
vn -0.7101 -0.1901 -0.6780
vn 0.3962 -0.6281 -0.6697
vn 0.6252 -0.4186 -0.6587
vn 0.7061 -0.0971 -0.7014
vn -0.7010 -0.0336 -0.7123
vn -0.2448 -0.9330 -0.2639
vn -0.5843 -0.4882 -0.6483
vn -0.2789 -0.6917 -0.6661
vn 0.0212 -0.7092 -0.7047
vn 0.0295 -0.9996 -0.0038
vn -0.0239 -0.9997 0.0035
vn 0.0646 -0.9978 -0.0175
vn 0.4505 -0.6362 -0.6263
vn 0.7348 -0.3432 -0.5850
vn 0.8336 -0.0126 -0.5522
vn 0.7088 -0.2467 0.6609
vn 0.7027 -0.7040 0.1027
vn 0.7969 -0.6024 -0.0447
vn 0.7849 -0.6156 -0.0705
vn 0.3892 0.7139 -0.5821
vn 0.5681 0.6785 -0.4657
vn 0.7038 0.1450 -0.6954
vn 0.5712 0.5496 -0.6097
vn 0.8087 0.5863 -0.0481
vn 0.8524 0.5217 -0.0360
vn 0.7245 -0.6320 -0.2753
vn 0.4485 0.7970 0.4045
vn 0.4974 0.4207 0.7587
vn 0.4375 -0.6702 -0.5995
vn 0.5824 0.8047 -0.1153
vn 0.3437 0.0666 -0.9367
vn 0.8562 0.5166 -0.0022
vn 0.6487 0.7495 -0.1318
vn 0.9733 0.1904 -0.1284
vn 0.9887 -0.0445 -0.1434
vn 0.8809 -0.4198 -0.2186
vn 0.6618 -0.7122 -0.2340
vn 0.1654 -0.4643 -0.8701
vn 0.6289 0.7388 -0.2424
vn 0.7408 0.6354 -0.2180
vn 0.4611 0.8870 0.0222
vn 0.7055 0.7059 -0.0629
vn 0.6448 -0.6696 -0.3687
vn 0.7776 -0.5761 -0.2519
vn 0.6713 -0.7392 -0.0544
vn 0.6718 -0.7399 -0.0345
vn 0.9303 -0.1901 -0.3136
vn 0.7228 -0.0021 -0.6910
vn 0.7181 0.0026 0.6959
vn 0.7246 0.0026 0.6892
vn 0.7173 -0.0021 -0.6967
vn 0.7149 0.6986 -0.0304
vn 0.8987 0.2908 -0.3283
vn 0.9098 0.3537 0.2173
vn 0.5379 0.7773 0.3264
vn 0.9982 0.0043 0.0605
vn 0.9994 -0.0205 0.0289
vn 0.9820 -0.1420 0.1242
vn 0.8256 -0.5449 0.1462
vn 0.5023 0.8615 0.0738
vn 0.4285 0.8844 0.1850
vn 0.5400 0.8412 0.0282
vn 0.5703 0.8206 -0.0372
vn 0.4995 -0.8446 0.1925
vn 0.4876 -0.8731 0.0002
vn 0.5622 -0.8261 -0.0381
vn 0.5427 -0.8395 -0.0283
vn 0.4257 -0.6654 -0.6132
vn 0.4077 0.6647 -0.6260
vn 0.6865 0.2322 -0.6890
vn 0.7139 -0.0021 -0.7002
vn 0.5387 0.8417 -0.0353
vn 0.7646 0.0027 0.6445
vn 0.6983 -0.1873 -0.6909
vn 0.7255 0.0372 -0.6872
vn 0.5841 0.2859 -0.7596
vn 0.6771 0.1374 -0.7229
vn 0.6974 -0.0256 -0.7162
vn 0.6550 -0.1942 -0.7303
vn 0.8215 -0.2648 -0.5050
vn 0.8475 -0.0370 -0.5295
vn 0.8625 0.1758 -0.4745
vn 0.8152 0.3787 -0.4383
vn 0.9629 -0.2651 -0.0504
vn 0.9689 -0.2422 -0.0507
vn 0.9583 0.2815 -0.0501
vn 0.9487 0.3124 -0.0496
vn 0.9975 0.0475 -0.0522
vn 0.9543 -0.1983 -0.2238
vn 0.9496 0.2778 -0.1453
vn 0.9836 0.0320 -0.1773
vn 0.7027 -0.0134 -0.7114
vn 0.6844 0.0098 -0.7290
vn 0.7455 0.0106 0.6664
vn 0.6998 -0.0218 0.7140
vn 0.6925 0.0414 0.7203
vn 0.6957 0.0332 -0.7176
vn 0.6925 0.0414 0.7202
vn 0.7109 0.0122 -0.7032
vn 0.6806 0.0241 -0.7322
vn 0.7420 0.0262 0.6699
vn 0.7082 0.0036 0.7060
vn 0.6909 0.0455 0.7215
vn 0.6941 0.0373 -0.7189
vn 0.6910 0.0455 0.7214
vn -0.0116 0.9990 0.0426
vn 0.0677 0.9951 0.0726
vn 0.2840 0.9581 0.0362
vn -0.0426 0.9989 0.0192
vn 0.6930 0.7196 0.0441
vn 0.8389 0.5443 0.0066
vn 0.9969 0.0692 0.0367
vn 0.9999 -0.0081 0.0100
vn 0.9238 -0.3829 -0.0071
vn 0.8973 -0.4377 0.0581
vn 0.7863 -0.6176 -0.0146
vn 0.7695 -0.6383 -0.0226
vn 0.7871 -0.6160 -0.0323
vn 0.7604 -0.6495 -0.0023
vn -0.0332 0.9994 -0.0000
vn 0.3327 0.9430 -0.0000
vn 0.8506 0.5258 -0.0000
vn 0.9946 0.1039 -0.0000
vn 0.9007 -0.4345 -0.0000
vn 0.7144 -0.6997 -0.0000
vn 0.8084 -0.5886 -0.0000
vn 0.2840 0.9581 -0.0362
vn 0.0677 0.9951 -0.0726
vn -0.0116 0.9990 -0.0426
vn -0.0426 0.9989 -0.0192
vn 0.8388 0.5443 -0.0066
vn 0.6930 0.7196 -0.0441
vn 0.9999 -0.0081 -0.0100
vn 0.9969 0.0692 -0.0367
vn 0.8973 -0.4377 -0.0581
vn 0.9238 -0.3829 0.0071
vn 0.7695 -0.6383 0.0226
vn 0.7863 -0.6176 0.0146
vn 0.7604 -0.6495 0.0023
vn 0.7871 -0.6160 0.0323
vn -0.0106 0.9999 -0.0000
vn -0.4467 0.8947 -0.0000
vn -0.4368 0.8996 -0.0000
vn 0.0116 0.9999 -0.0000
vn 0.2310 -0.9725 -0.0285
vn 0.1281 -0.9911 -0.0363
vn 0.1092 -0.9908 -0.0801
vn 0.2263 -0.9675 -0.1131
vn 0.0926 -0.9899 -0.1078
vn 0.1265 -0.9572 -0.2605
vn 0.0497 -0.9528 -0.2995
vn 0.0608 -0.9858 -0.1568
vn 0.0288 -0.7898 -0.6127
vn 0.0814 -0.7933 -0.6034
vn 0.2372 -0.9092 -0.3423
vn 0.1145 -0.7069 -0.6980
vn 0.2993 -0.9497 -0.0925
vn 0.0225 -0.6251 -0.7802
vn 0.0381 -0.5945 -0.8032
vn -0.0529 -0.5213 -0.8517
vn 0.2210 -0.9558 -0.1937
vn 0.2873 -0.9549 -0.0744
vn 0.0604 -0.5802 -0.8123
vn 0.2081 -0.6427 -0.7373
vn 0.2844 -0.7669 -0.5753
vn 0.3168 -0.7911 -0.5233
vn 0.0114 -0.9861 -0.1656
vn 0.0088 -0.9453 -0.3262
vn 0.0120 -0.8090 -0.5877
vn 0.0197 -0.7094 -0.7045
vn -0.0021 -0.9943 -0.1066
vn -0.0019 -0.9742 -0.2257
vn -0.0010 -0.9966 -0.0818
vn -0.0088 -0.9961 -0.0876
vn -0.0018 -0.9993 -0.0372
vn -0.0009 -0.9993 -0.0381
vn -0.0245 -0.9712 -0.2368
vn -0.0277 -0.9954 -0.0919
vn -0.0001 -0.8484 -0.5293
vn -0.0142 -0.8485 -0.5290
vn -0.0238 -0.9989 -0.0409
vn -0.1072 -0.9909 -0.0808
vn -0.1224 -0.9705 -0.2076
vn -0.0654 -0.8652 -0.4971
vn -0.1224 -0.9919 -0.0354
vn -0.2922 -0.9559 -0.0281
vn -0.2704 -0.9597 -0.0766
vn -0.3065 -0.9300 -0.2027
vn -0.1759 -0.8197 -0.5451
vn -0.2900 -0.9089 -0.2997
vn -0.3787 -0.9170 -0.1253
vn -0.2001 -0.6133 -0.7641
vn -0.2440 -0.7846 -0.5700
vn -0.0843 -0.6010 -0.7948
vn -0.0475 -0.7132 -0.6994
vn -0.0587 -0.4597 -0.8861
vn -0.0093 -0.7296 -0.6838
vn 0.0029 -0.7241 -0.6897
vn -0.3848 -0.9227 -0.0252
vn -0.3716 -0.9261 -0.0650
vn -0.1378 -0.4887 -0.8615
vn -0.2207 -0.6176 -0.7549
vn -0.0254 -0.3867 -0.9219
vn -0.1837 -0.5290 -0.8285
vn -0.1044 -0.4277 -0.8979
vn -0.0146 -0.3333 -0.9427
vn -0.1695 -0.5052 -0.8462
vn -0.1237 -0.4306 -0.8940
vn -0.0008 -0.3076 -0.9515
vn -0.0017 -1.0000 -0.0000
vn -0.0056 -1.0000 -0.0000
vn -0.0276 -0.9996 -0.0000
vn -0.1216 -0.9926 -0.0000
vn -0.2935 -0.9560 -0.0000
vn -0.3867 -0.9222 -0.0000
vn 0.3090 -0.9507 -0.0263
vn 0.2872 -0.9575 -0.0273
vn 0.2316 -0.9728 -0.0000
vn 0.1277 -0.9918 -0.0000
vn 0.3112 -0.9504 -0.0000
vn 0.2893 -0.9572 -0.0000
vn 0.1122 -0.4514 -0.8852
vn 0.1469 -0.4945 -0.8567
vn 0.2027 -0.5654 -0.7995
vn 0.2440 -0.6102 -0.7537
vn 0.2309 -0.9725 0.0285
vn 0.2263 -0.9675 0.1130
vn 0.1092 -0.9908 0.0801
vn 0.1281 -0.9911 0.0363
vn 0.0926 -0.9899 0.1078
vn 0.1265 -0.9572 0.2605
vn 0.0497 -0.9528 0.2995
vn 0.0608 -0.9858 0.1568
vn 0.0288 -0.7898 0.6127
vn 0.0814 -0.7933 0.6034
vn 0.2372 -0.9092 0.3423
vn 0.1145 -0.7069 0.6980
vn 0.2993 -0.9497 0.0925
vn 0.0381 -0.5945 0.8032
vn 0.0225 -0.6251 0.7802
vn -0.0529 -0.5213 0.8517
vn 0.2210 -0.9558 0.1937
vn 0.2874 -0.9549 0.0744
vn 0.2081 -0.6427 0.7373
vn 0.0604 -0.5802 0.8123
vn 0.2844 -0.7669 0.5753
vn 0.3168 -0.7911 0.5233
vn 0.0088 -0.9453 0.3262
vn 0.0114 -0.9861 0.1656
vn 0.0120 -0.8090 0.5877
vn 0.0197 -0.7094 0.7045
vn -0.0021 -0.9943 0.1066
vn -0.0019 -0.9742 0.2257
vn -0.0010 -0.9966 0.0818
vn -0.0088 -0.9961 0.0876
vn -0.0018 -0.9993 0.0372
vn -0.0009 -0.9993 0.0381
vn -0.0245 -0.9713 0.2368
vn -0.0277 -0.9954 0.0919
vn -0.0001 -0.8484 0.5293
vn -0.0142 -0.8485 0.5290
vn -0.0238 -0.9989 0.0409
vn -0.1224 -0.9705 0.2076
vn -0.1072 -0.9909 0.0808
vn -0.0654 -0.8652 0.4971
vn -0.1224 -0.9919 0.0354
vn -0.2704 -0.9597 0.0766
vn -0.2922 -0.9559 0.0281
vn -0.3065 -0.9300 0.2027
vn -0.1759 -0.8197 0.5451
vn -0.2900 -0.9089 0.2997
vn -0.3787 -0.9170 0.1253
vn -0.2001 -0.6133 0.7641
vn -0.2440 -0.7846 0.5700
vn -0.0843 -0.6010 0.7948
vn -0.0475 -0.7132 0.6994
vn -0.0587 -0.4597 0.8861
vn -0.0093 -0.7296 0.6838
vn 0.0029 -0.7241 0.6897
vn -0.3716 -0.9261 0.0650
vn -0.3848 -0.9227 0.0252
vn -0.1378 -0.4887 0.8615
vn -0.2207 -0.6176 0.7549
vn -0.0254 -0.3867 0.9219
vn -0.1044 -0.4277 0.8979
vn -0.1837 -0.5290 0.8285
vn -0.0146 -0.3333 0.9427
vn -0.1237 -0.4306 0.8940
vn -0.1695 -0.5052 0.8462
vn -0.0008 -0.3076 0.9515
vn 0.3090 -0.9507 0.0263
vn 0.2872 -0.9575 0.0273
vn 0.1469 -0.4945 0.8567
vn 0.1122 -0.4514 0.8852
vn 0.2027 -0.5654 0.7995
vn 0.2440 -0.6102 0.7537
vn 0.8981 0.4110 0.1567
vn 0.8720 0.4846 0.0694
vn 0.7874 0.6126 0.0689
vn 0.9930 -0.0327 0.1135
vn 0.8674 0.4947 0.0531
vn 0.6813 0.7278 0.0785
vn 0.7690 -0.3241 0.5510
vn 0.4810 0.2246 0.8475
vn 0.8516 0.4893 0.1882
vn 0.4923 -0.8215 0.2877
vn 0.8790 0.4754 0.0369
vn 0.8720 0.4857 0.0610
vn 0.8853 0.4649 0.0136
vn 0.6650 0.6211 0.4148
vn 0.8197 0.5466 0.1712
vn -0.2622 0.4621 0.8472
vn 0.8989 0.4329 -0.0683
vn 0.8635 0.5007 -0.0601
vn 0.8621 0.4978 -0.0946
vn 0.9102 0.2378 -0.3390
vn 0.8615 0.4964 -0.1066
vn 0.6871 0.4300 -0.5857
vn 0.7458 -0.6521 -0.1360
vn 0.9619 0.2669 -0.0590
vn 0.7667 0.5974 -0.2353
vn 0.4785 0.6440 -0.5970
vn 0.9370 0.3492 0.0129
vn 0.8931 0.4450 -0.0653
vn -0.7387 -0.5500 0.3896
vn -0.4536 -0.7056 0.5444
vn -0.3746 -0.8355 0.4019
vn -0.7681 -0.6028 0.2160
vn -0.4430 -0.4761 0.7596
vn -0.5931 -0.5708 0.5678
vn -0.7759 -0.4372 0.4548
vn -0.9004 -0.2943 0.3203
vn -0.8099 -0.4817 0.3349
vn -0.7178 -0.5118 0.4720
vn -0.8131 -0.4979 0.3015
vn -0.3572 -0.7581 0.5456
vn -0.5121 -0.8225 0.2475
vn -0.8673 -0.4220 0.2641
vn -0.8663 -0.3973 0.3029
vn -0.5540 -0.6906 -0.4649
vn -0.7272 -0.5500 -0.4108
vn -0.5736 -0.5798 -0.5787
vn -0.6336 -0.6995 -0.3306
vn -0.7232 -0.6327 -0.2770
vn -0.1883 -0.9289 -0.3189
vn -0.2442 -0.1660 -0.9554
vn -0.5774 0.1414 -0.8042
vn -0.7828 -0.4754 -0.4014
vn -0.8270 -0.4188 -0.3752
vn -0.7841 -0.4391 -0.4387
vn -0.7198 -0.5211 -0.4586
vn -0.0269 -0.7645 -0.6441
vn -0.6116 -0.7666 -0.1956
vn -0.8704 -0.4318 -0.2367
vn -0.8718 -0.4103 -0.2675
vn -0.8865 -0.2010 -0.4168
vn -0.8823 -0.3929 -0.2591
vn -0.7760 0.5780 -0.2525
vn -0.9670 -0.1224 -0.2236
vn -0.3201 0.9424 -0.0973
vn -0.6103 0.7794 -0.1416
vn 0.3862 0.9165 -0.1042
vn -0.1170 0.9793 -0.1654
vn 0.8518 0.5175 -0.0817
vn 0.5907 0.8037 -0.0710
vn -0.0722 0.9956 -0.0598
vn 0.6123 0.7857 -0.0883
vn -0.1237 0.9922 -0.0129
vn 0.5743 0.8187 -0.0012
vn 0.8646 0.5023 -0.0118
vn 0.8805 0.4738 -0.0140
vn 0.8863 0.4630 -0.0063
vn 0.9867 0.1565 -0.0429
vn 0.9793 0.2025 0.0003
vn 0.7952 -0.5918 -0.1321
vn 0.8286 -0.5576 0.0511
vn 0.9125 -0.3340 0.2361
vn 0.9651 -0.0076 0.2617
vn 0.4576 -0.8884 0.0365
vn 0.4706 -0.8427 0.2616
vn 0.3919 -0.7317 0.5577
vn -0.2578 -0.7712 0.5820
vn 0.8962 -0.1729 0.4086
vn 0.2536 -0.9555 0.1507
vn -0.4767 -0.8765 0.0673
vn -0.8618 -0.5046 0.0519
vn -0.8772 -0.4800 0.0071
vn -0.8751 -0.4787 -0.0711
vn -0.8081 0.1401 -0.5721
vn 0.0144 0.7691 -0.6389
vn 0.6575 0.6820 -0.3203
vn 0.9173 0.3950 -0.0504
vn 0.4104 -0.9110 0.0408
vn -0.2732 -0.9556 -0.1107
vn 0.4325 -0.8949 -0.1102
vn 0.0075 -0.9800 0.1989
vn -0.6140 -0.7097 0.3454
vn -0.7798 -0.6109 -0.1367
vn -0.8429 -0.5282 -0.1025
vn -0.8476 -0.5243 -0.0820
vn -0.8871 -0.4565 -0.0683
vn -0.8483 0.4510 0.2774
vn -0.9554 0.2896 -0.0582
vn -0.8907 0.1900 -0.4129
vn -0.4716 0.8817 -0.0106
vn -0.5716 0.8134 -0.1078
vn -0.4455 0.8952 -0.0090
vn -0.4387 0.8966 -0.0599
vn -0.4570 0.8881 0.0497
vn -0.4410 0.8962 0.0477
vn 0.0023 0.9977 0.0682
vn -0.1357 0.9887 0.0643
vn 0.5638 0.8213 0.0869
vn -0.5086 0.8497 0.1394
vn 0.2519 0.9580 0.1367
vn -0.7121 0.6715 0.2050
vn -0.9671 0.0866 0.2393
vn -0.9127 -0.0590 0.4044
vn -0.8883 -0.3467 0.3012
vn -0.1004 -0.9947 -0.0227
vn 0.4493 -0.8840 -0.1293
vn 0.3358 -0.8746 -0.3498
vn 0.1383 -0.8381 -0.5277
vn -0.6105 -0.7900 -0.0573
vn -0.6911 -0.6357 -0.3439
vn -0.8713 -0.4890 -0.0407
vn -0.8783 -0.4781 -0.0065
vn -0.8890 -0.4564 0.0368
vn -0.8396 0.2335 0.4904
vn 0.1944 0.8125 0.5496
vn 0.7331 0.6280 0.2613
vn 0.9722 0.1868 -0.1413
vn 0.9163 0.3991 0.0343
vn 0.9582 0.2827 -0.0431
vn 0.4560 -0.6092 -0.6488
vn 0.9394 -0.1504 -0.3081
vn 0.8663 -0.3782 -0.3263
vn -0.9146 0.3910 -0.1027
vn -0.8819 0.4463 0.1519
vn -0.7262 -0.6860 -0.0446
vn -0.5669 -0.8217 0.0589
vn 0.4140 -0.8917 -0.1829
vn 0.4991 -0.8567 0.1301
vn -0.7370 -0.6671 0.1085
vn -0.8503 0.3865 -0.3573
vn 0.3718 -0.8226 0.4302
vn 0.3136 -0.6547 0.6877
vn -0.7125 -0.6641 0.2263
vn 0.9940 0.0968 0.0506
vn 0.9780 0.1146 0.1745
vn 0.9436 0.1824 0.2765
vn 0.8963 0.2741 0.3485
vn 0.1943 -0.4368 0.8783
vn 0.2454 0.9126 -0.3271
vn 0.3041 0.7960 -0.5233
vn 0.3924 0.6295 -0.6706
vn 0.5036 0.4339 -0.7471
vn 0.8398 0.3756 0.3920
vn -0.7955 0.2366 -0.5579
vn -0.6969 0.0603 -0.7146
vn -0.5854 -0.1498 -0.7968
vn -0.4636 -0.3737 -0.8034
vn 0.6167 0.2218 -0.7553
vn -0.7564 -0.5885 0.2855
vn -0.8003 -0.5044 0.3241
vn -0.8495 -0.4132 0.3282
vn -0.8973 -0.3298 0.2935
vn -0.3463 -0.5877 -0.7312
vn 0.0548 -0.1787 0.9824
vn -0.0961 0.0955 0.9908
vn -0.2459 0.3565 0.9014
vn -0.3602 0.5870 0.7251
vn -0.9374 -0.2497 0.2427
vn 0.7799 0.4837 0.3973
vn 0.7147 0.5916 0.3731
vn 0.6716 0.6812 0.2915
vn 0.6400 0.7450 0.1879
vn -0.4543 0.7525 0.4767
vn 0.7318 0.0281 -0.6809
vn 0.8179 -0.1512 -0.5551
vn 0.8878 -0.2801 -0.3652
vn 0.9282 -0.3450 -0.1396
vn 0.6175 0.7832 0.0723
vn -0.2517 -0.7702 -0.5861
vn -0.1697 -0.9067 -0.3861
vn -0.1328 -0.9799 -0.1487
vn -0.1302 -0.9860 0.1046
vn 0.9301 -0.3533 0.1005
vn -0.9671 -0.2016 0.1549
vn -0.9841 -0.1674 0.0598
vn -0.9856 -0.1632 -0.0439
vn -0.9714 -0.1901 -0.1422
vn -0.1714 -0.9216 0.3482
vn -0.5031 0.8446 0.1832
vn -0.5083 0.8514 -0.1296
vn -0.4655 0.7733 -0.4305
vn -0.3783 0.6196 -0.6877
vn -0.9438 -0.2379 -0.2295
vn 0.6138 0.7877 -0.0517
vn 0.6238 0.7615 -0.1760
vn 0.6644 0.6943 -0.2766
vn 0.7166 0.6046 -0.3477
vn -0.2618 0.4002 -0.8782
vn 0.8989 -0.2906 0.3280
vn 0.8334 -0.1770 0.5235
vn 0.7414 -0.0115 0.6710
vn 0.6376 0.1889 0.7469
vn 0.7703 0.5024 -0.3926
vn -0.2362 -0.7961 0.5571
vn -0.3265 -0.6184 0.7148
vn -0.4434 -0.4115 0.7962
vn -0.5734 -0.1939 0.7960
vn 0.5167 0.3965 0.7588
vn -0.9045 -0.3167 -0.2858
vn -0.8569 -0.3984 -0.3272
vn -0.8070 -0.4896 -0.3304
vn -0.7591 -0.5770 -0.3015
vn -0.6869 0.0213 0.7264
vn -0.1194 0.1436 -0.9824
vn 0.0272 -0.1333 -0.9907
vn 0.1689 -0.3986 -0.9014
vn 0.2987 -0.6205 -0.7251
vn -0.7179 -0.6525 -0.2424
vn 0.8290 0.3933 -0.3975
vn 0.8844 0.2801 -0.3732
vn 0.9365 0.1960 -0.2909
vn 0.9730 0.1336 -0.1882
vn 0.3845 -0.7906 -0.4766
vn 0.4154 0.5995 0.6841
vn 0.3157 0.7697 0.5549
vn 0.2459 0.8981 0.3647
vn 0.2132 0.9669 0.1398
vn 0.9928 0.0960 -0.0721
vn -0.7836 0.2063 0.5859
vn -0.8527 0.3509 0.3870
vn -0.6943 -0.7034 -0.1522
vn 0.2181 0.9708 -0.0995
vn -0.5426 0.8169 0.1956
vn -0.5424 0.8167 0.1969
vn -0.4547 0.6529 0.6058
vn -0.4603 0.6617 0.5919
vn -0.5399 0.8089 -0.2326
vn -0.5372 0.8069 -0.2455
vn -0.4515 0.6420 -0.6197
vn -0.4432 0.6314 -0.6363
vn -0.4425 0.6371 -0.6311
vn -0.5365 0.8087 -0.2413
vn -0.5421 0.8174 0.1947
vn -0.5356 0.8075 -0.2472
vn -0.5405 0.8155 0.2070
vn -0.4454 0.6451 0.6209
vn -0.4559 0.6596 0.5975
vn -0.2663 0.3214 0.9087
vn -0.2958 0.3649 0.8828
vn -0.2929 0.3512 0.8893
vn -0.3049 0.3721 0.8767
vn -0.0858 -0.0278 0.9959
vn -0.0820 -0.0412 0.9958
vn -0.0988 -0.0140 0.9950
vn 0.1270 -0.4297 0.8940
vn 0.1186 -0.4212 0.8992
vn 0.2921 -0.7304 0.6174
vn 0.2908 -0.7316 0.6166
vn 0.3837 -0.8971 0.2191
vn 0.3830 -0.8969 0.2212
vn 0.3841 -0.8982 -0.2136
vn 0.3834 -0.8988 -0.2126
vn 0.2959 -0.7366 -0.6081
vn 0.2942 -0.7370 -0.6085
vn 0.1330 -0.4402 -0.8880
vn 0.1330 -0.4450 -0.8856
vn -0.0732 -0.0648 -0.9952
vn -0.0849 -0.0564 -0.9948
vn -0.2770 0.3208 -0.9057
vn -0.2930 0.3461 -0.8913
vn -0.0732 -0.0491 -0.9961
vn -0.2788 0.3340 -0.9004
vn -0.0405 -0.1040 -0.9938
vn -0.2493 0.2893 -0.9242
vn -0.4316 0.6210 -0.6543
vn 0.1307 -0.4274 -0.8946
vn 0.1530 -0.4636 -0.8727
vn 0.2933 -0.7282 -0.6194
vn 0.3012 -0.7421 -0.5988
vn 0.3848 -0.8964 -0.2200
vn 0.3854 -0.8966 -0.2180
vn 0.3850 -0.8973 0.2160
vn 0.3868 -0.8996 0.2026
vn 0.2942 -0.7299 0.6170
vn 0.3046 -0.7470 0.5910
vn 0.1288 -0.4242 0.8964
vn 0.1532 -0.4648 0.8721
vn -0.0489 -0.0880 0.9949
vn -0.8130 0.4493 0.3703
vn -0.8538 0.3763 0.3597
vn -0.8630 0.0292 0.5043
vn -0.8779 0.0135 0.4786
vn -0.7835 0.5161 0.3460
vn -0.7511 0.1241 0.6484
vn -0.6595 0.5516 0.5107
vn -0.5305 0.3928 0.7512
vn -0.6559 0.6755 0.3369
vn -0.5041 0.5586 0.6587
vn -0.8749 0.0145 0.4841
vn -0.7717 0.5014 0.3913
vn -0.8242 0.0571 0.5634
vn -0.4849 0.0217 0.8743
vn -0.5960 0.2649 0.7580
vn -0.7272 0.4903 0.4804
vn -0.8177 -0.0081 0.5756
vn -0.5077 -0.0675 0.8589
vn -0.5949 0.8012 0.0643
vn -0.6557 0.7365 0.1664
vn -0.4978 0.8103 0.3091
vn -0.3944 0.8000 0.4521
vn -0.0774 0.8850 0.4592
vn -0.0220 0.7228 0.6907
vn -0.5384 0.8423 0.0272
vn -0.1740 0.9582 -0.2272
vn -0.6630 0.7485 0.0090
vn -0.3169 0.8169 -0.4819
vn -0.5143 0.8576 -0.0041
vn -0.4241 0.8932 0.1496
vn -0.3490 0.8558 0.3818
vn -0.1658 0.8612 0.4804
vn -0.2307 0.5410 0.8088
vn -0.0626 0.4491 0.8913
vn -0.1509 0.0955 0.9839
vn -0.1141 -0.0794 0.9903
vn -0.1909 0.9100 0.3680
vn 0.0987 0.7353 0.6705
vn 0.2477 0.8766 0.4125
vn 0.2581 0.5771 -0.7748
vn 0.4236 0.8569 -0.2937
vn -0.2621 0.8839 -0.3873
vn 0.3409 0.6512 -0.6780
vn -0.1630 0.9863 -0.0258
vn 0.4066 0.8482 -0.3395
vn -0.5838 -0.5019 0.6382
vn -0.2670 -0.5299 0.8050
vn -0.6823 -0.5256 0.5081
vn -0.6462 -0.5774 0.4990
vn -0.6591 -0.5024 0.5596
vn 0.0059 0.0856 0.9963
vn 0.0148 -0.0811 0.9966
vn 0.5022 0.8579 0.1090
vn 0.6331 0.3904 0.6684
vn 0.5206 0.4569 0.7213
vn 0.9289 0.3424 0.1412
vn 0.5787 0.1223 -0.8063
vn 0.7920 0.1513 -0.5914
vn 0.7674 0.3380 -0.5448
vn 0.7998 0.0040 -0.6003
vn 0.8597 -0.0832 -0.5040
vn 0.9676 0.0546 -0.2464
vn -0.1522 -0.9411 0.3021
vn -0.0689 -0.9590 0.2748
vn -0.1147 -0.9360 0.3327
vn -0.0867 -0.9155 0.3928
vn -0.0704 -0.5378 0.8401
vn 0.2094 -0.9547 0.2116
vn 0.0182 -0.5666 0.8238
vn 0.2972 -0.9535 0.0497
vn 0.5250 -0.8491 -0.0588
vn 0.6029 -0.7974 -0.0251
vn 0.6742 0.5364 0.5077
vn 0.8210 -0.0713 0.5664
vn 0.7737 0.1304 0.6200
vn 0.6566 -0.5611 0.5040
vn 0.8214 -0.4352 -0.3686
vn 0.7778 -0.6066 -0.1647
vn 0.8736 -0.2464 -0.4196
vn 0.8576 -0.2933 -0.4225
vn 0.8710 0.0046 -0.4912
vn 0.9071 -0.0369 -0.4193
vn 0.9803 0.1249 0.1533
vn 0.9786 -0.0367 0.2025
vn 0.9401 0.1410 0.3103
vn 0.9897 0.0442 0.1365
vn 0.9777 -0.0468 0.2046
vn 0.9447 -0.0319 -0.3264
vn 0.6885 -0.6573 0.3066
vn 0.8458 -0.0180 -0.5333
vn 0.7780 -0.2993 -0.5524
vn 0.6161 -0.6395 0.4600
vn 0.9734 -0.2162 0.0755
vn -0.0726 -0.9044 0.4204
vn 0.0260 -0.8686 0.4948
vn -0.3714 -0.4540 0.8099
vn 0.0064 -0.8544 0.5196
vn -0.4532 0.3448 0.8220
vn -0.2581 -0.1749 0.9502
vn -0.2270 -0.4017 0.8872
vn -0.0139 -0.8041 0.5943
vn -0.6737 0.6887 0.2680
vn -0.7735 0.5304 0.3470
vn -0.6823 0.7115 0.1681
vn -0.6835 0.6990 0.2104
vn 0.8454 0.2411 -0.4767
vn 0.8790 0.1366 -0.4568
vn 0.9152 0.2035 -0.3478
vn 0.9707 0.0348 -0.2378
vn 0.9224 -0.0333 -0.3849
vn 0.9652 0.1154 -0.2347
vn 0.9310 0.0384 -0.3629
vn 0.9532 0.0569 -0.2969
vn 0.9298 -0.1503 -0.3359
vn 0.9012 0.0026 -0.4333
vn 0.8895 -0.0133 -0.4567
vn 0.9083 0.0077 -0.4183
vn 0.9216 -0.1330 -0.3647
vn 0.8536 -0.0605 -0.5175
vn 0.8178 0.0228 -0.5750
vn 0.8321 0.1369 -0.5375
vn 0.8719 -0.1305 -0.4720
vn 0.9116 -0.0028 -0.4110
vn 0.9330 0.0270 -0.3589
vn 0.9092 -0.0066 -0.4163
vn 0.9082 -0.0048 -0.4186
vn 0.9069 0.0230 -0.4208
vn 0.8916 0.0266 -0.4520
vn 0.9053 -0.0094 -0.4246
vn 0.9357 0.0040 -0.3528
vn 0.8583 0.0042 -0.5132
vn 0.8776 0.0095 -0.4792
vn 0.0816 0.8586 0.5061
vn 0.6264 0.6040 0.4928
vn 0.9057 0.0476 0.4211
vn -0.3547 0.9347 0.0219
vn 0.5803 -0.7643 0.2812
vn 0.9722 -0.2340 0.0121
vn 0.9891 -0.1465 0.0169
vn 0.0138 -0.9541 0.2991
vn 0.0058 -0.9719 0.2352
vn -0.7503 -0.4595 0.4754
vn 0.0057 -0.9758 0.2187
vn 0.0504 0.9954 0.0814
vn 0.9944 -0.0994 0.0363
vn 0.8078 0.5861 0.0628
vn -0.5830 0.8125 -0.0000
vn -0.7303 0.6831 -0.0000
vn -0.8369 0.5473 -0.0000
vn -0.7131 0.7011 -0.0000
vn -0.7236 0.6903 -0.0000
vn -0.3218 0.9468 -0.0000
vn 0.6476 -0.7604 0.0492
vn 0.9793 -0.2024 -0.0000
vn 0.9884 -0.1517 -0.0000
vn 0.0205 -0.9985 0.0511
vn 0.0174 -0.9957 0.0913
vn -0.8809 -0.4733 -0.0000
vn -0.0055 -0.9975 0.0705
vn 0.0512 0.9987 -0.0000
vn 0.9953 -0.0965 -0.0000
vn 0.7873 0.6165 -0.0000
vn -0.8130 0.4493 -0.3703
vn -0.8779 0.0135 -0.4786
vn -0.8630 0.0292 -0.5043
vn -0.8538 0.3763 -0.3597
vn -0.7835 0.5161 -0.3460
vn -0.7511 0.1241 -0.6484
vn -0.5305 0.3928 -0.7512
vn -0.6595 0.5516 -0.5107
vn -0.5041 0.5586 -0.6587
vn -0.6559 0.6755 -0.3369
vn -0.7717 0.5014 -0.3913
vn -0.8749 0.0145 -0.4841
vn -0.8242 0.0571 -0.5634
vn -0.7272 0.4903 -0.4804
vn -0.5960 0.2649 -0.7580
vn -0.4849 0.0217 -0.8743
vn -0.8177 -0.0081 -0.5756
vn -0.5077 -0.0675 -0.8589
vn -0.5949 0.8012 -0.0643
vn -0.3944 0.8000 -0.4521
vn -0.4978 0.8103 -0.3091
vn -0.6557 0.7365 -0.1664
vn -0.0220 0.7228 -0.6907
vn -0.0774 0.8850 -0.4592
vn -0.1740 0.9582 0.2272
vn -0.5384 0.8423 -0.0272
vn -0.6630 0.7485 -0.0090
vn -0.3169 0.8169 0.4819
vn -0.5143 0.8576 0.0041
vn -0.4241 0.8932 -0.1496
vn -0.3490 0.8558 -0.3818
vn -0.1658 0.8612 -0.4804
vn -0.0626 0.4491 -0.8913
vn -0.2307 0.5410 -0.8088
vn -0.1509 0.0955 -0.9839
vn -0.1141 -0.0794 -0.9903
vn -0.1909 0.9100 -0.3680
vn 0.0987 0.7353 -0.6705
vn 0.2477 0.8766 -0.4125
vn 0.4236 0.8569 0.2937
vn 0.2581 0.5771 0.7748
vn -0.2621 0.8839 0.3873
vn 0.3409 0.6512 0.6780
vn -0.1630 0.9863 0.0258
vn 0.4066 0.8482 0.3395
vn -0.2670 -0.5299 -0.8050
vn -0.5838 -0.5019 -0.6382
vn -0.6823 -0.5256 -0.5081
vn -0.6462 -0.5774 -0.4990
vn -0.6591 -0.5024 -0.5596
vn 0.0059 0.0856 -0.9963
vn 0.0148 -0.0811 -0.9966
vn 0.5022 0.8579 -0.1090
vn 0.5206 0.4569 -0.7213
vn 0.6331 0.3904 -0.6684
vn 0.9289 0.3424 -0.1412
vn 0.5787 0.1223 0.8063
vn 0.7920 0.1513 0.5914
vn 0.7674 0.3380 0.5448
vn 0.7998 0.0040 0.6003
vn 0.9676 0.0546 0.2464
vn 0.8597 -0.0832 0.5040
vn -0.1522 -0.9411 -0.3021
vn -0.0689 -0.9590 -0.2748
vn -0.1147 -0.9360 -0.3327
vn -0.0867 -0.9155 -0.3928
vn -0.0704 -0.5378 -0.8401
vn 0.0182 -0.5666 -0.8238
vn 0.2094 -0.9547 -0.2116
vn 0.2972 -0.9535 -0.0497
vn 0.5250 -0.8491 0.0588
vn 0.6029 -0.7974 0.0251
vn 0.6742 0.5364 -0.5077
vn 0.7737 0.1304 -0.6200
vn 0.8210 -0.0713 -0.5664
vn 0.6566 -0.5611 -0.5040
vn 0.8214 -0.4352 0.3686
vn 0.7778 -0.6066 0.1647
vn 0.8736 -0.2464 0.4196
vn 0.8576 -0.2933 0.4225
vn 0.8710 0.0046 0.4912
vn 0.9071 -0.0369 0.4193
vn 0.9803 0.1249 -0.1533
vn 0.9786 -0.0367 -0.2025
vn 0.9897 0.0442 -0.1365
vn 0.9401 0.1410 -0.3103
vn 0.9777 -0.0468 -0.2046
vn 0.6885 -0.6573 -0.3066
vn 0.9447 -0.0319 0.3264
vn 0.7780 -0.2993 0.5524
vn 0.8458 -0.0180 0.5333
vn 0.6161 -0.6395 -0.4600
vn 0.9734 -0.2162 -0.0755
vn -0.0726 -0.9044 -0.4204
vn 0.0260 -0.8686 -0.4948
vn 0.0064 -0.8544 -0.5196
vn -0.3714 -0.4540 -0.8099
vn -0.2581 -0.1749 -0.9502
vn -0.4532 0.3448 -0.8220
vn -0.0139 -0.8041 -0.5943
vn -0.2270 -0.4017 -0.8872
vn -0.7735 0.5304 -0.3470
vn -0.6737 0.6887 -0.2680
vn -0.6835 0.6990 -0.2104
vn -0.6823 0.7115 -0.1681
vn 0.8790 0.1366 0.4568
vn 0.8454 0.2411 0.4767
vn 0.9152 0.2035 0.3478
vn 0.9224 -0.0333 0.3849
vn 0.9707 0.0348 0.2378
vn 0.9652 0.1154 0.2347
vn 0.9532 0.0569 0.2969
vn 0.9310 0.0384 0.3629
vn 0.9298 -0.1503 0.3359
vn 0.8895 -0.0133 0.4567
vn 0.9012 0.0026 0.4333
vn 0.9083 0.0077 0.4183
vn 0.9216 -0.1330 0.3647
vn 0.8178 0.0228 0.5750
vn 0.8536 -0.0605 0.5175
vn 0.8719 -0.1305 0.4720
vn 0.8321 0.1369 0.5375
vn 0.9116 -0.0028 0.4110
vn 0.9330 0.0270 0.3589
vn 0.9092 -0.0066 0.4163
vn 0.9082 -0.0048 0.4186
vn 0.9069 0.0230 0.4208
vn 0.8916 0.0266 0.4520
vn 0.9053 -0.0094 0.4246
vn 0.9357 0.0040 0.3528
vn 0.8583 0.0042 0.5132
vn 0.8776 0.0095 0.4792
vn 0.0816 0.8586 -0.5061
vn 0.6264 0.6040 -0.4928
vn 0.9057 0.0476 -0.4212
vn -0.3547 0.9347 -0.0219
vn 0.9722 -0.2340 -0.0121
vn 0.5803 -0.7643 -0.2812
vn 0.9891 -0.1465 -0.0169
vn 0.0138 -0.9541 -0.2991
vn 0.0058 -0.9719 -0.2352
vn 0.0057 -0.9758 -0.2187
vn -0.7503 -0.4595 -0.4754
vn 0.0504 0.9954 -0.0814
vn 0.8078 0.5861 -0.0628
vn 0.9944 -0.0994 -0.0363
vn 0.6476 -0.7604 -0.0492
vn 0.0205 -0.9985 -0.0511
vn 0.0174 -0.9957 -0.0913
vn -0.0055 -0.9975 -0.0705
vn 0.0922 0.9957 0.0001
vn -0.4032 0.9150 -0.0121
vn -0.4259 0.8636 0.2697
vn 0.0587 0.9179 0.3924
vn 0.0444 0.5711 0.8197
vn -0.3737 0.7554 0.5383
vn -0.2569 0.9608 -0.1045
vn -0.0764 0.9971 0.0013
vn 0.0661 0.7175 0.6934
vn -0.1830 0.9030 0.3887
vn -0.8613 0.5078 0.0174
vn -0.6962 0.4199 -0.5823
vn -0.2238 0.8468 -0.4825
vn -0.1637 -0.0708 -0.9840
vn -0.0767 0.1861 -0.9795
vn -0.8170 0.5766 0.0031
vn -0.8183 0.4735 -0.3260
vn -0.7989 0.4639 0.3828
vn -0.8412 0.5407 -0.0017
vn -0.5872 0.3067 0.7491
vn -0.7454 0.2793 0.6053
vn -0.4917 0.8231 0.2842
vn -0.4976 0.8640 -0.0767
vn -0.8583 0.3014 -0.4154
vn -0.1340 -0.0424 -0.9901
vn -0.2018 0.2064 -0.9574
vn 0.0684 -0.0623 -0.9957
vn 0.1686 -0.0739 -0.9829
vn -0.8070 0.4629 0.3666
vn -0.8548 0.5190 -0.0013
vn -0.1862 0.2036 -0.9612
vn 0.2171 -0.0631 -0.9741
vn -0.7262 0.6230 -0.2907
vn -0.6988 0.4906 0.5206
vn -0.5995 0.3643 0.7126
vn -0.1743 0.3464 -0.9217
vn 0.2154 -0.0264 -0.9762
vn -0.6805 0.7111 -0.1769
vn -0.6721 0.5571 0.4878
vn -0.6359 0.4474 0.6288
vn -0.7944 0.5090 0.3316
vn -0.8357 0.5492 -0.0031
vn -0.1417 0.3537 -0.9246
vn 0.1725 0.0333 -0.9844
vn -0.5693 0.7028 -0.4267
vn -0.7007 0.6857 0.1971
vn -0.6925 0.5667 0.4464
vn -0.7971 0.5552 0.2375
vn -0.8088 0.5881 -0.0029
vn -0.0917 0.4830 -0.8708
vn 0.3289 0.3468 -0.8784
vn -0.3061 0.8044 -0.5091
vn -0.5380 0.8388 -0.0835
vn -0.6255 0.7642 0.1572
vn -0.7363 0.6722 0.0776
vn -0.7249 0.6888 -0.0006
vn -0.8093 0.5874 -0.0000
vn -0.7257 0.6880 -0.0000
vn -0.8358 0.5490 -0.0000
vn -0.8548 0.5189 -0.0000
vn -0.8401 0.5424 -0.0000
vn -0.4012 0.9160 -0.0000
vn 0.0922 0.9957 -0.0000
vn -0.0767 0.9971 -0.0000
vn -0.8124 0.5831 -0.0000
vn 0.2845 -0.0502 -0.9574
vn 0.1397 -0.0344 -0.9896
vn 0.2754 -0.0886 -0.9572
vn 0.2563 -0.0738 -0.9638
vn 0.5391 -0.1811 -0.8226
vn 0.8172 -0.0229 -0.5759
vn 0.0154 0.0031 -0.9999
vn 0.1136 0.7651 0.6338
vn 0.1653 0.9813 -0.0988
vn 0.0923 0.4773 -0.8739
vn -0.0172 -0.0712 -0.9973
vn -0.0206 -0.0851 -0.9962
vn -0.4682 -0.0975 -0.8782
vn -0.7799 -0.1140 -0.6155
vn -0.8265 -0.2005 -0.5260
vn -0.9150 0.0246 -0.4026
vn -0.9054 -0.1434 -0.3997
vn -0.9540 -0.1885 -0.2331
vn -0.9910 -0.1334 -0.0064
vn -0.9911 -0.1331 0.0077
vn -0.9915 -0.1302 -0.0000
vn 0.0243 0.8033 -0.5950
vn 0.2512 0.8386 -0.4833
vn -0.1474 0.9233 -0.3547
vn -0.2705 0.9548 -0.1230
vn -0.1931 0.9811 0.0141
vn -0.8913 0.4143 -0.1840
vn -0.9708 0.2397 0.0045
vn -0.9725 0.2330 -0.0000
vn 0.6873 0.5815 -0.4353
vn 0.0750 0.9911 -0.1099
vn 0.2060 0.9567 -0.2055
vn 0.5521 0.8229 -0.1341
vn 0.7961 0.3649 -0.4828
vn 0.0226 0.7283 -0.6849
vn -0.0155 0.0551 -0.9984
vn -0.7351 -0.0075 -0.6779
vn -0.9982 -0.0223 -0.0557
vn 0.6540 -0.1726 -0.7365
vn 0.9598 -0.2563 -0.1141
vn 0.9560 0.2198 -0.1943
vn 0.9807 0.1927 -0.0325
vn 0.9771 0.1144 -0.1795
vn 0.9774 0.2081 0.0371
vn 0.9992 -0.0108 -0.0394
vn 0.9940 -0.1090 0.0028
vn 0.9761 -0.2172 -0.0022
vn 0.9996 0.0273 -0.0000
vn 1.0000 -0.0066 -0.0000
vn 0.9718 -0.2360 -0.0000
vn 0.8774 -0.4796 -0.0122
vn 0.8797 -0.4755 -0.0000
vn 0.9849 0.0666 -0.1597
vn 0.9981 0.0623 -0.0031
vn 0.6601 0.1779 -0.7298
vn 0.0368 0.1763 -0.9836
vn -0.6021 0.4124 -0.6837
vn -0.8901 0.4531 -0.0496
vn 0.8146 0.5615 -0.1452
vn 0.8290 0.5590 -0.0173
vn 0.5961 0.6267 -0.5019
vn 0.1357 0.5193 -0.8438
vn -0.4571 0.7564 -0.4679
vn -0.6521 0.7579 -0.0194
vn -0.8858 0.4641 -0.0000
vn -0.6207 0.7841 -0.0000
vn -0.9996 -0.0281 -0.0000
vn 0.1793 0.9392 -0.2927
vn -0.1566 0.9482 -0.2764
vn -0.5881 0.8088 0.0047
vn -0.2783 0.9605 -0.0074
vn 0.2577 0.9662 -0.0114
vn 0.3392 0.9407 -0.0000
vn 0.8439 0.5365 -0.0000
vn -0.1676 0.9859 -0.0000
vn 0.9976 0.0697 -0.0000
vn -0.4259 0.8636 -0.2697
vn -0.4032 0.9150 0.0121
vn 0.0922 0.9957 -0.0001
vn 0.0587 0.9179 -0.3924
vn 0.0444 0.5711 -0.8197
vn -0.3737 0.7554 -0.5383
vn -0.0764 0.9971 -0.0013
vn -0.2569 0.9608 0.1045
vn 0.0661 0.7175 -0.6934
vn -0.1830 0.9030 -0.3887
vn -0.8613 0.5078 -0.0174
vn -0.6962 0.4199 0.5823
vn -0.2238 0.8468 0.4825
vn -0.1637 -0.0708 0.9840
vn -0.0767 0.1861 0.9795
vn -0.8170 0.5766 -0.0031
vn -0.8183 0.4735 0.3260
vn -0.7989 0.4639 -0.3828
vn -0.8412 0.5407 0.0017
vn -0.5872 0.3067 -0.7491
vn -0.7454 0.2793 -0.6053
vn -0.4917 0.8231 -0.2842
vn -0.4976 0.8640 0.0767
vn -0.8583 0.3014 0.4154
vn -0.1340 -0.0424 0.9901
vn -0.2018 0.2064 0.9574
vn 0.0684 -0.0623 0.9957
vn 0.1686 -0.0739 0.9829
vn -0.8070 0.4629 -0.3666
vn -0.8548 0.5190 0.0013
vn 0.2171 -0.0631 0.9741
vn -0.1862 0.2036 0.9612
vn -0.7262 0.6230 0.2907
vn -0.6988 0.4906 -0.5206
vn -0.5995 0.3643 -0.7126
vn 0.2154 -0.0264 0.9762
vn -0.1743 0.3464 0.9217
vn -0.6805 0.7111 0.1769
vn -0.6721 0.5571 -0.4878
vn -0.6359 0.4474 -0.6288
vn -0.7944 0.5090 -0.3316
vn -0.8356 0.5493 0.0030
vn 0.1725 0.0333 0.9844
vn -0.1417 0.3537 0.9246
vn -0.5693 0.7028 0.4267
vn -0.7007 0.6857 -0.1971
vn -0.7513 0.4982 -0.4328
vn -0.8230 0.5080 -0.2544
vn -0.8089 0.5880 0.0029
vn 0.3289 0.3468 0.8784
vn -0.0916 0.4830 0.8708
vn -0.3061 0.8044 0.5091
vn -0.5254 0.8410 0.1293
vn -0.6533 0.7483 -0.1152
vn -0.7434 0.6653 -0.0692
vn -0.7250 0.6888 0.0007
vn 0.1397 -0.0344 0.9896
vn 0.2845 -0.0502 0.9574
vn 0.2754 -0.0886 0.9572
vn 0.2563 -0.0738 0.9638
vn 0.5391 -0.1811 0.8226
vn 0.8510 -0.0166 0.5249
vn 0.0154 0.0031 0.9999
vn 0.1136 0.7651 -0.6338
vn 0.1653 0.9813 0.0988
vn 0.0923 0.4773 0.8739
vn -0.0206 -0.0851 0.9962
vn -0.0172 -0.0712 0.9973
vn -0.4682 -0.0975 0.8782
vn -0.7799 -0.1140 0.6155
vn -0.8265 -0.2005 0.5260
vn -0.9150 0.0246 0.4026
vn -0.9054 -0.1434 0.3997
vn -0.9540 -0.1885 0.2331
vn -0.9910 -0.1334 0.0064
vn -0.9911 -0.1331 -0.0077
vn 0.2331 0.8847 0.4036
vn 0.0243 0.8034 0.5950
vn -0.1474 0.9233 0.3547
vn -0.2422 0.9607 0.1357
vn -0.2141 0.9763 -0.0301
vn -0.8913 0.4148 0.1833
vn -0.9709 0.2395 -0.0050
vn 0.6733 0.6316 0.3845
vn 0.6741 0.6390 0.3705
vn 0.2093 0.9715 0.1115
vn 0.5619 0.8258 0.0484
vn 0.7961 0.3649 0.4828
vn 0.0226 0.7283 0.6849
vn -0.0155 0.0551 0.9984
vn -0.7184 -0.0138 0.6955
vn -0.9962 -0.0198 0.0850
vn 0.6540 -0.1726 0.7365
vn 0.9598 -0.2563 0.1141
vn 0.3939 0.2658 0.8799
vn 0.9810 0.1915 0.0299
vn 0.9891 0.1180 0.0877
vn 0.6729 -0.0503 -0.7380
vn 0.3670 0.5782 0.7287
vn 0.1525 0.1347 0.9791
vn 0.9762 -0.2168 0.0015
vn 0.8783 -0.4779 0.0141
vn 0.9980 0.0606 0.0166
vn 0.9830 0.0677 0.1706
vn 0.6601 0.1779 0.7298
vn 0.0368 0.1763 0.9836
vn -0.5823 0.4092 0.7025
vn -0.8883 0.4529 0.0762
vn 0.7934 0.6022 0.0880
vn 0.8255 0.5356 0.1781
vn 0.5961 0.6267 0.5019
vn 0.1357 0.5193 0.8438
vn -0.4462 0.7569 0.4776
vn -0.6518 0.7576 0.0346
vn 0.1582 0.9369 0.3117
vn -0.1566 0.9482 0.2764
vn -0.6235 0.7817 -0.0135
vn -0.2776 0.9606 0.0109
vn 0.2628 0.9643 0.0334
vn -0.1743 0.3464 0.9218
vn -0.6925 0.5667 -0.4464
vn -0.7971 0.5552 -0.2375
vn -0.8088 0.5881 0.0029
vn -0.0917 0.4830 0.8708
vn -0.5380 0.8388 0.0835
vn -0.6255 0.7642 -0.1572
vn -0.7363 0.6722 -0.0776
vn -0.7249 0.6888 0.0006
vn -0.4013 0.9159 -0.0000
vn 0.8172 -0.0229 0.5759
vn 0.2512 0.8386 0.4833
vn 0.0243 0.8033 0.5950
vn -0.2705 0.9548 0.1230
vn -0.1931 0.9811 -0.0141
vn -0.8913 0.4143 0.1840
vn -0.9708 0.2397 -0.0045
vn -0.9725 0.2329 -0.0000
vn 0.6873 0.5815 0.4353
vn 0.0750 0.9911 0.1099
vn 0.2060 0.9567 0.2055
vn 0.5521 0.8229 0.1341
vn -0.7351 -0.0075 0.6779
vn -0.9982 -0.0223 0.0557
vn 0.9560 0.2198 0.1943
vn 0.9807 0.1927 0.0325
vn 0.9771 0.1144 0.1795
vn 0.9774 0.2081 -0.0371
vn 0.9940 -0.1090 -0.0028
vn 0.9992 -0.0108 0.0394
vn 0.9761 -0.2172 0.0022
vn 0.8774 -0.4796 0.0122
vn 0.9981 0.0623 0.0030
vn 0.9849 0.0666 0.1597
vn -0.6021 0.4124 0.6837
vn -0.8901 0.4531 0.0496
vn 0.8290 0.5590 0.0173
vn 0.8146 0.5615 0.1452
vn 0.5961 0.6267 0.5020
vn -0.4571 0.7564 0.4679
vn -0.6521 0.7579 0.0194
vn 0.1793 0.9392 0.2927
vn -0.5881 0.8088 -0.0047
vn -0.2783 0.9605 0.0074
vn 0.2577 0.9662 0.0114
vn -0.8548 0.5190 -0.0012
vn -0.7513 0.4982 0.4328
vn -0.8230 0.5080 0.2544
vn -0.0916 0.4830 -0.8708
vn -0.5254 0.8410 -0.1293
vn -0.6533 0.7483 0.1152
vn -0.7433 0.6654 0.0690
vn -0.7250 0.6888 -0.0007
vn 0.8510 -0.0166 -0.5249
vn 0.0243 0.8034 -0.5950
vn 0.2331 0.8847 -0.4036
vn -0.2422 0.9607 -0.1357
vn -0.2141 0.9763 0.0301
vn -0.8912 0.4148 -0.1833
vn -0.9709 0.2395 0.0050
vn 0.6733 0.6316 -0.3845
vn 0.6741 0.6390 -0.3705
vn 0.2093 0.9715 -0.1115
vn 0.5619 0.8258 -0.0484
vn -0.7184 -0.0138 -0.6955
vn -0.9962 -0.0198 -0.0850
vn 0.3939 0.2657 -0.8799
vn 0.9810 0.1915 -0.0299
vn 0.9891 0.1180 -0.0877
vn 0.6729 -0.0503 0.7380
vn 0.1526 0.1348 -0.9791
vn 0.3670 0.5782 -0.7287
vn 0.9762 -0.2168 -0.0015
vn 0.8783 -0.4779 -0.0141
vn 0.9980 0.0606 -0.0166
vn 0.9830 0.0677 -0.1706
vn -0.5823 0.4092 -0.7025
vn -0.8883 0.4529 -0.0762
vn 0.8255 0.5356 -0.1781
vn 0.7934 0.6022 -0.0880
vn -0.4462 0.7569 -0.4776
vn -0.6518 0.7576 -0.0346
vn 0.1582 0.9369 -0.3117
vn -0.2776 0.9606 -0.0109
vn -0.6235 0.7817 0.0135
vn 0.2628 0.9643 -0.0334
vn 0.9659 0.2588 -0.0000
vt 0.351459 0.706010
vt 0.351419 0.699110
vt 0.355619 0.700110
vt 0.355579 0.707010
vt 0.302019 0.764910
vt 0.301179 0.764910
vt 0.301339 0.728510
vt 0.302139 0.728610
vt 0.167059 0.027010
vt 0.166539 0.026010
vt 0.167259 0.022810
vt 0.167899 0.023410
vt 0.063059 0.823910
vt 0.062659 0.804510
vt 0.079819 0.802610
vt 0.081899 0.823610
vt 0.350339 0.641110
vt 0.354419 0.639810
vt 0.354939 0.662210
vt 0.351299 0.663710
vt 0.200099 0.593710
vt 0.199579 0.593210
vt 0.199539 0.592010
vt 0.200459 0.590610
vt 0.349939 0.631810
vt 0.347619 0.641410
vt 0.346499 0.631210
vt 0.127179 0.067210
vt 0.125699 0.091910
vt 0.123859 0.090710
vt 0.125139 0.065610
vt 0.209259 0.563410
vt 0.210099 0.585110
vt 0.208579 0.581910
vt 0.208299 0.566010
vt 0.164019 0.047810
vt 0.165939 0.048410
vt 0.165019 0.082710
vt 0.166819 0.148910
vt 0.163699 0.148110
vt 0.164379 0.110610
vt 0.167139 0.109310
vt 0.196659 0.601510
vt 0.194059 0.600310
vt 0.197899 0.593310
vt 0.198539 0.596110
vt 0.341459 0.712610
vt 0.341739 0.695710
vt 0.348579 0.701210
vt 0.348539 0.719810
vt 0.086299 0.157710
vt 0.085779 0.130610
vt 0.092859 0.132710
vt 0.093459 0.158910
vt 0.112339 0.022110
vt 0.113819 0.045810
vt 0.109659 0.045210
vt 0.109419 0.021510
vt 0.325859 0.613310
vt 0.325099 0.614810
vt 0.319899 0.599510
vt 0.207339 0.594410
vt 0.210299 0.599310
vt 0.208739 0.600610
vt 0.207019 0.596110
vt 0.334939 0.212110
vt 0.339139 0.211910
vt 0.339379 0.244410
vt 0.334739 0.244510
vt 0.129299 0.011510
vt 0.129139 0.019710
vt 0.126459 0.016710
vt 0.126299 0.006710
vt 0.354699 0.631510
vt 0.355139 0.640110
vt 0.353979 0.631510
vt 0.194379 0.611710
vt 0.192219 0.611410
vt 0.192019 0.600110
vt 0.304939 0.729110
vt 0.304859 0.764910
vt 0.182019 0.530910
vt 0.185539 0.522510
vt 0.187899 0.532410
vt 0.183859 0.544410
vt 0.328579 0.384410
vt 0.334579 0.384310
vt 0.333979 0.398610
vt 0.328219 0.401510
vt 0.341459 0.631910
vt 0.338699 0.629810
vt 0.339499 0.617810
vt 0.342859 0.621210
vt 0.301459 0.655710
vt 0.300619 0.694310
vt 0.295539 0.692010
vt 0.296339 0.654710
vt 0.109699 0.243110
vt 0.111779 0.226110
vt 0.118299 0.236010
vt 0.114619 0.249610
vt 0.152899 0.029310
vt 0.147899 0.039810
vt 0.149059 0.020010
vt 0.151899 0.020610
vt 0.349219 0.313610
vt 0.354419 0.313510
vt 0.353499 0.361410
vt 0.347899 0.363710
vt 0.335299 0.331810
vt 0.334979 0.345510
vt 0.334139 0.345010
vt 0.334699 0.331510
vt 0.094379 0.635910
vt 0.094579 0.643710
vt 0.087979 0.645210
vt 0.087579 0.637510
vt 0.176499 0.050810
vt 0.166779 0.048610
vt 0.171339 0.035010
vt 0.176299 0.027610
vt 0.177179 0.088310
vt 0.177219 0.108310
vt 0.167259 0.084910
vt 0.157019 0.760410
vt 0.158499 0.778810
vt 0.154739 0.778110
vt 0.153179 0.762010
vt 0.318539 0.282510
vt 0.318979 0.245910
vt 0.325819 0.248110
vt 0.326219 0.282110
vt 0.197019 0.506310
vt 0.193979 0.499510
vt 0.353419 0.625010
vt 0.354139 0.625110
vt 0.080619 0.606910
vt 0.075739 0.577710
vt 0.087619 0.576810
vt 0.087579 0.605810
vt 0.114579 0.756210
vt 0.105499 0.770010
vt 0.106179 0.749610
vt 0.111859 0.743210
vt 0.129979 0.068510
vt 0.128499 0.035510
vt 0.131299 0.035410
vt 0.151699 0.510010
vt 0.151859 0.349310
vt 0.166299 0.350010
vt 0.166219 0.511710
vt 0.175979 0.020010
vt 0.180379 0.026210
vt 0.175619 0.021710
vt 0.114379 0.794410
vt 0.105699 0.796510
vt 0.164539 0.029210
vt 0.164619 0.027310
vt 0.074459 0.077610
vt 0.073739 0.050510
vt 0.084899 0.062710
vt 0.084979 0.089710
vt 0.335659 0.300210
vt 0.335899 0.308510
vt 0.334899 0.308410
vt 0.334699 0.300110
vt 0.206699 0.634910
vt 0.211019 0.627910
vt 0.211779 0.662810
vt 0.207459 0.670410
vt 0.153859 0.202410
vt 0.154499 0.177510
vt 0.163659 0.176310
vt 0.163739 0.210510
vt 0.084899 0.013310
vt 0.084699 0.035010
vt 0.073219 0.025210
vt 0.072019 0.008710
vt 0.323379 0.764910
vt 0.321019 0.764910
vt 0.320819 0.735510
vt 0.323139 0.734910
vt 0.302739 0.711310
vt 0.301819 0.711010
vt 0.131579 0.114010
vt 0.132819 0.093910
vt 0.136419 0.096010
vt 0.135539 0.115910
vt 0.330139 0.713710
vt 0.339339 0.712210
vt 0.339339 0.733710
vt 0.330339 0.733910
vt 0.341499 0.733710
vt 0.305459 0.711210
vt 0.342059 0.682610
vt 0.339419 0.695310
vt 0.339419 0.682510
vt 0.125659 0.016610
vt 0.125579 0.006910
vt 0.172019 0.027410
vt 0.173259 0.021110
vt 0.174059 0.018210
vt 0.175779 0.014210
vt 0.178979 0.016210
vt 0.156739 0.643310
vt 0.148739 0.620110
vt 0.152299 0.604010
vt 0.164579 0.633910
vt 0.113979 0.818210
vt 0.105819 0.820510
vt 0.339619 0.298910
vt 0.339939 0.313210
vt 0.206019 0.593710
vt 0.205299 0.593710
vt 0.076779 0.775910
vt 0.085579 0.774010
vt 0.088339 0.800010
vt 0.336379 0.322510
vt 0.335219 0.322310
vt 0.191459 0.552110
vt 0.194499 0.552310
vt 0.193699 0.561310
vt 0.191499 0.561010
vt 0.128099 0.093110
vt 0.110339 0.070710
vt 0.101899 0.069110
vt 0.101419 0.042410
vt 0.205819 0.590710
vt 0.205099 0.590110
vt 0.209099 0.452210
vt 0.210179 0.443910
vt 0.213779 0.444810
vt 0.212899 0.459110
vt 0.206779 0.561210
vt 0.208459 0.556910
vt 0.132579 0.538810
vt 0.132699 0.507610
vt 0.151619 0.543010
vt 0.334099 0.309610
vt 0.333019 0.313610
vt 0.332939 0.309910
vt 0.333539 0.300010
vt 0.328579 0.309710
vt 0.327659 0.299810
vt 0.328539 0.344510
vt 0.329179 0.337210
vt 0.333139 0.337110
vt 0.154659 0.106910
vt 0.152859 0.155410
vt 0.324099 0.648610
vt 0.323019 0.693110
vt 0.320219 0.692110
vt 0.321859 0.647710
vt 0.327059 0.317710
vt 0.327339 0.329310
vt 0.326219 0.329610
vt 0.325859 0.317610
vt 0.299459 0.726610
vt 0.299139 0.764910
vt 0.293459 0.764910
vt 0.294339 0.721110
vt 0.337259 0.398610
vt 0.336219 0.398410
vt 0.336419 0.384210
vt 0.337659 0.383510
vt 0.197899 0.591110
vt 0.167819 0.756010
vt 0.170299 0.780110
vt 0.168379 0.779110
vt 0.166259 0.756510
vt 0.340299 0.322710
vt 0.303299 0.656210
vt 0.304099 0.656510
vt 0.303059 0.694910
vt 0.302259 0.695110
vt 0.327819 0.640710
vt 0.327579 0.681110
vt 0.151739 0.012210
vt 0.154379 0.013010
vt 0.154539 0.019510
vt 0.160139 0.685410
vt 0.164939 0.690510
vt 0.161579 0.703710
vt 0.158819 0.702110
vt 0.334539 0.367910
vt 0.328699 0.366910
vt 0.176899 0.206710
vt 0.166739 0.209410
vt 0.166859 0.176310
vt 0.176979 0.175210
vt 0.152099 0.568910
vt 0.165699 0.566410
vt 0.326859 0.338510
vt 0.320539 0.346710
vt 0.319179 0.334710
vt 0.349819 0.693110
vt 0.155379 0.013410
vt 0.155259 0.020110
vt 0.196539 0.583610
vt 0.198339 0.588010
vt 0.193939 0.586610
vt 0.214819 0.627710
vt 0.215579 0.662910
vt 0.318259 0.320410
vt 0.168619 0.688610
vt 0.168259 0.662510
vt 0.176219 0.663710
vt 0.175979 0.689110
vt 0.318099 0.711210
vt 0.319739 0.715210
vt 0.316339 0.711910
vt 0.316379 0.709510
vt 0.180739 0.050410
vt 0.181459 0.089710
vt 0.345579 0.410310
vt 0.345339 0.402510
vt 0.345859 0.402410
vt 0.108179 0.694810
vt 0.105459 0.675410
vt 0.110899 0.668310
vt 0.115499 0.688810
vt 0.211379 0.313910
vt 0.214979 0.311510
vt 0.215179 0.326810
vt 0.211379 0.326910
vt 0.088339 0.624610
vt 0.138179 0.037110
vt 0.138539 0.019410
vt 0.148299 0.019810
vt 0.316819 0.735810
vt 0.307059 0.729610
vt 0.307219 0.715010
vt 0.111179 0.166610
vt 0.105699 0.219510
vt 0.102739 0.163110
vt 0.330259 0.694510
vt 0.330579 0.682710
vt 0.178539 0.175210
vt 0.178619 0.206110
vt 0.134299 0.068310
vt 0.101899 0.096010
vt 0.101939 0.114510
vt 0.093179 0.112510
vt 0.093659 0.094010
vt 0.335179 0.278510
vt 0.334499 0.278410
vt 0.094619 0.482810
vt 0.090099 0.480310
vt 0.090139 0.405110
vt 0.095859 0.402710
vt 0.335779 0.346210
vt 0.336419 0.358010
vt 0.335459 0.358010
vt 0.200979 0.556510
vt 0.199779 0.548010
vt 0.204819 0.551010
vt 0.203339 0.556610
vt 0.165619 0.703610
vt 0.163739 0.709710
vt 0.349179 0.280010
vt 0.354459 0.279610
vt 0.330739 0.639610
vt 0.177859 0.346410
vt 0.175939 0.347710
vt 0.175819 0.320610
vt 0.177739 0.321510
vt 0.178339 0.259710
vt 0.176339 0.260010
vt 0.180899 0.140510
vt 0.188419 0.156210
vt 0.183499 0.175210
vt 0.123019 0.352110
vt 0.123219 0.320610
vt 0.131099 0.323010
vt 0.131619 0.350210
vt 0.166659 0.033510
vt 0.166379 0.731110
vt 0.164379 0.727810
vt 0.151059 0.221310
vt 0.164619 0.265210
vt 0.150899 0.263610
vt 0.146819 0.233610
vt 0.193699 0.572510
vt 0.191619 0.572710
vt 0.338539 0.366510
vt 0.338859 0.358910
vt 0.347019 0.362410
vt 0.346659 0.369910
vt 0.339459 0.278810
vt 0.320379 0.713810
vt 0.322859 0.714110
vt 0.347619 0.370610
vt 0.346539 0.387010
vt 0.345819 0.387110
vt 0.336819 0.368510
vt 0.335819 0.384310
vt 0.335979 0.368210
vt 0.080899 0.221710
vt 0.081699 0.208510
vt 0.088019 0.210210
vt 0.087859 0.223610
vt 0.327859 0.337710
vt 0.192699 0.546110
vt 0.191339 0.546310
vt 0.179939 0.019110
vt 0.101499 0.019110
vt 0.159859 0.724110
vt 0.320219 0.735710
vt 0.082699 0.829710
vt 0.090579 0.823410
vt 0.091339 0.829510
vt 0.105819 0.698310
vt 0.114139 0.736810
vt 0.323859 0.621910
vt 0.322939 0.630910
vt 0.320539 0.627610
vt 0.321139 0.620210
vt 0.341059 0.323510
vt 0.341179 0.334610
vt 0.340499 0.334410
vt 0.197219 0.561210
vt 0.196059 0.549510
vt 0.198659 0.558510
vt 0.177979 0.539910
vt 0.180899 0.553010
vt 0.356539 0.723110
vt 0.356539 0.740010
vt 0.355739 0.739810
vt 0.355499 0.722910
vt 0.341019 0.299210
vt 0.340739 0.316110
vt 0.122059 0.251110
vt 0.131859 0.248810
vt 0.130819 0.264610
vt 0.122619 0.267810
vt 0.134219 0.584010
vt 0.132819 0.563410
vt 0.087379 0.526010
vt 0.094339 0.523110
vt 0.093339 0.577210
vt 0.334539 0.322110
vt 0.166539 0.262010
vt 0.156259 0.028110
vt 0.154899 0.025210
vt 0.155659 0.024810
vt 0.156579 0.026710
vt 0.101339 0.648810
vt 0.104499 0.638210
vt 0.328499 0.619110
vt 0.326299 0.623510
vt 0.093739 0.605010
vt 0.123699 0.539410
vt 0.124139 0.507810
vt 0.093739 0.211310
vt 0.369739 0.191910
vt 0.368459 0.186210
vt 0.373619 0.182410
vt 0.374219 0.188210
vt 0.333179 0.330210
vt 0.341579 0.244710
vt 0.340979 0.279110
vt 0.351499 0.739110
vt 0.351499 0.721810
vt 0.176819 0.149710
vt 0.327499 0.346410
vt 0.322099 0.355910
vt 0.151339 0.731810
vt 0.155099 0.722010
vt 0.156339 0.736610
vt 0.152019 0.744710
vt 0.334379 0.357610
vt 0.328859 0.357810
vt 0.371819 0.133610
vt 0.380219 0.136010
vt 0.371619 0.136410
vt 0.095739 0.367710
vt 0.094499 0.354910
vt 0.097619 0.352610
vt 0.100859 0.365410
vt 0.138859 0.009710
vt 0.148299 0.011210
vt 0.199659 0.669710
vt 0.199579 0.695010
vt 0.195579 0.695610
vt 0.195219 0.661610
vt 0.325939 0.305010
vt 0.327259 0.305010
vt 0.175699 0.544410
vt 0.175859 0.564910
vt 0.348339 0.738010
vt 0.327219 0.366310
vt 0.327619 0.357610
vt 0.299859 0.711310
vt 0.294659 0.712910
vt 0.126339 0.034810
vt 0.190459 0.185610
vt 0.195939 0.171010
vt 0.327819 0.631710
vt 0.325139 0.632610
vt 0.109979 0.100110
vt 0.110579 0.117910
vt 0.106059 0.826510
vt 0.126579 0.112710
vt 0.102219 0.136910
vt 0.110739 0.137010
vt 0.191819 0.586410
vt 0.193059 0.662010
vt 0.192419 0.624510
vt 0.194619 0.624510
vt 0.209139 0.470710
vt 0.205819 0.464010
vt 0.353059 0.368010
vt 0.356459 0.707210
vt 0.157379 0.711610
vt 0.147339 0.076610
vt 0.147059 0.101410
vt 0.137379 0.070010
vt 0.338979 0.640010
vt 0.124339 0.112010
vt 0.324059 0.368710
vt 0.323059 0.361710
vt 0.151259 0.322310
vt 0.165979 0.320010
vt 0.060499 0.606810
vt 0.060499 0.577310
vt 0.124659 0.583910
vt 0.124339 0.564510
vt 0.115579 0.738910
vt 0.120019 0.709610
vt 0.075299 0.095710
vt 0.085299 0.108210
vt 0.339939 0.354510
vt 0.339699 0.350210
vt 0.340379 0.350310
vt 0.131899 0.018810
vt 0.330539 0.764910
vt 0.333099 0.322910
vt 0.108979 0.308110
vt 0.103259 0.351510
vt 0.099939 0.346310
vt 0.105619 0.304010
vt 0.195939 0.317610
vt 0.196019 0.335610
vt 0.094499 0.067110
vt 0.155739 0.033110
vt 0.095179 0.039610
vt 0.328779 0.327610
vt 0.328899 0.332510
vt 0.085419 0.395410
vt 0.074259 0.394610
vt 0.075299 0.382610
vt 0.087139 0.383810
vt 0.207459 0.592010
vt 0.181579 0.108610
vt 0.355739 0.764910
vt 0.351499 0.764910
vt 0.100539 0.380210
vt 0.096139 0.386910
vt 0.326979 0.401510
vt 0.327299 0.383410
vt 0.155059 0.078310
vt 0.203859 0.671010
vt 0.208099 0.693810
vt 0.204139 0.694410
vt 0.325419 0.385710
vt 0.325099 0.403410
vt 0.330579 0.630910
vt 0.087979 0.368610
vt 0.088939 0.354010
vt 0.319259 0.646810
vt 0.318139 0.691210
vt 0.317019 0.690610
vt 0.318219 0.645610
vt 0.161499 0.756410
vt 0.211419 0.341610
vt 0.214939 0.342010
vt 0.100339 0.483310
vt 0.100219 0.397810
vt 0.131939 0.011010
vt 0.124219 0.065810
vt 0.122859 0.090810
vt 0.206339 0.553410
vt 0.205019 0.558210
vt 0.167499 0.633410
vt 0.164699 0.662810
vt 0.318419 0.295410
vt 0.326259 0.294610
vt 0.318299 0.306510
vt 0.341459 0.640310
vt 0.209939 0.554210
vt 0.211259 0.561710
vt 0.159539 0.664710
vt 0.336579 0.332610
vt 0.215059 0.224610
vt 0.209859 0.230210
vt 0.207899 0.222410
vt 0.211539 0.202110
vt 0.292139 0.691410
vt 0.292939 0.654510
vt 0.191019 0.539610
vt 0.195019 0.541210
vt 0.339059 0.764910
vt 0.155219 0.044110
vt 0.060899 0.365910
vt 0.061099 0.349710
vt 0.075659 0.351310
vt 0.075379 0.367010
vt 0.169299 0.756310
vt 0.169059 0.731310
vt 0.175379 0.731410
vt 0.174619 0.757110
vt 0.328419 0.318310
vt 0.097579 0.645810
vt 0.098859 0.639610
vt 0.099259 0.651810
vt 0.328379 0.312610
vt 0.088699 0.488610
vt 0.094819 0.498910
vt 0.086619 0.506710
vt 0.086059 0.491910
vt 0.326739 0.247810
vt 0.327499 0.281010
vt 0.335459 0.398410
vt 0.335019 0.411010
vt 0.333899 0.411310
vt 0.060779 0.381210
vt 0.350019 0.672110
vt 0.349459 0.683310
vt 0.348659 0.683010
vt 0.296939 0.632110
vt 0.303019 0.629010
vt 0.347099 0.623810
vt 0.336739 0.410210
vt 0.198899 0.634210
vt 0.093619 0.225610
vt 0.168659 0.703110
vt 0.164179 0.032910
vt 0.122779 0.111710
vt 0.122059 0.111510
vt 0.372739 0.123010
vt 0.366019 0.127610
vt 0.366859 0.117610
vt 0.317179 0.764910
vt 0.307179 0.764910
vt 0.201539 0.207710
vt 0.206539 0.193610
vt 0.109259 0.269310
vt 0.109899 0.254610
vt 0.113579 0.260210
vt 0.112339 0.275310
vt 0.163099 0.779310
vt 0.348059 0.312910
vt 0.176579 0.632010
vt 0.195979 0.612310
vt 0.197259 0.620010
vt 0.088619 0.398410
vt 0.098339 0.577310
vt 0.098939 0.602010
vt 0.116099 0.138410
vt 0.116339 0.169710
vt 0.355699 0.662110
vt 0.100059 0.498610
vt 0.149379 0.010910
vt 0.348059 0.279910
vt 0.085099 0.758110
vt 0.351939 0.385710
vt 0.348419 0.242410
vt 0.125499 0.034910
vt 0.211179 0.249010
vt 0.216299 0.248710
vt 0.073459 0.527310
vt 0.072699 0.508210
vt 0.177619 0.510210
vt 0.175979 0.510510
vt 0.175899 0.702810
vt 0.094099 0.623910
vt 0.351059 0.402510
vt 0.206819 0.587610
vt 0.077459 0.125710
vt 0.356419 0.700510
vt 0.207299 0.548810
vt 0.205499 0.545710
vt 0.137659 0.610810
vt 0.072299 0.493110
vt 0.100819 0.626210
vt 0.317979 0.710110
vt 0.100219 0.514010
vt 0.203019 0.634810
vt 0.078659 0.157710
vt 0.369659 0.006710
vt 0.374019 0.012010
vt 0.372579 0.019810
vt 0.366819 0.009810
vt 0.210859 0.427610
vt 0.214499 0.427610
vt 0.303899 0.628810
vt 0.304979 0.628510
vt 0.316539 0.707810
vt 0.205859 0.625910
vt 0.203019 0.627510
vt 0.135699 0.019010
vt 0.135899 0.008710
vt 0.201819 0.591310
vt 0.201699 0.592610
vt 0.091739 0.833910
vt 0.083179 0.834410
vt 0.124619 0.607810
vt 0.199939 0.542610
vt 0.075139 0.760110
vt 0.106259 0.830710
vt 0.335819 0.410610
vt 0.166139 0.545910
vt 0.135019 0.035910
vt 0.114699 0.071310
vt 0.115379 0.099710
vt 0.328419 0.414610
vt 0.060419 0.647610
vt 0.060459 0.639010
vt 0.350779 0.412810
vt 0.318699 0.212610
vt 0.325899 0.212310
vt 0.333219 0.279010
vt 0.332379 0.245610
vt 0.333579 0.244810
vt 0.210899 0.617510
vt 0.210539 0.605910
vt 0.214379 0.607210
vt 0.214459 0.615610
vt 0.167499 0.018710
vt 0.168019 0.014510
vt 0.168819 0.015310
vt 0.168219 0.019410
vt 0.173339 0.781010
vt 0.380219 0.124310
vt 0.380219 0.012210
vt 0.380219 0.022210
vt 0.168699 0.012410
vt 0.169539 0.012710
vt 0.203299 0.592410
vt 0.203339 0.591210
vt 0.349739 0.625410
vt 0.115659 0.113210
vt 0.114219 0.825510
vt 0.095699 0.017410
vt 0.207739 0.622910
vt 0.209499 0.616210
vt 0.146219 0.129310
vt 0.089379 0.014910
vt 0.092419 0.016410
vt 0.209619 0.605710
vt 0.319499 0.626210
vt 0.320179 0.619510
vt 0.349259 0.242410
vt 0.348499 0.764910
vt 0.326699 0.415910
vt 0.324659 0.416610
vt 0.366339 0.064410
vt 0.365419 0.060310
vt 0.371939 0.055810
vt 0.372779 0.061410
vt 0.195299 0.573510
vt 0.346939 0.318210
vt 0.346139 0.357410
vt 0.107699 0.236710
vt 0.104539 0.232210
vt 0.199339 0.624810
vt 0.103059 0.677210
vt 0.196019 0.565310
vt 0.291179 0.713310
vt 0.293699 0.634010
vt 0.216019 0.692810
vt 0.212539 0.693210
vt 0.354299 0.242110
vt 0.320219 0.764910
vt 0.114419 0.829210
vt 0.060659 0.507610
vt 0.060739 0.492810
vt 0.213979 0.598210
vt 0.060579 0.526910
vt 0.213019 0.582710
vt 0.387099 0.386310
vt 0.385619 0.386310
vt 0.385619 0.374410
vt 0.387099 0.374410
vt 0.373339 0.374410
vt 0.373339 0.386310
vt 0.371979 0.386310
vt 0.371979 0.374410
vt 0.387099 0.362410
vt 0.385619 0.362410
vt 0.371979 0.362410
vt 0.373339 0.362410
vt 0.387099 0.355610
vt 0.385619 0.355610
vt 0.308779 0.059210
vt 0.308779 0.006710
vt 0.310979 0.007710
vt 0.310459 0.060510
vt 0.371979 0.355610
vt 0.373339 0.355610
vt 0.373339 0.391810
vt 0.371979 0.391810
vt 0.359259 0.374410
vt 0.359259 0.386310
vt 0.387099 0.391810
vt 0.385619 0.391810
vt 0.373339 0.484810
vt 0.371979 0.484810
vt 0.387099 0.484810
vt 0.385619 0.484810
vt 0.359259 0.362410
vt 0.359259 0.355610
vt 0.359259 0.391810
vt 0.359259 0.484810
vt 0.083379 0.315210
vt 0.084539 0.304010
vt 0.084779 0.304710
vt 0.083659 0.315210
vt 0.084899 0.330710
vt 0.085059 0.330210
vt 0.086299 0.333910
vt 0.086139 0.334710
vt 0.093379 0.333510
vt 0.093179 0.332910
vt 0.093699 0.301510
vt 0.093939 0.301010
vt 0.086459 0.297310
vt 0.086619 0.298210
vt 0.086939 0.308110
vt 0.086579 0.317510
vt 0.086899 0.328410
vt 0.087179 0.330810
vt 0.091979 0.330710
vt 0.091379 0.326810
vt 0.087539 0.302110
vt 0.092339 0.304510
vt 0.091139 0.320810
vt 0.091419 0.313310
vt 0.246819 0.067910
vt 0.246659 0.068310
vt 0.245539 0.065310
vt 0.245739 0.064410
vt 0.241339 0.065310
vt 0.241419 0.066210
vt 0.242059 0.094010
vt 0.242099 0.093410
vt 0.246339 0.092610
vt 0.246459 0.092910
vt 0.247779 0.085510
vt 0.247579 0.085310
vt 0.247699 0.077710
vt 0.247899 0.077510
vt 0.240659 0.089410
vt 0.239979 0.084010
vt 0.240499 0.083910
vt 0.240979 0.089110
vt 0.239819 0.074410
vt 0.240179 0.074410
vt 0.240619 0.068310
vt 0.240819 0.068610
vt 0.245539 0.070410
vt 0.245299 0.068010
vt 0.241779 0.068710
vt 0.242339 0.092210
vt 0.246019 0.091710
vt 0.246019 0.085710
vt 0.245819 0.078710
vt 0.241899 0.084210
vt 0.242099 0.088710
vt 0.241699 0.075210
vt 0.241659 0.070410
vt 0.393979 0.307110
vt 0.393659 0.323910
vt 0.391539 0.320710
vt 0.392219 0.308810
vt 0.392459 0.301110
vt 0.391019 0.303510
vt 0.380139 0.323710
vt 0.381339 0.320910
vt 0.382819 0.324910
vt 0.381939 0.329410
vt 0.386099 0.295610
vt 0.388619 0.295810
vt 0.388099 0.298410
vt 0.386099 0.297810
vt 0.383579 0.297410
vt 0.383899 0.299210
vt 0.382539 0.301410
vt 0.381939 0.300010
vt 0.390539 0.297510
vt 0.389619 0.300110
vt 0.384419 0.327110
vt 0.384299 0.332910
vt 0.391579 0.330110
vt 0.389979 0.324810
vt 0.385739 0.327810
vt 0.385859 0.333910
vt 0.387099 0.327710
vt 0.387579 0.333910
vt 0.389579 0.332810
vt 0.388699 0.326910
vt 0.379459 0.312610
vt 0.380379 0.312110
vt 0.381339 0.305110
vt 0.380459 0.304210
vt 0.390419 0.319110
vt 0.390899 0.309810
vt 0.389939 0.305510
vt 0.382339 0.319210
vt 0.383499 0.322410
vt 0.387619 0.301610
vt 0.386099 0.301110
vt 0.384379 0.302210
vt 0.383339 0.304010
vt 0.388819 0.302910
vt 0.384739 0.324110
vt 0.389179 0.322410
vt 0.385779 0.324710
vt 0.386859 0.324710
vt 0.388139 0.324010
vt 0.381619 0.312410
vt 0.382379 0.306910
vt 0.388499 0.316310
vt 0.388739 0.311110
vt 0.388219 0.308710
vt 0.384019 0.316310
vt 0.384659 0.318110
vt 0.386939 0.306610
vt 0.386099 0.306410
vt 0.385179 0.307110
vt 0.384619 0.308010
vt 0.387579 0.307310
vt 0.385339 0.319110
vt 0.387819 0.318210
vt 0.385899 0.319410
vt 0.386499 0.319510
vt 0.387219 0.319110
vt 0.383699 0.312510
vt 0.384099 0.309610
vt 0.386139 0.313110
vt 0.386379 0.200210
vt 0.387059 0.204710
vt 0.385059 0.208310
vt 0.383499 0.205310
vt 0.396619 0.206210
vt 0.398179 0.212910
vt 0.395059 0.213910
vt 0.394179 0.209510
vt 0.394819 0.202010
vt 0.393139 0.206910
vt 0.388619 0.198710
vt 0.388619 0.203810
vt 0.381139 0.217410
vt 0.383539 0.216010
vt 0.383779 0.224510
vt 0.381699 0.228110
vt 0.388019 0.242010
vt 0.388019 0.233710
vt 0.390739 0.233910
vt 0.391699 0.241910
vt 0.390659 0.198510
vt 0.390059 0.203710
vt 0.392579 0.199510
vt 0.391259 0.204410
vt 0.397339 0.232410
vt 0.394379 0.239410
vt 0.392539 0.232110
vt 0.394419 0.227810
vt 0.398739 0.219710
vt 0.395499 0.220110
vt 0.383659 0.236110
vt 0.385059 0.229310
vt 0.387299 0.206010
vt 0.385539 0.209210
vt 0.394539 0.214210
vt 0.393699 0.210310
vt 0.392779 0.207910
vt 0.388699 0.205110
vt 0.384179 0.216110
vt 0.384379 0.223810
vt 0.388179 0.232010
vt 0.390619 0.232210
vt 0.390019 0.205010
vt 0.391059 0.205710
vt 0.392259 0.230610
vt 0.393939 0.226710
vt 0.394939 0.219810
vt 0.385539 0.228110
vt 0.388499 0.213910
vt 0.387819 0.215210
vt 0.391379 0.217110
vt 0.391059 0.215510
vt 0.390659 0.214610
vt 0.389019 0.213510
vt 0.387259 0.217810
vt 0.387339 0.220810
vt 0.388819 0.224110
vt 0.389779 0.224310
vt 0.389539 0.213510
vt 0.389979 0.213710
vt 0.390419 0.223710
vt 0.391099 0.222210
vt 0.391499 0.219410
vt 0.387779 0.222510
vt 0.389459 0.218310
vt 0.060459 0.627110
vt 0.063219 0.831210
vt 0.193819 0.695810
vt 0.341619 0.211910
vt 0.348459 0.211710
vt 0.062179 0.779210
vt 0.326899 0.212310
vt 0.060739 0.126310
vt 0.060819 0.093410
vt 0.060659 0.155810
vt 0.332419 0.212110
vt 0.060539 0.207010
vt 0.333939 0.212110
vt 0.349259 0.211710
vt 0.380219 0.186210
vt 0.380219 0.186410
vt 0.061019 0.023110
vt 0.061099 0.006710
vt 0.290299 0.764910
vt 0.341059 0.764910
vt 0.373379 0.037910
vt 0.380219 0.040710
vt 0.380219 0.058810
vt 0.354139 0.211510
vt 0.060979 0.048110
vt 0.060499 0.219110
vt 0.060899 0.075110
vt 0.063299 0.836010
vt 0.356379 0.764910
vt 0.380059 0.064210
vt 0.380219 0.064110
vt 0.060699 0.394310
vt 0.362299 0.049810
vt 0.361139 0.042810
vt 0.366939 0.041810
vt 0.367979 0.047010
vt 0.361619 0.027810
vt 0.367139 0.031410
vt 0.366779 0.034310
vt 0.361179 0.031910
vt 0.363459 0.020310
vt 0.368699 0.025910
vt 0.367859 0.028010
vt 0.362619 0.022910
vt 0.362019 0.025510
vt 0.367419 0.029810
vt 0.360939 0.037210
vt 0.366699 0.037910
vt 0.364379 0.016010
vt 0.364579 0.015710
vt 0.369899 0.023910
vt 0.366259 0.012010
vt 0.371619 0.021010
vt 0.364979 0.015410
vt 0.363859 0.055210
vt 0.369699 0.051010
vt 0.364739 0.015510
vt 0.363579 0.018410
vt 0.363379 0.019310
vt 0.356779 0.314410
vt 0.355579 0.361710
vt 0.356899 0.280410
vt 0.355019 0.370910
vt 0.354139 0.387010
vt 0.353099 0.403110
vt 0.352659 0.412610
vt 0.356419 0.242210
vt 0.356339 0.211410
vt 0.361139 0.157610
vt 0.360939 0.151410
vt 0.367059 0.150610
vt 0.367059 0.154910
vt 0.365339 0.176110
vt 0.364659 0.174810
vt 0.370299 0.166510
vt 0.370979 0.167410
vt 0.361939 0.142610
vt 0.367899 0.144510
vt 0.367379 0.147110
vt 0.361219 0.146410
vt 0.364059 0.134410
vt 0.365339 0.130310
vt 0.370139 0.139110
vt 0.366219 0.177510
vt 0.371939 0.168410
vt 0.372379 0.169010
vt 0.366459 0.178210
vt 0.366659 0.179010
vt 0.366499 0.179010
vt 0.361619 0.163110
vt 0.367419 0.158610
vt 0.368499 0.163210
vt 0.362819 0.169910
vt 0.367699 0.181610
vt 0.380219 0.171410
vt 0.380219 0.153210
vt 0.373179 0.152810
vt 0.367179 0.111410
vt 0.373339 0.112710
vt 0.367339 0.072310
vt 0.373539 0.077410
vt 0.367459 0.078410
vt 0.366899 0.067710
vt 0.380099 0.117710
vt 0.380339 0.081710
vt 0.296939 0.414410
vt 0.295939 0.417710
vt 0.295539 0.416110
vt 0.296339 0.413610
vt 0.293859 0.419610
vt 0.293699 0.417610
vt 0.294059 0.314310
vt 0.296019 0.318510
vt 0.295699 0.320110
vt 0.293979 0.315310
vt 0.297619 0.377210
vt 0.297379 0.377510
vt 0.297139 0.337510
vt 0.297419 0.337610
vt 0.282219 0.409910
vt 0.282859 0.409610
vt 0.283579 0.415010
vt 0.283059 0.416210
vt 0.284219 0.420410
vt 0.284499 0.418410
vt 0.285619 0.419010
vt 0.285419 0.421510
vt 0.281859 0.384810
vt 0.281859 0.340210
vt 0.282219 0.340910
vt 0.282339 0.384610
vt 0.297579 0.406110
vt 0.297179 0.405110
vt 0.282859 0.320910
vt 0.283139 0.321810
vt 0.283179 0.320310
vt 0.282979 0.319710
vt 0.297339 0.410410
vt 0.296779 0.409910
vt 0.282179 0.403110
vt 0.282579 0.403410
vt 0.284819 0.414310
vt 0.286699 0.414710
vt 0.285339 0.412810
vt 0.288619 0.415510
vt 0.291299 0.415310
vt 0.293099 0.414510
vt 0.294699 0.411910
vt 0.283939 0.412010
vt 0.284379 0.410810
vt 0.283619 0.408710
vt 0.283099 0.404510
vt 0.282739 0.384910
vt 0.295779 0.409010
vt 0.296659 0.405210
vt 0.297019 0.377710
vt 0.296779 0.337110
vt 0.295539 0.321710
vt 0.291859 0.320810
vt 0.289459 0.321110
vt 0.289499 0.320110
vt 0.291819 0.319710
vt 0.283579 0.323210
vt 0.282699 0.340810
vt 0.286499 0.411210
vt 0.287419 0.412010
vt 0.289099 0.412310
vt 0.291259 0.412010
vt 0.292459 0.411610
vt 0.293419 0.411610
vt 0.285579 0.410010
vt 0.284699 0.408210
vt 0.284299 0.404410
vt 0.284339 0.383310
vt 0.294619 0.409010
vt 0.295539 0.405310
vt 0.295819 0.377910
vt 0.295579 0.337610
vt 0.294819 0.324210
vt 0.286619 0.321810
vt 0.286859 0.326810
vt 0.284499 0.325210
vt 0.284059 0.341310
vt 0.286699 0.320710
vt 0.291819 0.326410
vt 0.289259 0.327210
vt 0.287099 0.409410
vt 0.289099 0.409810
vt 0.291259 0.409710
vt 0.292739 0.409110
vt 0.293019 0.406110
vt 0.291299 0.406410
vt 0.289019 0.406810
vt 0.286899 0.406810
vt 0.292419 0.381710
vt 0.292139 0.341110
vt 0.286939 0.381810
vt 0.286699 0.341410
vt 0.289579 0.381810
vt 0.289299 0.341510
vt 0.061779 0.761910
vt 0.061059 0.349710
vt 0.292379 0.402210
vt 0.286899 0.402110
vt 0.289539 0.402210
vt 0.190299 0.116510
vt 0.191099 0.116510
vt 0.191099 0.130510
vt 0.190299 0.130510
vt 0.190219 0.102610
vt 0.185979 0.116510
vt 0.185979 0.102210
vt 0.195339 0.116310
vt 0.195099 0.130510
vt 0.191059 0.102610
vt 0.186299 0.130610
vt 0.195259 0.102210
vt 0.365259 0.326110
vt 0.366059 0.326110
vt 0.366059 0.340010
vt 0.365219 0.340010
vt 0.365179 0.312110
vt 0.360939 0.326010
vt 0.360939 0.311710
vt 0.370299 0.325810
vt 0.370059 0.340110
vt 0.366019 0.312110
vt 0.361259 0.340110
vt 0.370219 0.311710
vt 0.073099 0.415510
vt 0.072299 0.415510
vt 0.072419 0.401510
vt 0.073219 0.401510
vt 0.073019 0.429510
vt 0.077219 0.416010
vt 0.077019 0.430210
vt 0.068219 0.415710
vt 0.068419 0.401510
vt 0.072219 0.429510
vt 0.077179 0.401910
vt 0.068219 0.429810
vt 0.007499 0.353410
vt 0.006659 0.353410
vt 0.006779 0.339410
vt 0.007619 0.339410
vt 0.007419 0.367410
vt 0.011579 0.354010
vt 0.011379 0.368110
vt 0.002619 0.353610
vt 0.002819 0.339410
vt 0.006579 0.367410
vt 0.011579 0.339810
vt 0.002619 0.367710
vt 0.355619 0.829610
vt 0.351419 0.830610
vt 0.351459 0.823710
vt 0.355579 0.822710
vt 0.301339 0.801310
vt 0.302139 0.801210
vt 0.266539 0.765110
vt 0.265819 0.762010
vt 0.266339 0.760910
vt 0.267179 0.764610
vt 0.045499 0.806310
vt 0.044219 0.827610
vt 0.350379 0.888610
vt 0.351299 0.866010
vt 0.354939 0.867510
vt 0.354419 0.889910
vt 0.204499 0.795610
vt 0.204979 0.798610
vt 0.203979 0.797410
vt 0.203979 0.796310
vt 0.349939 0.897910
vt 0.346499 0.898510
vt 0.347619 0.888310
vt 0.226459 0.720810
vt 0.224379 0.722410
vt 0.223139 0.697410
vt 0.224979 0.696210
vt 0.214899 0.823210
vt 0.213819 0.820910
vt 0.213419 0.805010
vt 0.214779 0.801410
vt 0.263299 0.740210
vt 0.264259 0.705210
vt 0.265219 0.739510
vt 0.263619 0.677410
vt 0.262939 0.639910
vt 0.266059 0.639110
vt 0.266379 0.678610
vt 0.200739 0.788710
vt 0.202819 0.793610
vt 0.202339 0.796510
vt 0.198179 0.790610
vt 0.341459 0.817210
vt 0.348539 0.809910
vt 0.348579 0.828610
vt 0.341739 0.834010
vt 0.035019 0.156910
vt 0.027859 0.157910
vt 0.028579 0.131710
vt 0.035699 0.129710
vt 0.012259 0.043610
vt 0.008139 0.044010
vt 0.009739 0.020310
vt 0.012659 0.019910
vt 0.325859 0.916510
vt 0.319939 0.930210
vt 0.325099 0.915010
vt 0.211659 0.792910
vt 0.211259 0.791310
vt 0.212779 0.786310
vt 0.214379 0.787210
vt 0.339059 0.179510
vt 0.334379 0.179710
vt 0.225739 0.771310
vt 0.228419 0.768410
vt 0.228619 0.776510
vt 0.225579 0.781410
vt 0.354739 0.898210
vt 0.353979 0.898210
vt 0.355179 0.889610
vt 0.195899 0.780110
vt 0.198019 0.779310
vt 0.196179 0.791410
vt 0.304939 0.800710
vt 0.286699 0.255510
vt 0.284299 0.265410
vt 0.280779 0.256910
vt 0.282659 0.243410
vt 0.333699 0.025310
vt 0.334179 0.039810
vt 0.328179 0.039210
vt 0.328019 0.022110
vt 0.341499 0.897910
vt 0.342859 0.908510
vt 0.339539 0.912010
vt 0.338699 0.900010
vt 0.301459 0.874010
vt 0.296299 0.875010
vt 0.295539 0.837710
vt 0.300619 0.835410
vt 0.011219 0.241610
vt 0.006299 0.248010
vt 0.002619 0.234310
vt 0.009219 0.224610
vt 0.248339 0.768110
vt 0.247179 0.748210
vt 0.252179 0.758710
vt 0.251179 0.767410
vt 0.348419 0.110210
vt 0.347299 0.060810
vt 0.352859 0.063110
vt 0.353619 0.110310
vt 0.334339 0.092410
vt 0.333699 0.092710
vt 0.333299 0.079210
vt 0.334139 0.078710
vt 0.033099 0.645310
vt 0.026699 0.644610
vt 0.026739 0.636710
vt 0.033499 0.637610
vt 0.270619 0.752910
vt 0.266059 0.739410
vt 0.275779 0.737110
vt 0.275579 0.760410
vt 0.276459 0.699610
vt 0.266499 0.703010
vt 0.276459 0.679610
vt 0.255539 0.027510
vt 0.251659 0.025910
vt 0.253219 0.009810
vt 0.256979 0.009010
vt 0.317819 0.142410
vt 0.325499 0.142310
vt 0.325459 0.176610
vt 0.318619 0.179210
vt 0.295779 0.281710
vt 0.292779 0.288510
vt 0.354139 0.904610
vt 0.353419 0.904710
vt 0.040379 0.606910
vt 0.033419 0.605910
vt 0.033379 0.576710
vt 0.045299 0.577510
vt 0.017539 0.757710
vt 0.018779 0.778210
vt 0.009299 0.765410
vt 0.011779 0.751410
vt 0.227779 0.752510
vt 0.229259 0.719610
vt 0.230579 0.752710
vt 0.250539 0.277910
vt 0.265059 0.276010
vt 0.265459 0.437810
vt 0.251019 0.438710
vt 0.279699 0.761710
vt 0.275259 0.768010
vt 0.274899 0.766210
vt 0.019419 0.805010
vt 0.010699 0.804610
vt 0.263819 0.758810
vt 0.263899 0.760710
vt 0.036939 0.061910
vt 0.048139 0.050110
vt 0.047299 0.077110
vt 0.036699 0.088910
vt 0.333979 0.115710
vt 0.334979 0.115510
vt 0.334779 0.123810
vt 0.333819 0.123910
vt 0.209259 0.752810
vt 0.208499 0.717310
vt 0.213139 0.723710
vt 0.213899 0.758610
vt 0.253099 0.585510
vt 0.262939 0.577410
vt 0.262859 0.611710
vt 0.253699 0.610410
vt 0.048819 0.024810
vt 0.037299 0.034210
vt 0.037219 0.012410
vt 0.050139 0.008310
vt 0.320819 0.794210
vt 0.323139 0.794910
vt 0.302739 0.818410
vt 0.301819 0.818710
vt 0.230819 0.674010
vt 0.234779 0.672210
vt 0.235659 0.692010
vt 0.232099 0.694210
vt 0.339339 0.796110
vt 0.339339 0.817510
vt 0.330139 0.816010
vt 0.330339 0.795810
vt 0.341499 0.796110
vt 0.305459 0.818510
vt 0.339419 0.834510
vt 0.342059 0.847110
vt 0.339419 0.847210
vt 0.224859 0.781210
vt 0.224979 0.771410
vt 0.272539 0.766910
vt 0.271339 0.760510
vt 0.278259 0.771710
vt 0.275059 0.773710
vt 0.273339 0.769710
vt 0.251019 0.183910
vt 0.247419 0.167910
vt 0.255419 0.144610
vt 0.263259 0.153910
vt 0.020179 0.829110
vt 0.011939 0.828610
vt 0.339059 0.110710
vt 0.338819 0.125010
vt 0.210379 0.794010
vt 0.209659 0.794210
vt 0.038739 0.778910
vt 0.047499 0.779210
vt 0.036899 0.805410
vt 0.334259 0.101910
vt 0.335419 0.101610
vt 0.197659 0.839210
vt 0.197339 0.830310
vt 0.199499 0.829510
vt 0.200659 0.838310
vt 0.227339 0.695010
vt 0.019899 0.067710
vt 0.011459 0.069010
vt 0.020539 0.041010
vt 0.210299 0.797010
vt 0.209619 0.797810
vt 0.308219 0.335410
vt 0.312019 0.328510
vt 0.312899 0.342810
vt 0.309299 0.343710
vt 0.212499 0.826010
vt 0.214379 0.829910
vt 0.231419 0.249410
vt 0.250419 0.244910
vt 0.231579 0.280610
vt 0.333179 0.114510
vt 0.332659 0.124110
vt 0.332019 0.114210
vt 0.332099 0.110510
vt 0.326779 0.124410
vt 0.327579 0.114410
vt 0.327659 0.079310
vt 0.332219 0.087010
vt 0.328219 0.086810
vt 0.253899 0.681010
vt 0.252099 0.632610
vt 0.320219 0.837710
vt 0.323019 0.836610
vt 0.324099 0.881110
vt 0.321859 0.882010
vt 0.326019 0.106410
vt 0.324819 0.106410
vt 0.325179 0.094310
vt 0.326299 0.094610
vt 0.299459 0.803110
vt 0.294339 0.808610
vt 0.335979 0.040010
vt 0.335939 0.025710
vt 0.336979 0.025510
vt 0.337219 0.040710
vt 0.202419 0.798710
vt 0.266339 0.031710
vt 0.264739 0.031210
vt 0.266859 0.008610
vt 0.268779 0.007610
vt 0.339339 0.101510
vt 0.303059 0.834810
vt 0.304099 0.873210
vt 0.303259 0.873510
vt 0.302259 0.834610
vt 0.327579 0.848610
vt 0.327819 0.889110
vt 0.253699 0.775010
vt 0.251019 0.775810
vt 0.253819 0.768510
vt 0.260139 0.084110
vt 0.263539 0.097310
vt 0.258779 0.102510
vt 0.257379 0.085710
vt 0.333979 0.056210
vt 0.328139 0.056810
vt 0.266099 0.611710
vt 0.265979 0.578510
vt 0.276099 0.581310
vt 0.276219 0.612710
vt 0.264459 0.221410
vt 0.250859 0.219010
vt 0.318219 0.088910
vt 0.319699 0.076610
vt 0.325899 0.085310
vt 0.349859 0.836710
vt 0.254539 0.767910
vt 0.254659 0.774610
vt 0.201379 0.806610
vt 0.198659 0.804310
vt 0.202979 0.801710
vt 0.216899 0.722510
vt 0.217659 0.757710
vt 0.317219 0.103610
vt 0.267219 0.099210
vt 0.274579 0.098610
vt 0.274859 0.124010
vt 0.266899 0.125310
vt 0.318099 0.818510
vt 0.316379 0.820310
vt 0.316339 0.817810
vt 0.319739 0.814610
vt 0.280739 0.698310
vt 0.280019 0.737610
vt 0.345379 0.014210
vt 0.345579 0.022110
vt 0.345059 0.022010
vt 0.010739 0.673210
vt 0.016299 0.679810
vt 0.013939 0.700210
vt 0.006499 0.695310
vt 0.310339 0.473710
vt 0.310419 0.460710
vt 0.314219 0.460910
vt 0.313939 0.476110
vt 0.032659 0.624810
vt 0.237459 0.750910
vt 0.247579 0.768210
vt 0.237819 0.768610
vt 0.307219 0.814710
vt 0.307059 0.800110
vt 0.316819 0.793910
vt 0.010099 0.165010
vt 0.018539 0.161710
vt 0.015299 0.218010
vt 0.330259 0.835210
vt 0.330579 0.847010
vt 0.277819 0.581910
vt 0.277779 0.612810
vt 0.233579 0.719810
vt 0.019739 0.094710
vt 0.027979 0.092910
vt 0.028379 0.111410
vt 0.019579 0.113110
vt 0.334499 0.145510
vt 0.333819 0.145710
vt 0.031459 0.403610
vt 0.031219 0.479510
vt 0.026659 0.481910
vt 0.025779 0.401110
vt 0.334819 0.066310
vt 0.335779 0.066310
vt 0.334979 0.078110
vt 0.206979 0.832310
vt 0.209299 0.831610
vt 0.211019 0.836810
vt 0.206099 0.841010
vt 0.264219 0.084210
vt 0.262299 0.078110
vt 0.348499 0.143610
vt 0.353779 0.143810
vt 0.330739 0.890110
vt 0.275059 0.467210
vt 0.275139 0.440010
vt 0.277019 0.441210
vt 0.277019 0.466410
vt 0.277579 0.528310
vt 0.275579 0.528010
vt 0.282699 0.612710
vt 0.287659 0.631710
vt 0.280139 0.647410
vt 0.222219 0.436110
vt 0.230779 0.437910
vt 0.230299 0.465010
vt 0.222459 0.467510
vt 0.265939 0.754510
vt 0.262939 0.060010
vt 0.264939 0.056710
vt 0.250139 0.524310
vt 0.263859 0.522710
vt 0.250299 0.566610
vt 0.246059 0.554310
vt 0.196979 0.818710
vt 0.199019 0.818410
vt 0.346379 0.062010
vt 0.338219 0.065410
vt 0.337939 0.057810
vt 0.346099 0.054610
vt 0.338779 0.145110
vt 0.320379 0.815910
vt 0.322859 0.815610
vt 0.346099 0.037510
vt 0.347059 0.053910
vt 0.345419 0.037410
vt 0.336259 0.055710
vt 0.335419 0.056010
vt 0.335379 0.039810
vt 0.040099 0.221010
vt 0.033099 0.222710
vt 0.033019 0.209310
vt 0.039379 0.207910
vt 0.326899 0.086210
vt 0.199179 0.844810
vt 0.197819 0.845110
vt 0.279219 0.768910
vt 0.020579 0.017710
vt 0.258419 0.063710
vt 0.320219 0.794010
vt 0.035499 0.829210
vt 0.043659 0.833910
vt 0.034939 0.835410
vt 0.009299 0.745010
vt 0.016379 0.703310
vt 0.323859 0.907810
vt 0.321139 0.909610
vt 0.320539 0.902110
vt 0.322939 0.898810
vt 0.340139 0.100610
vt 0.339499 0.090010
vt 0.340179 0.089910
vt 0.202379 0.840610
vt 0.203019 0.828610
vt 0.204539 0.830910
vt 0.276779 0.247710
vt 0.279739 0.234710
vt 0.356539 0.806710
vt 0.355499 0.806910
vt 0.355739 0.790010
vt 0.356539 0.789710
vt 0.340219 0.124710
vt 0.339859 0.107810
vt 0.221299 0.537010
vt 0.221859 0.520310
vt 0.230059 0.523410
vt 0.231099 0.539210
vt 0.231619 0.224710
vt 0.232979 0.204210
vt 0.033779 0.525510
vt 0.027659 0.577010
vt 0.026819 0.522510
vt 0.333619 0.102110
vt 0.265779 0.525910
vt 0.255539 0.759810
vt 0.255859 0.761210
vt 0.254939 0.763210
vt 0.254179 0.762810
vt 0.020019 0.651410
vt 0.016699 0.640810
vt 0.328499 0.910710
vt 0.326299 0.906210
vt 0.027219 0.605310
vt 0.223019 0.280510
vt 0.222539 0.248810
vt 0.027299 0.210210
vt 0.390699 0.191910
vt 0.386219 0.188210
vt 0.386779 0.182410
vt 0.391939 0.186210
vt 0.332179 0.094010
vt 0.340339 0.144810
vt 0.341219 0.179110
vt 0.351499 0.807910
vt 0.351499 0.790610
vt 0.276059 0.638210
vt 0.321419 0.067410
vt 0.326699 0.077410
vt 0.254899 0.051310
vt 0.253659 0.065910
vt 0.249899 0.056110
vt 0.250539 0.043310
vt 0.333699 0.066610
vt 0.328179 0.066010
vt 0.388619 0.133610
vt 0.388779 0.136410
vt 0.025979 0.366010
vt 0.020859 0.363810
vt 0.024059 0.350910
vt 0.027219 0.353110
vt 0.247579 0.776810
vt 0.238179 0.778310
vt 0.200739 0.720110
vt 0.196699 0.729410
vt 0.326299 0.119110
vt 0.324939 0.119210
vt 0.274499 0.243310
vt 0.274659 0.222810
vt 0.348339 0.791810
vt 0.326659 0.057310
vt 0.326939 0.066110
vt 0.299859 0.818410
vt 0.294659 0.816810
vt 0.225619 0.753210
vt 0.289659 0.602310
vt 0.295179 0.616710
vt 0.327819 0.898010
vt 0.325139 0.897210
vt 0.011619 0.098510
vt 0.010939 0.116210
vt 0.020139 0.835210
vt 0.225819 0.675410
vt 0.019179 0.135510
vt 0.010659 0.135410
vt 0.196579 0.805010
vt 0.195539 0.767010
vt 0.194539 0.729610
vt 0.197699 0.766410
vt 0.304939 0.323610
vt 0.308219 0.316810
vt 0.352499 0.056610
vt 0.356459 0.822510
vt 0.255939 0.076310
vt 0.246619 0.711410
vt 0.236619 0.718010
vt 0.246299 0.686610
vt 0.339019 0.889710
vt 0.223579 0.676010
vt 0.322459 0.061610
vt 0.323539 0.054610
vt 0.265219 0.467810
vt 0.250499 0.465610
vt 0.223419 0.204310
vt 0.223099 0.223810
vt 0.007939 0.747410
vt 0.002619 0.718010
vt 0.046339 0.095310
vt 0.036259 0.107410
vt 0.339259 0.069910
vt 0.339659 0.074210
vt 0.338979 0.074310
vt 0.231179 0.769310
vt 0.332139 0.101210
vt 0.021659 0.344710
vt 0.018379 0.350010
vt 0.012379 0.306610
vt 0.015699 0.302410
vt 0.295219 0.452110
vt 0.295059 0.469910
vt 0.027299 0.065910
vt 0.255019 0.754910
vt 0.026779 0.038410
vt 0.327859 0.091410
vt 0.327739 0.096310
vt 0.036219 0.393910
vt 0.034579 0.382210
vt 0.046299 0.381310
vt 0.047219 0.393410
vt 0.211859 0.795310
vt 0.280819 0.679310
vt 0.021179 0.378510
vt 0.025539 0.385210
vt 0.326899 0.040110
vt 0.326779 0.022010
vt 0.254339 0.709710
vt 0.204859 0.717710
vt 0.325059 0.037710
vt 0.324899 0.020010
vt 0.330579 0.898910
vt 0.033779 0.366810
vt 0.032819 0.352110
vt 0.319259 0.883010
vt 0.318259 0.884210
vt 0.317019 0.839110
vt 0.318139 0.838610
vt 0.259979 0.031510
vt 0.310499 0.446010
vt 0.314019 0.445710
vt 0.020939 0.482210
vt 0.021419 0.396010
vt 0.231219 0.777010
vt 0.223499 0.722310
vt 0.222099 0.697210
vt 0.210899 0.829510
vt 0.212419 0.834010
vt 0.266179 0.154410
vt 0.263339 0.125010
vt 0.317579 0.129410
vt 0.317339 0.118010
vt 0.325419 0.129810
vt 0.341459 0.889410
vt 0.216979 0.824410
vt 0.215979 0.832110
vt 0.258179 0.123210
vt 0.335619 0.091610
vt 0.314179 0.562710
vt 0.310779 0.585410
vt 0.307019 0.565210
vt 0.308979 0.557310
vt 0.292939 0.875210
vt 0.292139 0.838310
vt 0.197779 0.851810
vt 0.201659 0.849210
vt 0.254499 0.743910
vt 0.046339 0.349910
vt 0.046419 0.365710
vt 0.273939 0.056310
vt 0.267579 0.056510
vt 0.267779 0.031510
vt 0.273139 0.030610
vt 0.327419 0.105910
vt 0.022339 0.641410
vt 0.023779 0.647510
vt 0.022179 0.654210
vt 0.327379 0.111510
vt 0.032579 0.487910
vt 0.035219 0.491310
vt 0.034619 0.506110
vt 0.026419 0.498210
vt 0.326779 0.143410
vt 0.326379 0.176710
vt 0.334859 0.013010
vt 0.335179 0.025610
vt 0.333779 0.012610
vt 0.350019 0.857610
vt 0.348659 0.846710
vt 0.349499 0.846410
vt 0.296899 0.897610
vt 0.303019 0.900710
vt 0.347139 0.905910
vt 0.336579 0.013910
vt 0.201539 0.755610
vt 0.027339 0.224510
vt 0.267259 0.084710
vt 0.263459 0.755010
vt 0.222019 0.676310
vt 0.221299 0.676510
vt 0.394419 0.127610
vt 0.387699 0.123010
vt 0.393579 0.117610
vt 0.300699 0.579910
vt 0.305739 0.594010
vt 0.007339 0.258810
vt 0.011019 0.253110
vt 0.011739 0.267810
vt 0.008739 0.273910
vt 0.261579 0.008610
vt 0.347219 0.110910
vt 0.275259 0.155710
vt 0.200539 0.770210
vt 0.199579 0.778210
vt 0.032979 0.396910
vt 0.021979 0.602310
vt 0.022659 0.577110
vt 0.005339 0.136510
vt 0.004939 0.167910
vt 0.355699 0.867710
vt 0.021219 0.497710
vt 0.248699 0.777110
vt 0.347379 0.143710
vt 0.038699 0.763010
vt 0.351499 0.039010
vt 0.348099 0.181010
vt 0.224779 0.753210
vt 0.310259 0.538610
vt 0.315379 0.538710
vt 0.048579 0.507710
vt 0.047699 0.526910
vt 0.276499 0.277310
vt 0.274819 0.277110
vt 0.274499 0.084910
vt 0.026899 0.624610
vt 0.350739 0.022310
vt 0.211419 0.799810
vt 0.044059 0.125110
vt 0.356419 0.829310
vt 0.213539 0.838210
vt 0.211899 0.841810
vt 0.236379 0.177210
vt 0.049059 0.492510
vt 0.020179 0.627610
vt 0.317979 0.819710
vt 0.020979 0.513310
vt 0.205619 0.754010
vt 0.042659 0.157110
vt 0.387899 0.019810
vt 0.386419 0.012010
vt 0.390779 0.006710
vt 0.393659 0.009810
vt 0.313619 0.360110
vt 0.309979 0.360010
vt 0.304939 0.901210
vt 0.303859 0.900910
vt 0.316539 0.821910
vt 0.208819 0.762010
vt 0.205939 0.761210
vt 0.235179 0.779310
vt 0.234979 0.769010
vt 0.206139 0.796310
vt 0.206299 0.797510
vt 0.043339 0.838710
vt 0.034739 0.839910
vt 0.223339 0.180410
vt 0.206499 0.846410
vt 0.048579 0.763210
vt 0.020099 0.839510
vt 0.335659 0.013410
vt 0.264939 0.241910
vt 0.234299 0.752110
vt 0.006259 0.097810
vt 0.007099 0.069410
vt 0.328379 0.009010
vt 0.350579 0.012010
vt 0.333259 0.179410
vt 0.332019 0.178610
vt 0.332539 0.145110
vt 0.218099 0.778310
vt 0.214339 0.780610
vt 0.214179 0.769010
vt 0.217819 0.769910
vt 0.266779 0.769210
vt 0.267539 0.768610
vt 0.268139 0.772710
vt 0.267299 0.773510
vt 0.271779 0.006710
vt 0.268819 0.775210
vt 0.267979 0.775610
vt 0.207739 0.796010
vt 0.207819 0.797210
vt 0.349739 0.904310
vt 0.005899 0.111310
vt 0.011939 0.835910
vt 0.026379 0.016210
vt 0.210819 0.764410
vt 0.212899 0.770610
vt 0.245459 0.658710
vt 0.032739 0.013910
vt 0.029699 0.015310
vt 0.213459 0.781010
vt 0.319539 0.903510
vt 0.320179 0.910310
vt 0.348939 0.181010
vt 0.324619 0.006710
vt 0.326659 0.007610
vt 0.394099 0.064410
vt 0.387659 0.061410
vt 0.388459 0.055810
vt 0.395019 0.060410
vt 0.200579 0.816910
vt 0.346139 0.105710
vt 0.345499 0.067010
vt 0.013259 0.235210
vt 0.016419 0.230810
vt 0.202419 0.764810
vt 0.018739 0.681310
vt 0.201619 0.824810
vt 0.291179 0.816410
vt 0.293699 0.895710
vt 0.353979 0.181010
vt 0.011899 0.839710
vt 0.218099 0.787310
vt 0.217819 0.803010
vt 0.385619 0.595210
vt 0.385619 0.583310
vt 0.387099 0.583310
vt 0.387099 0.595210
vt 0.373339 0.595210
vt 0.371979 0.595210
vt 0.371979 0.583310
vt 0.373339 0.583310
vt 0.387099 0.607110
vt 0.385619 0.607110
vt 0.371979 0.607110
vt 0.373339 0.607110
vt 0.387099 0.614010
vt 0.385619 0.614010
vt 0.185979 0.007710
vt 0.188179 0.006710
vt 0.188179 0.059210
vt 0.186499 0.060510
vt 0.371979 0.614010
vt 0.373339 0.614010
vt 0.373339 0.577810
vt 0.371979 0.577810
vt 0.359259 0.595210
vt 0.359259 0.583310
vt 0.385619 0.577810
vt 0.387099 0.577810
vt 0.359259 0.607110
vt 0.359259 0.614010
vt 0.359259 0.577810
vt 0.278499 0.202610
vt 0.278779 0.202610
vt 0.280019 0.213110
vt 0.279819 0.213810
vt 0.281259 0.183710
vt 0.280059 0.187610
vt 0.279859 0.187010
vt 0.281099 0.183010
vt 0.288979 0.215710
vt 0.288139 0.184410
vt 0.288339 0.183810
vt 0.289179 0.216210
vt 0.281939 0.219410
vt 0.281779 0.220410
vt 0.281699 0.200210
vt 0.282179 0.209510
vt 0.282139 0.186810
vt 0.281899 0.189210
vt 0.286419 0.190510
vt 0.286979 0.186610
vt 0.282819 0.215410
vt 0.287579 0.212810
vt 0.286219 0.196510
vt 0.286579 0.204010
vt 0.245539 0.129410
vt 0.246659 0.126310
vt 0.246819 0.126710
vt 0.245739 0.130210
vt 0.241339 0.129310
vt 0.241459 0.128510
vt 0.246299 0.102110
vt 0.242059 0.101310
vt 0.242019 0.100610
vt 0.246459 0.101710
vt 0.247779 0.109210
vt 0.247539 0.109310
vt 0.247699 0.117010
vt 0.247899 0.117110
vt 0.240659 0.105310
vt 0.240979 0.105510
vt 0.240499 0.110810
vt 0.239979 0.110710
vt 0.240179 0.120210
vt 0.239819 0.120310
vt 0.240819 0.126010
vt 0.240619 0.126410
vt 0.245299 0.126610
vt 0.245539 0.124310
vt 0.241779 0.126010
vt 0.246019 0.102910
vt 0.242299 0.102510
vt 0.246019 0.109010
vt 0.245819 0.115910
vt 0.242059 0.105910
vt 0.241899 0.110510
vt 0.241659 0.119410
vt 0.241699 0.124310
vt 0.205579 0.371110
vt 0.203779 0.369410
vt 0.203139 0.357510
vt 0.205259 0.354310
vt 0.204059 0.377110
vt 0.202619 0.374710
vt 0.194419 0.353210
vt 0.192939 0.357210
vt 0.191739 0.354410
vt 0.193539 0.348710
vt 0.197699 0.382610
vt 0.197699 0.380410
vt 0.199659 0.379810
vt 0.200219 0.382310
vt 0.194139 0.376810
vt 0.195499 0.379010
vt 0.195139 0.380810
vt 0.193539 0.378110
vt 0.201179 0.378010
vt 0.202099 0.380710
vt 0.196019 0.351110
vt 0.195899 0.345310
vt 0.201579 0.353410
vt 0.203179 0.348110
vt 0.197339 0.350410
vt 0.197459 0.344310
vt 0.198699 0.350510
vt 0.199179 0.344310
vt 0.200299 0.351210
vt 0.201179 0.345410
vt 0.191979 0.366010
vt 0.191019 0.365510
vt 0.192899 0.373010
vt 0.192059 0.373910
vt 0.202499 0.368410
vt 0.201979 0.359110
vt 0.201539 0.372710
vt 0.195099 0.355810
vt 0.193939 0.359010
vt 0.197659 0.377010
vt 0.199179 0.376610
vt 0.194899 0.374210
vt 0.195979 0.375910
vt 0.200379 0.375310
vt 0.196339 0.354110
vt 0.200779 0.355810
vt 0.197379 0.353510
vt 0.198459 0.353510
vt 0.199739 0.354210
vt 0.193219 0.365810
vt 0.193939 0.371210
vt 0.200339 0.367010
vt 0.200099 0.361910
vt 0.199819 0.369510
vt 0.196259 0.360110
vt 0.195619 0.361910
vt 0.197659 0.371810
vt 0.198499 0.371610
vt 0.196179 0.370210
vt 0.196739 0.371110
vt 0.199179 0.370910
vt 0.196899 0.359110
vt 0.199379 0.360010
vt 0.197499 0.358710
vt 0.198099 0.358710
vt 0.198779 0.359110
vt 0.195259 0.365610
vt 0.195659 0.368610
vt 0.197739 0.365110
vt 0.384099 0.277910
vt 0.385699 0.281910
vt 0.384819 0.285710
vt 0.382499 0.280010
vt 0.394419 0.284310
vt 0.392419 0.280410
vt 0.393499 0.276810
vt 0.396259 0.278910
vt 0.392539 0.287410
vt 0.391299 0.282310
vt 0.387019 0.283410
vt 0.386699 0.288010
vt 0.383979 0.262710
vt 0.383219 0.270310
vt 0.381139 0.268110
vt 0.382299 0.258710
vt 0.390859 0.257010
vt 0.388379 0.256110
vt 0.388899 0.248610
vt 0.392219 0.250210
vt 0.388339 0.284010
vt 0.388539 0.288910
vt 0.389459 0.283910
vt 0.390339 0.288810
vt 0.396699 0.260910
vt 0.393779 0.264010
vt 0.392379 0.259310
vt 0.394459 0.253410
vt 0.397179 0.272910
vt 0.394299 0.271410
vt 0.385459 0.258910
vt 0.384619 0.252210
vt 0.384579 0.277310
vt 0.386019 0.280810
vt 0.392059 0.279510
vt 0.393059 0.276310
vt 0.391059 0.281310
vt 0.387219 0.282210
vt 0.384459 0.263710
vt 0.383819 0.270510
vt 0.390659 0.258510
vt 0.388459 0.257710
vt 0.388379 0.282810
vt 0.389379 0.282610
vt 0.393299 0.264710
vt 0.392019 0.260610
vt 0.393739 0.271310
vt 0.385779 0.260210
vt 0.387019 0.272810
vt 0.387579 0.274210
vt 0.389979 0.273710
vt 0.390379 0.272410
vt 0.389539 0.274410
vt 0.388019 0.274710
vt 0.386979 0.267510
vt 0.386699 0.270110
vt 0.389379 0.265310
vt 0.388499 0.265110
vt 0.388499 0.275010
vt 0.388899 0.274910
vt 0.390459 0.267810
vt 0.389939 0.266110
vt 0.390619 0.270410
vt 0.387459 0.266110
vt 0.388739 0.270610
vt 0.387059 0.037910
vt 0.380379 0.064210
vt 0.398139 0.049810
vt 0.392419 0.047010
vt 0.393499 0.041910
vt 0.399299 0.042810
vt 0.393659 0.034310
vt 0.393299 0.031410
vt 0.398819 0.027810
vt 0.399259 0.032010
vt 0.392579 0.028110
vt 0.391739 0.025910
vt 0.396979 0.020410
vt 0.397819 0.023010
vt 0.393019 0.029810
vt 0.398419 0.025510
vt 0.393739 0.037910
vt 0.399499 0.037210
vt 0.396059 0.016110
vt 0.390539 0.023910
vt 0.395859 0.015710
vt 0.388819 0.021010
vt 0.394179 0.012010
vt 0.395499 0.015510
vt 0.396579 0.055210
vt 0.390699 0.051010
vt 0.395699 0.015510
vt 0.396859 0.018510
vt 0.397059 0.019310
vt 0.354979 0.062810
vt 0.355979 0.109410
vt 0.356219 0.142810
vt 0.354459 0.053710
vt 0.353699 0.037710
vt 0.352819 0.021710
vt 0.352459 0.012310
vt 0.356099 0.180810
vt 0.399299 0.157610
vt 0.393379 0.154910
vt 0.393379 0.150610
vt 0.399499 0.151410
vt 0.395059 0.176110
vt 0.389419 0.167410
vt 0.390139 0.166510
vt 0.395779 0.174810
vt 0.393059 0.147110
vt 0.392539 0.144510
vt 0.398499 0.142610
vt 0.399179 0.146410
vt 0.396379 0.134410
vt 0.390299 0.139110
vt 0.395099 0.130310
vt 0.394219 0.177510
vt 0.388499 0.168410
vt 0.388019 0.169010
vt 0.393939 0.178210
vt 0.393779 0.179010
vt 0.393939 0.179010
vt 0.391899 0.163210
vt 0.393019 0.158610
vt 0.398779 0.163110
vt 0.397579 0.169910
vt 0.392739 0.181610
vt 0.387259 0.152810
vt 0.387059 0.112710
vt 0.393259 0.111510
vt 0.386899 0.077410
vt 0.393099 0.072310
vt 0.392979 0.078410
vt 0.393539 0.067710
vt 0.380299 0.117710
vt 0.380099 0.081710
vt 0.361619 0.297810
vt 0.362219 0.297110
vt 0.363019 0.299610
vt 0.362579 0.301210
vt 0.364859 0.301110
vt 0.364699 0.303110
vt 0.364499 0.197810
vt 0.364579 0.198810
vt 0.362859 0.203710
vt 0.362539 0.202010
vt 0.361459 0.221010
vt 0.361219 0.261010
vt 0.360939 0.260710
vt 0.361139 0.221110
vt 0.374979 0.298510
vt 0.375699 0.293110
vt 0.376339 0.293410
vt 0.375499 0.299810
vt 0.372939 0.302610
vt 0.374059 0.302010
vt 0.374339 0.304010
vt 0.373139 0.305110
vt 0.376699 0.268310
vt 0.376259 0.268210
vt 0.376339 0.224410
vt 0.376699 0.223710
vt 0.361419 0.288610
vt 0.360979 0.289510
vt 0.375459 0.205310
vt 0.375739 0.204410
vt 0.375379 0.203810
vt 0.375579 0.203210
vt 0.361819 0.293310
vt 0.361219 0.293910
vt 0.376019 0.287010
vt 0.376419 0.286710
vt 0.373739 0.297810
vt 0.371859 0.298310
vt 0.373219 0.296310
vt 0.369939 0.299110
vt 0.367259 0.298810
vt 0.365459 0.298010
vt 0.363859 0.295410
vt 0.374619 0.295610
vt 0.374179 0.294410
vt 0.374939 0.292310
vt 0.375459 0.288010
vt 0.375819 0.268410
vt 0.362779 0.292410
vt 0.361899 0.288610
vt 0.361539 0.261210
vt 0.361779 0.220610
vt 0.363019 0.205210
vt 0.366699 0.204310
vt 0.366739 0.203210
vt 0.369059 0.203610
vt 0.369099 0.204610
vt 0.375899 0.224310
vt 0.374979 0.206710
vt 0.371139 0.295610
vt 0.372099 0.294810
vt 0.369459 0.295810
vt 0.367299 0.295510
vt 0.366099 0.295110
vt 0.365139 0.295110
vt 0.372979 0.293510
vt 0.373859 0.291710
vt 0.374259 0.288010
vt 0.374219 0.266810
vt 0.363939 0.292410
vt 0.363059 0.288710
vt 0.362779 0.261410
vt 0.362979 0.221110
vt 0.363739 0.207810
vt 0.374099 0.208710
vt 0.371739 0.210310
vt 0.371939 0.205310
vt 0.374499 0.224810
vt 0.371899 0.204210
vt 0.366779 0.209910
vt 0.369339 0.210710
vt 0.371459 0.293010
vt 0.369459 0.293410
vt 0.367339 0.293210
vt 0.365819 0.292610
vt 0.365539 0.289610
vt 0.367259 0.290010
vt 0.369539 0.290310
vt 0.371659 0.290310
vt 0.366419 0.224610
vt 0.366139 0.265210
vt 0.371659 0.265310
vt 0.371899 0.224910
vt 0.369259 0.225010
vt 0.369019 0.265310
vt 0.366179 0.285710
vt 0.371659 0.285610
vt 0.369019 0.285710
vt 0.190219 0.095410
vt 0.190219 0.081510
vt 0.191019 0.081510
vt 0.191059 0.095410
vt 0.191099 0.067510
vt 0.195339 0.067210
vt 0.195339 0.081410
vt 0.186219 0.095510
vt 0.185979 0.081210
vt 0.190259 0.067510
vt 0.195019 0.095510
vt 0.186059 0.067110
vt 0.196939 0.307610
vt 0.196939 0.293710
vt 0.197779 0.293710
vt 0.197779 0.307610
vt 0.197819 0.279710
vt 0.202059 0.279410
vt 0.202059 0.293610
vt 0.192939 0.307710
vt 0.192699 0.293410
vt 0.196979 0.279710
vt 0.201739 0.307710
vt 0.192779 0.279310
vt 0.186779 0.416810
vt 0.186659 0.402810
vt 0.187499 0.402810
vt 0.187619 0.416710
vt 0.187419 0.388810
vt 0.191379 0.388110
vt 0.191579 0.402210
vt 0.182819 0.416710
vt 0.182619 0.402610
vt 0.186579 0.388810
vt 0.191579 0.416410
vt 0.182619 0.388510
vt 0.006779 0.403410
vt 0.006659 0.389510
vt 0.007499 0.389410
vt 0.007619 0.403410
vt 0.007419 0.375410
vt 0.011379 0.374710
vt 0.011579 0.388910
vt 0.002819 0.403410
vt 0.002619 0.389310
vt 0.006579 0.375510
vt 0.011579 0.403010
vt 0.002619 0.375110
vt 0.065779 0.317810
vt 0.059939 0.320110
vt 0.059499 0.289910
vt 0.068499 0.290310
vt 0.058059 0.320910
vt 0.057819 0.289910
vt 0.055619 0.321410
vt 0.055619 0.289910
vt 0.050379 0.321010
vt 0.050379 0.288310
vt 0.048459 0.320710
vt 0.048259 0.288310
vt 0.042979 0.321910
vt 0.043379 0.290210
vt 0.068459 0.274910
vt 0.059419 0.274910
vt 0.057859 0.274910
vt 0.055779 0.274910
vt 0.050939 0.274910
vt 0.048219 0.274910
vt 0.043219 0.274910
vt 0.059499 0.259810
vt 0.059939 0.229610
vt 0.065779 0.231910
vt 0.068499 0.259410
vt 0.057819 0.259810
vt 0.058059 0.228810
vt 0.055619 0.259810
vt 0.055619 0.228310
vt 0.050379 0.261410
vt 0.050379 0.228710
vt 0.048259 0.261410
vt 0.048459 0.229010
vt 0.043379 0.259510
vt 0.042979 0.227810
vt 0.249899 0.976610
vt 0.249899 0.866010
vt 0.285499 0.866010
vt 0.285499 0.976610
vt 0.249899 0.820610
vt 0.285499 0.820610
vt 0.249899 0.783710
vt 0.285499 0.783710
vt 0.304059 0.114210
vt 0.303819 0.076310
vt 0.313539 0.109010
vt 0.313499 0.117210
vt 0.304699 0.218810
vt 0.313299 0.218910
vt 0.300379 0.113010
vt 0.300379 0.076910
vt 0.300379 0.216910
vt 0.222979 0.039410
vt 0.232699 0.006710
vt 0.232459 0.044610
vt 0.223019 0.047610
vt 0.231859 0.149210
vt 0.223219 0.149310
vt 0.236139 0.007310
vt 0.236139 0.043410
vt 0.236139 0.147310
vt 0.168179 0.887510
vt 0.168259 0.878310
vt 0.172299 0.877610
vt 0.173219 0.887310
vt 0.173259 0.876610
vt 0.175899 0.883510
vt 0.176139 0.875910
vt 0.173699 0.874010
vt 0.177099 0.875810
vt 0.177339 0.884010
vt 0.176699 0.890410
vt 0.178099 0.889310
vt 0.173299 0.891210
vt 0.178619 0.875510
vt 0.178779 0.883110
vt 0.179499 0.887910
vt 0.176019 0.892410
vt 0.173339 0.892710
vt 0.179899 0.890910
vt 0.178659 0.892110
vt 0.177899 0.893410
vt 0.177539 0.894810
vt 0.173819 0.847710
vt 0.176179 0.846510
vt 0.177139 0.846410
vt 0.178619 0.846610
vt 0.173339 0.844610
vt 0.175459 0.839210
vt 0.172419 0.843010
vt 0.172539 0.834810
vt 0.168259 0.842610
vt 0.168379 0.834310
vt 0.175659 0.827910
vt 0.172619 0.827910
vt 0.177059 0.838710
vt 0.177099 0.827910
vt 0.168419 0.827610
vt 0.172579 0.805110
vt 0.175379 0.805610
vt 0.177299 0.806610
vt 0.168139 0.804210
vt 0.168059 0.794310
vt 0.172539 0.795210
vt 0.174699 0.795210
vt 0.177859 0.798310
vt 0.177059 0.789910
vt 0.174299 0.789110
vt 0.179619 0.792010
vt 0.178179 0.788110
vt 0.179419 0.804510
vt 0.178939 0.808810
vt 0.180539 0.800110
vt 0.178699 0.827910
vt 0.178659 0.839010
vt 0.168219 0.787410
vt 0.172299 0.788410
vt 0.182219 0.785310
vt 0.180459 0.779810
vt 0.183459 0.791910
vt 0.183699 0.766010
vt 0.185699 0.775210
vt 0.186939 0.783210
vt 0.185739 0.757310
vt 0.187459 0.770110
vt 0.188499 0.782210
vt 0.163339 0.842310
vt 0.163379 0.834010
vt 0.163419 0.827310
vt 0.163579 0.803910
vt 0.163619 0.794010
vt 0.163659 0.787210
vt 0.168299 0.891810
vt 0.168339 0.893310
vt 0.163139 0.887410
vt 0.163179 0.878110
vt 0.163099 0.891710
vt 0.163099 0.893210
vt 0.187019 0.923810
vt 0.186659 0.925210
vt 0.185859 0.926210
vt 0.185019 0.927010
vt 0.158059 0.887210
vt 0.153059 0.886610
vt 0.154059 0.877010
vt 0.158099 0.877910
vt 0.153139 0.876010
vt 0.150419 0.882710
vt 0.150259 0.875010
vt 0.152699 0.873310
vt 0.149299 0.874910
vt 0.148939 0.883110
vt 0.149539 0.889510
vt 0.148139 0.888310
vt 0.152939 0.890510
vt 0.147539 0.882110
vt 0.147739 0.874510
vt 0.146779 0.886810
vt 0.150179 0.891610
vt 0.152899 0.892010
vt 0.147539 0.891110
vt 0.146339 0.889910
vt 0.148299 0.892510
vt 0.148659 0.893910
vt 0.150499 0.845610
vt 0.152859 0.847010
vt 0.149539 0.845510
vt 0.148059 0.845610
vt 0.153339 0.843910
vt 0.151299 0.838410
vt 0.154299 0.842410
vt 0.154259 0.834110
vt 0.158459 0.842210
vt 0.158419 0.833910
vt 0.151219 0.827110
vt 0.154259 0.827310
vt 0.149699 0.837810
vt 0.149779 0.827010
vt 0.158419 0.827210
vt 0.151739 0.804810
vt 0.154539 0.804410
vt 0.149819 0.805710
vt 0.158979 0.803810
vt 0.154699 0.794610
vt 0.159139 0.794010
vt 0.152539 0.794410
vt 0.149299 0.797310
vt 0.150219 0.789010
vt 0.153019 0.788410
vt 0.147619 0.790910
vt 0.149139 0.787210
vt 0.147699 0.803410
vt 0.148139 0.807710
vt 0.146619 0.799010
vt 0.148179 0.826910
vt 0.148099 0.838010
vt 0.154979 0.787810
vt 0.159099 0.787110
vt 0.145139 0.784010
vt 0.146939 0.778710
vt 0.143819 0.790610
vt 0.141739 0.773710
vt 0.143819 0.764710
vt 0.140419 0.781710
vt 0.140059 0.768510
vt 0.141859 0.755810
vt 0.138899 0.780510
vt 0.157899 0.891510
vt 0.157859 0.892910
vt 0.139219 0.923710
vt 0.138899 0.922310
vt 0.140019 0.924810
vt 0.140859 0.925610
vt 0.080819 0.241410
vt 0.079019 0.241910
vt 0.078579 0.230110
vt 0.080139 0.229410
vt 0.079899 0.252410
vt 0.078419 0.252610
vt 0.081659 0.237610
vt 0.083899 0.239710
vt 0.083979 0.244010
vt 0.080499 0.229610
vt 0.082539 0.252810
vt 0.085419 0.246010
vt 0.084419 0.253510
vt 0.086459 0.239210
vt 0.086979 0.240510
vt 0.085779 0.237810
vt 0.079419 0.281710
vt 0.079299 0.274410
vt 0.081019 0.275710
vt 0.080979 0.282910
vt 0.084259 0.276610
vt 0.083979 0.282610
vt 0.080379 0.293310
vt 0.079019 0.293410
vt 0.086579 0.282910
vt 0.086099 0.284710
vt 0.085659 0.274410
vt 0.087179 0.281410
vt 0.193059 0.265310
vt 0.192259 0.259110
vt 0.193419 0.258810
vt 0.194139 0.263810
vt 0.190859 0.264910
vt 0.190659 0.259810
vt 0.193019 0.268110
vt 0.190979 0.268410
vt 0.185499 0.262910
vt 0.185139 0.251810
vt 0.186899 0.252210
vt 0.187379 0.263510
vt 0.189739 0.251310
vt 0.188299 0.267810
vt 0.186419 0.275410
vt 0.185819 0.274710
vt 0.185059 0.274110
vt 0.191819 0.229810
vt 0.189979 0.230410
vt 0.190539 0.222810
vt 0.192699 0.221510
vt 0.194099 0.222110
vt 0.193099 0.229310
vt 0.190699 0.218610
vt 0.192539 0.217610
vt 0.186819 0.230410
vt 0.185219 0.230810
vt 0.185659 0.220710
vt 0.187419 0.220610
vt 0.188259 0.217410
vt 0.187059 0.209510
vt 0.187259 0.208810
vt 0.189779 0.217110
vt 0.083659 0.285610
vt 0.081339 0.286510
vt 0.186419 0.209910
vt 0.185619 0.210310
vt 0.184779 0.219910
vt 0.185019 0.210610
vt 0.183979 0.219510
vt 0.184819 0.210710
vt 0.076899 0.291410
vt 0.076019 0.282410
vt 0.076899 0.282210
vt 0.077219 0.291410
vt 0.077699 0.282010
vt 0.077459 0.291810
vt 0.078459 0.281810
vt 0.077899 0.292510
vt 0.077139 0.273010
vt 0.078139 0.273610
vt 0.076979 0.263310
vt 0.078099 0.263510
vt 0.079419 0.263710
vt 0.081459 0.263910
vt 0.084139 0.263910
vt 0.085619 0.254310
vt 0.085339 0.263910
vt 0.086619 0.254910
vt 0.086459 0.263910
vt 0.086619 0.272910
vt 0.087779 0.280010
vt 0.196539 0.240010
vt 0.195059 0.240010
vt 0.195259 0.230610
vt 0.196379 0.230310
vt 0.195739 0.222110
vt 0.196379 0.222310
vt 0.196699 0.213910
vt 0.197459 0.213710
vt 0.194099 0.229910
vt 0.195059 0.222310
vt 0.196139 0.213510
vt 0.195459 0.213010
vt 0.194739 0.212410
vt 0.194339 0.211910
vt 0.087819 0.290710
vt 0.085459 0.286310
vt 0.088059 0.290510
vt 0.088859 0.289810
vt 0.089699 0.288310
vt 0.090499 0.286310
vt 0.193339 0.239810
vt 0.192259 0.239610
vt 0.193579 0.250510
vt 0.192619 0.250910
vt 0.191419 0.251010
vt 0.191339 0.239810
vt 0.189579 0.239710
vt 0.186819 0.240110
vt 0.184939 0.240510
vt 0.183819 0.252110
vt 0.183739 0.240410
vt 0.184219 0.230110
vt 0.182619 0.240310
vt 0.183099 0.229510
vt 0.074259 0.273510
vt 0.073259 0.263410
vt 0.075299 0.263210
vt 0.075699 0.272610
vt 0.074059 0.252010
vt 0.075699 0.253010
vt 0.077259 0.252910
vt 0.077179 0.241810
vt 0.078059 0.241810
vt 0.077499 0.231610
vt 0.077819 0.231110
vt 0.076099 0.241710
vt 0.077299 0.231810
vt 0.184219 0.273610
vt 0.183739 0.263710
vt 0.184539 0.263510
vt 0.184499 0.273710
vt 0.182779 0.252410
vt 0.194379 0.258210
vt 0.194979 0.249710
vt 0.195139 0.257610
vt 0.195779 0.263010
vt 0.195099 0.263210
vt 0.197099 0.270110
vt 0.196579 0.270510
vt 0.195979 0.271310
vt 0.195379 0.272110
vt 0.195059 0.272710
vt 0.087619 0.232510
vt 0.087979 0.232710
vt 0.088859 0.233510
vt 0.089859 0.235110
vt 0.087579 0.241710
vt 0.086299 0.247310
vt 0.090499 0.237210
vt 0.088099 0.242710
vt 0.087059 0.248110
vt 0.196059 0.257110
vt 0.196379 0.262610
vt 0.196299 0.249910
vt 0.197459 0.269910
vt 0.188699 0.269910
vt 0.186659 0.276610
vt 0.353099 0.455810
vt 0.353179 0.446310
vt 0.354059 0.445910
vt 0.354259 0.456110
vt 0.355099 0.445510
vt 0.355099 0.456410
vt 0.353419 0.466310
vt 0.352619 0.465410
vt 0.354379 0.467410
vt 0.351899 0.476410
vt 0.351099 0.474910
vt 0.052459 0.473810
vt 0.052299 0.471410
vt 0.056219 0.467510
vt 0.056739 0.469510
vt 0.059499 0.460910
vt 0.060219 0.462510
vt 0.061779 0.452210
vt 0.062699 0.453210
vt 0.055699 0.465410
vt 0.058739 0.459310
vt 0.060859 0.451210
vt 0.061979 0.442110
vt 0.062939 0.442310
vt 0.349659 0.471810
vt 0.350379 0.473410
vt 0.347699 0.480510
vt 0.347059 0.478610
vt 0.344339 0.485010
vt 0.344179 0.482710
vt 0.340499 0.483610
vt 0.340979 0.481310
vt 0.348299 0.482410
vt 0.344539 0.487310
vt 0.340339 0.486110
vt 0.336379 0.483510
vt 0.336699 0.481210
vt 0.344739 0.489710
vt 0.340179 0.488510
vt 0.336019 0.485810
vt 0.332139 0.480210
vt 0.332779 0.478310
vt 0.063899 0.431810
vt 0.062939 0.432110
vt 0.061979 0.422110
vt 0.062859 0.421210
vt 0.059779 0.413410
vt 0.060499 0.411710
vt 0.056579 0.406910
vt 0.057059 0.404810
vt 0.061059 0.423110
vt 0.059059 0.415010
vt 0.056099 0.409010
vt 0.052539 0.405610
vt 0.052739 0.403210
vt 0.058299 0.416710
vt 0.055619 0.411110
vt 0.052339 0.408110
vt 0.048859 0.407710
vt 0.048739 0.405310
vt 0.330939 0.469110
vt 0.330099 0.470410
vt 0.328539 0.460810
vt 0.329499 0.460210
vt 0.328259 0.450410
vt 0.329259 0.450610
vt 0.329299 0.440310
vt 0.330179 0.441310
vt 0.327579 0.461310
vt 0.327299 0.450210
vt 0.328419 0.439310
vt 0.330779 0.429910
vt 0.331499 0.431510
vt 0.048499 0.400410
vt 0.048619 0.402910
vt 0.044659 0.405810
vt 0.044259 0.403610
vt 0.041259 0.411810
vt 0.040579 0.410010
vt 0.038739 0.420110
vt 0.037899 0.418910
vt 0.045059 0.408110
vt 0.041899 0.413610
vt 0.039619 0.421310
vt 0.038299 0.430510
vt 0.037339 0.430010
vt 0.042619 0.415410
vt 0.040459 0.422510
vt 0.039299 0.431010
vt 0.039219 0.440010
vt 0.038219 0.440310
vt 0.335219 0.426910
vt 0.334699 0.424810
vt 0.338539 0.420910
vt 0.338739 0.423310
vt 0.342659 0.420210
vt 0.342579 0.422610
vt 0.346659 0.422710
vt 0.346299 0.425010
vt 0.338339 0.418610
vt 0.342779 0.417810
vt 0.347059 0.420510
vt 0.350819 0.426410
vt 0.350139 0.428310
vt 0.036259 0.440910
vt 0.037259 0.440610
vt 0.038419 0.450810
vt 0.037539 0.451810
vt 0.040779 0.459710
vt 0.040059 0.461310
vt 0.044059 0.466510
vt 0.043539 0.468610
vt 0.039339 0.449810
vt 0.041539 0.458010
vt 0.044579 0.464510
vt 0.048219 0.468410
vt 0.047979 0.470810
vt 0.042299 0.456410
vt 0.045099 0.462410
vt 0.048459 0.465910
vt 0.349499 0.430110
vt 0.352739 0.436210
vt 0.351899 0.437410
vt 0.353619 0.435010
vt 0.040219 0.448810
vt 0.047739 0.473210
vt 0.052099 0.469010
vt 0.052099 0.466710
vt 0.351739 0.464510
vt 0.352099 0.456410
vt 0.036419 0.429510
vt 0.334179 0.422710
vt 0.332259 0.433110
vt 0.045459 0.410310
vt 0.052939 0.400910
vt 0.329259 0.471710
vt 0.333419 0.476410
vt 0.060179 0.424110
vt 0.061939 0.432510
vt 0.060939 0.432810
vt 0.063899 0.442610
vt 0.348939 0.484310
vt 0.311659 0.243310
vt 0.306979 0.243310
vt 0.306979 0.240310
vt 0.311659 0.240310
vt 0.311659 0.246210
vt 0.306979 0.246210
vt 0.311659 0.249110
vt 0.306979 0.249110
vt 0.301979 0.249110
vt 0.301979 0.246210
vt 0.301979 0.243310
vt 0.297019 0.246210
vt 0.297019 0.243310
vt 0.297019 0.240310
vt 0.301979 0.240310
vt 0.297019 0.237410
vt 0.301979 0.237410
vt 0.306979 0.237410
vt 0.311659 0.237410
vt 0.301979 0.234410
vt 0.306979 0.234410
vt 0.311659 0.234410
vt 0.306979 0.231410
vt 0.311659 0.231410
vt 0.306979 0.228510
vt 0.311659 0.228510
vt 0.306979 0.225610
vt 0.311659 0.225610
vt 0.306979 0.266510
vt 0.306979 0.263610
vt 0.311659 0.263610
vt 0.311659 0.266510
vt 0.306979 0.260710
vt 0.311659 0.260710
vt 0.306979 0.257810
vt 0.311659 0.257810
vt 0.306979 0.254910
vt 0.311659 0.254910
vt 0.306979 0.252010
vt 0.311659 0.252010
vt 0.301979 0.254910
vt 0.301979 0.252010
vt 0.297019 0.254910
vt 0.297019 0.252010
vt 0.297019 0.249110
vt 0.301979 0.257810
vt 0.297019 0.257810
vt 0.301979 0.260710
vt 0.297019 0.260710
vt 0.301979 0.263610
vt 0.297019 0.263610
vt 0.301979 0.266510
vt 0.297019 0.266510
vt 0.301979 0.225610
vt 0.301979 0.228510
vt 0.297019 0.228510
vt 0.297019 0.225610
vt 0.301979 0.231410
vt 0.297019 0.231410
vt 0.297019 0.234410
vt 0.288619 0.159510
vt 0.288619 0.154810
vt 0.292099 0.153810
vt 0.292379 0.161710
vt 0.288819 0.147410
vt 0.292179 0.147210
vt 0.290019 0.138810
vt 0.292699 0.138510
vt 0.292019 0.131610
vt 0.293779 0.126910
vt 0.292899 0.166610
vt 0.288979 0.167110
vt 0.290739 0.173510
vt 0.291739 0.177010
vt 0.290379 0.176910
vt 0.289659 0.174110
vt 0.293499 0.171910
vt 0.294019 0.175410
vt 0.122939 0.156510
vt 0.123539 0.151110
vt 0.125139 0.153610
vt 0.123619 0.157710
vt 0.125539 0.160710
vt 0.124299 0.160510
vt 0.127139 0.153510
vt 0.127419 0.159010
vt 0.127539 0.150710
vt 0.125899 0.143510
vt 0.129019 0.153710
vt 0.128939 0.158410
vt 0.129739 0.149710
vt 0.130299 0.155110
vt 0.131499 0.148510
vt 0.134539 0.146710
vt 0.132059 0.154410
vt 0.138739 0.148010
vt 0.137419 0.144710
vt 0.140259 0.150610
vt 0.139979 0.146610
vt 0.141379 0.149710
vt 0.138699 0.143510
vt 0.214899 0.018710
vt 0.214699 0.022310
vt 0.213019 0.020610
vt 0.213219 0.017210
vt 0.214779 0.010010
vt 0.212899 0.011110
vt 0.122979 0.159810
vt 0.124099 0.162310
vt 0.125899 0.162810
vt 0.128899 0.161910
vt 0.127499 0.162510
vt 0.130099 0.158410
vt 0.130459 0.161110
vt 0.132259 0.157510
vt 0.132459 0.159710
vt 0.295539 0.171510
vt 0.295539 0.174810
vt 0.295419 0.166410
vt 0.295419 0.162110
vt 0.295139 0.153110
vt 0.216619 0.018310
vt 0.216419 0.022010
vt 0.216419 0.010210
vt 0.140699 0.152410
vt 0.125739 0.166810
vt 0.123539 0.166310
vt 0.127379 0.165910
vt 0.129619 0.163810
vt 0.128779 0.165010
vt 0.130659 0.162010
vt 0.130299 0.164210
vt 0.130459 0.173810
vt 0.130059 0.177110
vt 0.138659 0.177910
vt 0.139739 0.180210
vt 0.138339 0.182810
vt 0.136979 0.180910
vt 0.135899 0.188710
vt 0.134779 0.185910
vt 0.140219 0.174110
vt 0.141819 0.169910
vt 0.141939 0.173810
vt 0.141299 0.176710
vt 0.213059 0.007210
vt 0.214619 0.007010
vt 0.139579 0.169310
vt 0.141499 0.165610
vt 0.216379 0.006810
vt 0.137539 0.173510
vt 0.135339 0.176710
vt 0.133539 0.179910
vt 0.141779 0.151910
vt 0.217179 0.010310
vt 0.217259 0.018110
vt 0.217299 0.022210
vt 0.217019 0.006710
vt 0.137179 0.170910
vt 0.139779 0.166810
vt 0.141259 0.164110
vt 0.134979 0.173910
vt 0.132819 0.176910
vt 0.131139 0.174510
vt 0.130939 0.173110
vt 0.128859 0.176210
vt 0.127139 0.178210
vt 0.127699 0.175010
vt 0.129459 0.180610
vt 0.130019 0.183710
vt 0.130619 0.179310
vt 0.130819 0.184810
vt 0.131499 0.175610
vt 0.132419 0.175910
vt 0.129659 0.187210
vt 0.128939 0.186010
vt 0.132619 0.190510
vt 0.131019 0.195010
vt 0.134139 0.195710
vt 0.132019 0.201410
vt 0.295099 0.144410
vt 0.295539 0.122810
vt 0.295259 0.133110
vt 0.134939 0.217310
vt 0.134539 0.218310
vt 0.133259 0.209210
vt 0.134459 0.206910
vt 0.125579 0.122110
vt 0.125379 0.128310
vt 0.124859 0.127910
vt 0.125139 0.121510
vt 0.125379 0.134710
vt 0.124139 0.141410
vt 0.124459 0.134310
vt 0.132659 0.161110
vt 0.131619 0.162010
vt 0.140779 0.153910
vt 0.131299 0.162810
vt 0.131019 0.164910
vt 0.141939 0.153210
vt 0.217659 0.010410
vt 0.217659 0.017510
vt 0.217659 0.021110
vt 0.217659 0.007110
vt 0.136819 0.170210
vt 0.139379 0.166210
vt 0.140619 0.163710
vt 0.134859 0.172910
vt 0.133019 0.175210
vt 0.131459 0.172610
vt 0.131659 0.173710
vt 0.131859 0.174610
vt 0.132459 0.175110
vt 0.097139 0.263510
vt 0.097139 0.265610
vt 0.095619 0.266110
vt 0.095139 0.264010
vt 0.096059 0.266710
vt 0.097139 0.266810
vt 0.097139 0.262110
vt 0.097139 0.260410
vt 0.095139 0.242710
vt 0.097139 0.243110
vt 0.095739 0.240210
vt 0.097139 0.239610
vt 0.101259 0.240410
vt 0.101819 0.244010
vt 0.100059 0.243710
vt 0.099979 0.239710
vt 0.102099 0.251510
vt 0.100299 0.254710
vt 0.102179 0.257010
vt 0.100379 0.258810
vt 0.102219 0.262310
vt 0.100459 0.262710
vt 0.101939 0.263710
vt 0.100779 0.264210
vt 0.101539 0.265110
vt 0.101099 0.265510
vt 0.100499 0.264310
vt 0.100539 0.265910
vt 0.122219 0.164410
vt 0.121979 0.166710
vt 0.122899 0.168410
vt 0.122579 0.159310
vt 0.129339 0.187710
vt 0.128659 0.186510
vt 0.126739 0.178810
vt 0.130779 0.195410
vt 0.131779 0.201910
vt 0.134499 0.219310
vt 0.132979 0.209710
vt 0.121819 0.164410
vt 0.122539 0.169310
vt 0.121659 0.167010
vt 0.125619 0.120710
vt 0.125339 0.120010
vt 0.121579 0.155710
vt 0.122179 0.150710
vt 0.123459 0.128010
vt 0.123779 0.121510
vt 0.122779 0.141410
vt 0.123099 0.134410
vt 0.121219 0.158610
vt 0.127859 0.189210
vt 0.127499 0.187410
vt 0.125459 0.180210
vt 0.129219 0.197210
vt 0.130339 0.203510
vt 0.133219 0.220710
vt 0.131699 0.211110
vt 0.120419 0.164310
vt 0.121299 0.170810
vt 0.120379 0.167810
vt 0.123899 0.120010
vt 0.290259 0.544810
vt 0.291139 0.526610
vt 0.294619 0.526610
vt 0.293979 0.544510
vt 0.295099 0.540510
vt 0.295259 0.526910
vt 0.293939 0.550210
vt 0.289939 0.550010
vt 0.295299 0.544010
vt 0.295579 0.544410
vt 0.294779 0.551310
vt 0.295379 0.551110
vt 0.295939 0.544710
vt 0.295939 0.551210
vt 0.296259 0.544710
vt 0.290139 0.553210
vt 0.294019 0.552610
vt 0.293939 0.519810
vt 0.290739 0.519410
vt 0.295179 0.519310
vt 0.296019 0.520810
vt 0.296219 0.527210
vt 0.296779 0.527210
vt 0.296739 0.520910
vt 0.297419 0.521910
vt 0.297339 0.526910
vt 0.300179 0.522410
vt 0.299659 0.518210
vt 0.293779 0.516410
vt 0.290659 0.516010
vt 0.297099 0.515410
vt 0.299339 0.513310
vt 0.296459 0.515810
vt 0.295859 0.515910
vt 0.295059 0.515510
vt 0.296819 0.509310
vt 0.298699 0.507010
vt 0.296059 0.509710
vt 0.295499 0.509610
vt 0.294819 0.509510
vt 0.293739 0.509510
vt 0.290619 0.509010
vt 0.296219 0.499610
vt 0.297499 0.498810
vt 0.295699 0.499910
vt 0.295219 0.499910
vt 0.294659 0.499910
vt 0.293859 0.500110
vt 0.290619 0.499810
vt 0.282259 0.085410
vt 0.278499 0.084010
vt 0.279619 0.072510
vt 0.282219 0.070010
vt 0.295539 0.495410
vt 0.295939 0.495510
vt 0.295179 0.495310
vt 0.294579 0.494810
vt 0.293899 0.494410
vt 0.290779 0.494610
vt 0.289819 0.499710
vt 0.289859 0.494510
vt 0.289739 0.509010
vt 0.289739 0.516010
vt 0.289739 0.519310
vt 0.289779 0.526510
vt 0.289139 0.544810
vt 0.289059 0.549910
vt 0.289059 0.553110
vt 0.301499 0.519910
vt 0.301899 0.524210
vt 0.300859 0.513310
vt 0.283499 0.124510
vt 0.282939 0.108510
vt 0.286619 0.109610
vt 0.287939 0.125210
vt 0.284819 0.085010
vt 0.283779 0.068610
vt 0.299139 0.531510
vt 0.295579 0.540410
vt 0.296099 0.540810
vt 0.296459 0.540610
vt 0.299259 0.541810
vt 0.298819 0.547010
vt 0.296819 0.554010
vt 0.295499 0.552010
vt 0.296459 0.554910
vt 0.295099 0.552510
vt 0.296059 0.555510
vt 0.294939 0.557010
vt 0.290059 0.559210
vt 0.289619 0.558610
vt 0.289019 0.558610
vt 0.280059 0.068610
vt 0.282099 0.066510
vt 0.295419 0.494810
vt 0.295619 0.494310
vt 0.295099 0.494610
vt 0.294699 0.493910
vt 0.293819 0.493410
vt 0.290739 0.493810
vt 0.289899 0.493610
vt 0.283539 0.066510
vt 0.295219 0.493610
vt 0.280579 0.064710
vt 0.281859 0.063210
vt 0.283859 0.064510
vt 0.295219 0.492710
vt 0.284539 0.059210
vt 0.282619 0.060010
vt 0.294699 0.492410
vt 0.294699 0.489410
vt 0.293859 0.489010
vt 0.291539 0.488610
vt 0.283619 0.050710
vt 0.279819 0.053010
vt 0.285699 0.049710
vt 0.287019 0.057810
vt 0.286139 0.062210
vt 0.284739 0.065710
vt 0.287499 0.059710
vt 0.289179 0.055710
vt 0.289619 0.057810
vt 0.287659 0.047710
vt 0.295259 0.047910
vt 0.295699 0.050010
vt 0.293739 0.040110
vt 0.293619 0.074710
vt 0.299219 0.067010
vt 0.282739 0.034410
vt 0.285499 0.030910
vt 0.281579 0.035610
vt 0.278499 0.037110
vt 0.293779 0.483510
vt 0.294459 0.483110
vt 0.291379 0.483410
vt 0.281499 0.026910
vt 0.284179 0.022710
vt 0.280819 0.028210
vt 0.278939 0.029210
vt 0.293459 0.481010
vt 0.293939 0.480010
vt 0.291499 0.480510
vt 0.290099 0.483210
vt 0.290139 0.480210
vt 0.290019 0.488610
vt 0.293259 0.479310
vt 0.293099 0.480510
vt 0.293539 0.477610
vt 0.293819 0.478010
vt 0.293059 0.480510
vt 0.291499 0.479810
vt 0.291899 0.478410
vt 0.292299 0.477110
vt 0.290179 0.477810
vt 0.290179 0.476610
vt 0.290179 0.479310
vt 0.290619 0.024110
vt 0.289139 0.016410
vt 0.285259 0.526010
vt 0.288499 0.526410
vt 0.287979 0.544710
vt 0.284139 0.543910
vt 0.283259 0.539310
vt 0.284699 0.526110
vt 0.288179 0.549810
vt 0.283939 0.549910
vt 0.282699 0.542910
vt 0.282339 0.543410
vt 0.283099 0.551410
vt 0.282419 0.551410
vt 0.281859 0.543510
vt 0.199459 0.028710
vt 0.202579 0.008710
vt 0.204059 0.011410
vt 0.200539 0.029410
vt 0.287979 0.553010
vt 0.284059 0.552510
vt 0.285459 0.519110
vt 0.288739 0.519210
vt 0.284099 0.518410
vt 0.283259 0.520110
vt 0.283859 0.526210
vt 0.283419 0.526110
vt 0.282419 0.520510
vt 0.205419 0.086710
vt 0.202819 0.086310
vt 0.207179 0.075010
vt 0.208299 0.075910
vt 0.213739 0.090210
vt 0.210899 0.099810
vt 0.285539 0.515810
vt 0.288779 0.515910
vt 0.208699 0.111510
vt 0.202459 0.102710
vt 0.200619 0.100410
vt 0.282579 0.514910
vt 0.283219 0.515110
vt 0.284139 0.514710
vt 0.206459 0.126610
vt 0.201299 0.119510
vt 0.281859 0.514110
vt 0.282499 0.508110
vt 0.283219 0.508610
vt 0.283819 0.508710
vt 0.284499 0.508710
vt 0.285619 0.508910
vt 0.288819 0.508910
vt 0.203339 0.148310
vt 0.199899 0.146210
vt 0.283459 0.498610
vt 0.283979 0.499010
vt 0.284419 0.499210
vt 0.284979 0.499310
vt 0.285779 0.499610
vt 0.289019 0.499610
vt 0.201579 0.163610
vt 0.199459 0.157810
vt 0.283779 0.494710
vt 0.284219 0.494710
vt 0.284579 0.494710
vt 0.286099 0.494110
vt 0.286779 0.493810
vt 0.288979 0.494410
vt 0.218779 0.087910
vt 0.216539 0.098310
vt 0.212979 0.113910
vt 0.210059 0.128010
vt 0.205659 0.150410
vt 0.203059 0.166710
vt 0.212739 0.064010
vt 0.282779 0.538910
vt 0.282219 0.538810
vt 0.201459 0.041810
vt 0.200339 0.041810
vt 0.209299 0.027410
vt 0.210179 0.038910
vt 0.208019 0.008910
vt 0.204059 0.007410
vt 0.208259 0.006710
vt 0.282339 0.556510
vt 0.282539 0.552710
vt 0.282979 0.552910
vt 0.282659 0.556610
vt 0.283619 0.557410
vt 0.288299 0.558710
vt 0.288419 0.558510
vt 0.283619 0.491810
vt 0.284139 0.491710
vt 0.284179 0.493710
vt 0.284379 0.494210
vt 0.284659 0.494010
vt 0.285979 0.493110
vt 0.286859 0.492810
vt 0.289019 0.493610
vt 0.284099 0.490410
vt 0.283779 0.489810
vt 0.284579 0.493010
vt 0.285499 0.491710
vt 0.285259 0.489810
vt 0.286099 0.489810
vt 0.285979 0.491510
vt 0.286219 0.488610
vt 0.287059 0.488310
vt 0.288539 0.488310
vt 0.304859 0.032810
vt 0.303419 0.035610
vt 0.301139 0.029010
vt 0.304259 0.022910
vt 0.299619 0.032710
vt 0.301739 0.039610
vt 0.285899 0.488310
vt 0.285179 0.488810
vt 0.303859 0.039910
vt 0.302099 0.041410
vt 0.301819 0.042410
vt 0.301459 0.040310
vt 0.297739 0.035410
vt 0.206059 0.173210
vt 0.213619 0.162010
vt 0.207859 0.176510
vt 0.209299 0.179110
vt 0.209739 0.178610
vt 0.305019 0.060010
vt 0.295859 0.018310
vt 0.296539 0.017510
vt 0.297619 0.015810
vt 0.299939 0.010610
vt 0.286619 0.482310
vt 0.287259 0.482810
vt 0.288819 0.483210
vt 0.294179 0.010610
vt 0.294939 0.010410
vt 0.295739 0.009810
vt 0.297179 0.006710
vt 0.287219 0.479410
vt 0.287659 0.480410
vt 0.288819 0.480310
vt 0.287899 0.478710
vt 0.288059 0.480010
vt 0.287379 0.477410
vt 0.287699 0.477010
vt 0.288099 0.479910
vt 0.288819 0.479710
vt 0.288419 0.478210
vt 0.287979 0.477010
vt 0.029539 0.335710
vt 0.029539 0.231810
vt 0.038779 0.231810
vt 0.038779 0.335710
s 1
usemtl Body
f 1/1/1 2/2/2 3/3/3 4/4/4
f 5/5/5 6/6/6 7/7/7 8/8/8
f 9/9/9 10/10/10 11/11/11 12/12/12
f 13/13/13 14/14/14 15/15/15 16/16/16
f 17/17/17 18/18/18 19/19/19 20/20/20
f 21/21/21 22/22/22 23/23/23 24/24/24
f 25/25/25 17/17/17 26/26/26 27/27/27
f 28/28/28 29/29/29 30/30/30 31/31/31
f 32/32/32 33/33/33 34/34/34 35/35/35
f 36/36/36 37/37/37 38/38/38
f 39/39/39 40/40/40 41/41/41 42/42/42
f 43/43/43 44/44/44 45/45/45 46/46/46
f 47/47/47 48/48/48 49/49/49 50/50/50
f 51/51/51 52/52/52 53/53/53 54/54/54
f 55/55/55 56/56/56 57/57/57 58/58/58
f 59/59/59 60/60/60 61/61/61
f 62/62/62 63/63/63 64/64/64 65/65/65
f 66/66/66 67/67/67 68/68/68 69/69/69
f 70/70/70 71/71/71 72/72/72 73/73/73
f 74/74/74 75/75/75 18/18/18 76/76/76
f 44/44/44 77/77/77 78/78/78 79/79/79
f 80/80/80 81/81/81 5/5/5 8/8/8
f 82/82/82 83/83/83 84/84/84 85/85/85
f 86/86/86 87/87/87 88/88/88 89/89/89
f 90/90/90 91/91/91 92/92/92 93/93/93
f 94/94/94 95/95/95 96/96/96 97/97/97
f 98/98/98 99/99/99 100/100/100 101/101/101
f 102/102/102 61/103/61 60/104/60 103/105/103
f 104/106/104 105/107/105 106/108/106 107/109/107
f 108/110/108 109/111/109 110/112/110 111/113/111
f 112/114/112 113/115/113 114/116/114 115/117/115
f 116/118/116 117/119/117 118/120/118 119/121/119
f 120/122/120 121/123/121 42/42/42 122/124/122
f 123/125/123 124/126/124 125/127/125 126/128/126
f 127/129/127 128/130/128 129/131/129 130/132/130
f 131/133/131 84/84/84 83/83/83 132/134/132
f 76/76/76 73/135/73 133/136/133 74/74/74
f 134/137/134 135/138/135 136/139/136 137/140/137
f 138/141/138 139/142/139 140/143/140 141/144/141
f 142/145/142 28/28/28 143/146/143 144/147/144
f 145/148/145 146/149/146 147/150/147 148/151/148
f 149/152/149 150/153/150 119/121/119 151/154/151
f 139/142/139 138/141/138 152/155/152 153/156/153
f 10/10/10 9/9/9 154/157/154 155/158/155
f 156/159/156 157/160/157 158/161/158 159/162/159
f 160/163/160 161/164/161 162/165/162 163/166/163
f 164/167/164 165/168/165 166/169/166 167/170/167
f 168/171/168 169/172/169 170/173/170 171/174/171
f 172/175/172 173/176/173 174/177/174 175/178/175
f 176/179/176 177/180/177 178/181/178 179/182/179
f 180/183/180 8/8/8 7/7/7 181/184/181
f 182/185/182 183/186/183 184/187/184 185/188/185
f 186/189/186 187/190/187 188/191/188 189/192/189
f 188/191/188 187/190/187 47/47/47 190/193/190
f 180/183/180 191/194/191 80/80/80 8/8/8
f 192/195/192 48/48/48 193/196/193 194/197/194
f 195/198/195 133/199/133 73/73/73 72/72/72
f 119/121/119 196/200/196 197/201/197 151/154/151
f 149/152/149 198/202/198 199/203/199 200/204/200
f 201/205/201 202/206/202 203/207/203 204/208/204
f 150/209/150 205/210/205 153/156/153 152/155/152
f 161/164/161 160/163/160 206/211/206 207/212/207
f 208/213/208 62/62/62 65/65/65 209/214/209
f 15/15/15 210/215/210 211/216/211 212/217/212
f 161/164/161 213/218/213 214/219/214 162/165/162
f 215/220/215 216/221/216 217/222/217 218/223/218
f 142/145/142 219/224/219 29/29/29 28/28/28
f 57/57/57 220/225/220 221/226/221 222/227/222
f 223/228/223 208/213/208 209/214/209 224/229/224
f 225/230/225 226/231/226 227/232/227 228/233/228
f 229/234/229 230/235/230 32/32/32 35/35/35
f 231/236/231 232/237/232 145/148/145 233/238/233
f 234/239/234 235/240/235 236/241/236 237/242/237
f 238/243/238 239/244/239 237/242/237 236/241/236
f 240/245/240 241/246/241 242/247/242 110/112/110
f 243/248/243 41/41/41 40/40/40 244/249/244
f 245/250/245 246/251/246 247/252/247 248/253/248
f 249/254/249 250/255/250 251/256/251 252/257/252
f 253/258/253 254/259/254 255/260/255 256/261/256
f 257/262/257 258/263/258 259/264/259 260/265/260
f 23/23/23 22/22/22 45/45/45 261/266/261
f 262/267/262 263/268/263 264/269/264 265/270/265
f 213/218/213 161/164/161 207/212/207 266/271/266
f 267/272/267 268/273/268 269/274/269 270/275/270
f 245/250/245 271/276/271 272/277/272 246/251/246
f 103/105/103 273/278/273 274/279/274 275/280/275
f 276/281/276 277/282/277 278/283/278 279/284/279
f 280/285/280 87/87/87 86/86/86 281/286/281
f 282/287/282 283/288/283 284/289/284 285/290/285
f 203/207/203 286/291/286 287/292/287 204/208/204
f 288/293/288 218/294/218 289/295/289 251/256/251
f 49/49/49 290/296/290 2/2/2 1/1/1
f 275/280/275 274/279/274 291/297/291 292/298/292
f 293/299/293 294/300/294 261/266/261 295/301/295
f 166/169/166 165/168/165 172/302/172 175/303/175
f 296/304/296 252/257/252 251/256/251 289/295/289
f 297/305/297 298/306/298 299/307/299 300/308/300
f 301/309/301 302/310/302 303/311/303 304/312/304
f 152/313/152 138/314/138 120/122/120 116/118/116
f 305/315/305 306/316/306 307/317/307
f 308/318/308 309/319/309 310/320/310 311/321/311
f 312/322/312 313/323/313 314/324/314 315/325/315
f 134/137/134 137/140/137 316/326/316
f 317/327/317 318/328/318 59/329/59 61/103/61
f 303/311/303 319/330/319 320/331/320 321/332/321
f 322/333/322 99/99/99 323/334/323 324/335/324
f 325/336/325 246/251/246 272/277/272 326/337/326
f 285/290/285 327/338/327 328/339/328 282/287/282
f 142/145/142 329/340/329 183/186/183 219/224/219
f 330/341/330 331/342/331 332/343/332 333/344/333
f 334/345/334 160/163/160 163/166/163 335/346/335
f 336/347/336 337/348/337 338/349/338 339/350/339
f 95/95/95 94/94/94 267/272/267 270/275/270
f 340/351/340 341/352/341 342/353/342 109/111/109
f 343/354/343 344/355/344 345/356/345 346/357/346
f 347/358/347 348/359/348 278/283/278 277/282/277
f 105/107/105 104/106/104 349/360/349 350/361/350
f 326/337/326 272/277/272 271/276/271 351/362/351
f 352/363/352 353/364/353 354/365/354 355/366/355
f 356/367/356 355/366/355 354/365/354 357/368/357
f 327/338/327 358/369/358 311/370/311 359/371/359
f 360/372/360 361/373/361 362/374/362 363/375/363
f 117/119/117 37/37/37 364/376/364
f 365/377/365 366/378/366 348/359/348 347/358/347
f 367/379/367 368/380/368 369/381/369 370/382/370
f 217/222/217 371/383/371 289/384/289 218/223/218
f 171/174/171 368/380/368 367/379/367 168/171/168
f 372/385/372 373/386/373 374/387/374 375/388/375
f 206/211/206 160/163/160 334/345/334 376/389/376
f 237/242/237 163/166/163 162/165/162 234/239/234
f 377/390/377 247/252/247 246/251/246 378/391/378
f 375/388/375 379/392/379 380/393/380 381/394/381
f 382/395/382 259/264/259 383/396/383 384/397/384
f 68/68/68 376/389/376 334/345/334 69/69/69
f 385/398/385 386/399/386 387/400/387 388/401/388
f 389/402/389 288/293/288 251/256/251 250/255/250
f 212/217/212 211/216/211 139/142/139 153/156/153
f 390/403/390 216/221/216 215/220/215 391/404/391
f 392/405/392 150/153/150 149/152/149 200/204/200
f 222/227/222 393/406/393 58/58/58 57/57/57
f 394/407/394 278/283/278 348/359/348 366/378/366
f 302/310/302 395/408/395 319/330/319 303/311/303
f 396/409/396 16/16/16 397/410/397 398/411/398
f 399/412/399 308/318/308 400/413/400 141/144/141
f 273/414/273 401/415/401 402/416/402 274/417/274
f 403/418/403 404/419/404 405/420/405 266/271/266
f 406/421/406 216/221/216 407/422/407 408/423/408
f 378/391/378 186/189/186 189/192/189 179/182/179
f 409/424/409 82/82/82 85/85/85 101/425/101
f 410/426/410 411/427/411 412/428/412 413/429/413
f 414/430/414 415/431/415 207/212/207 206/211/206
f 416/432/416 417/433/417 418/434/418 419/435/419
f 420/436/420 421/437/421 286/291/286 203/207/203
f 422/438/422 423/439/423 424/440/424 136/139/136
f 111/113/111 425/441/425 214/219/214 108/110/108
f 171/174/171 283/288/283 426/442/426 368/380/368
f 427/443/427 428/444/428 429/445/429 430/446/430
f 431/447/431 432/448/432 310/320/310 309/319/309
f 60/60/60 59/59/59 433/449/433 434/450/434
f 424/440/424 435/451/435 137/140/137 136/139/136
f 232/237/232 231/236/231 436/452/436 437/453/437
f 54/54/54 438/454/438 387/400/387 51/51/51
f 439/455/439 440/456/440 441/457/441 442/458/442
f 242/247/242 443/459/443 111/113/111 110/112/110
f 376/389/376 68/68/68 444/460/444 445/461/445
f 446/462/446 447/463/447 413/429/413 412/428/412
f 42/42/42 121/123/121 448/464/448 39/39/39
f 151/154/151 197/201/197 198/202/198 149/152/149
f 449/465/449 215/466/215 218/294/218 288/293/288
f 450/467/450 451/468/451 452/469/452 453/470/453
f 454/471/454 280/285/280 281/286/281 455/472/455
f 456/473/456 457/474/457 458/475/458
f 459/476/459 460/477/460 461/478/461 228/479/228
f 318/328/318 92/480/92 433/481/433 59/329/59
f 462/482/462 463/483/463 464/484/464 465/485/465
f 252/257/252 466/486/466 467/487/467 249/254/249
f 468/488/468 409/424/409 101/425/101 100/489/100
f 50/50/50 469/490/469 190/193/190 47/47/47
f 375/388/375 374/387/374 107/109/107 379/392/379
f 260/265/260 259/264/259 382/395/382 372/385/372
f 455/472/455 281/286/281 470/491/470 471/492/471
f 325/336/325 193/196/193 187/190/187 186/189/186
f 96/96/96 95/95/95 472/493/472 473/494/473
f 474/495/474 72/72/72 71/71/71 143/146/143
f 46/46/46 45/45/45 22/22/22 21/21/21
f 475/496/475 359/371/359 311/370/311 310/497/310
f 196/200/196 118/120/118 364/376/364
f 476/498/476 271/276/271 245/250/245 477/499/477 434/450/434
f 330/341/330 221/226/221 220/225/220 478/500/478
f 478/500/478 479/501/479 331/342/331 330/341/330
f 398/411/398 397/410/397 205/210/205 480/502/480
f 219/224/219 183/186/183 182/185/182 481/503/481
f 482/504/482 331/342/331 479/501/479 483/505/483
f 295/301/295 44/44/44 79/79/79 296/506/296
f 465/485/465 128/507/128 127/508/127 484/509/484
f 228/233/228 485/510/485 486/511/486 225/230/225
f 107/109/107 106/108/106 487/512/487 379/392/379
f 488/513/488 410/426/410 413/429/413 4/4/4
f 384/397/384 342/353/342 341/352/341 382/395/382
f 397/410/397 212/217/212 153/156/153 205/210/205
f 278/283/278 394/407/394 489/514/489 279/284/279
f 490/515/490 491/516/491 184/187/184 492/517/492
f 493/518/493 194/197/194 326/337/326 351/362/351
f 29/29/29 219/224/219 481/503/481 494/519/494
f 470/491/470 125/520/125 391/521/391 471/492/471
f 146/149/146 495/522/495 496/523/496 147/150/147
f 448/464/448 358/369/358 327/338/327 285/290/285
f 482/504/482 324/335/324 54/54/54 53/53/53
f 497/524/497 498/525/498 135/138/135 134/137/134
f 421/437/421 420/436/420 499/526/499 500/527/500
f 331/342/331 482/504/482 53/53/53 332/343/332
f 325/336/325 326/337/326 194/197/194 193/196/193
f 501/528/501 400/413/400 358/529/358
f 502/530/502 156/159/156 159/162/159 503/531/503
f 504/532/504 373/386/373 505/533/505 506/534/506
f 421/437/421 231/236/231 233/238/233 286/291/286
f 71/71/71 507/535/507 144/147/144 143/146/143
f 179/182/179 189/192/189 508/536/508 176/179/176
f 443/459/443 509/537/509 425/441/425 111/113/111
f 131/538/131 485/539/485 510/540/510 511/541/511
f 284/289/284 39/39/39 448/464/448 285/290/285
f 355/366/355 512/542/512 513/543/513 352/363/352
f 514/544/514 333/344/333 159/162/159 158/161/158
f 515/545/515 102/102/102 428/444/428 427/443/427
f 158/161/158 173/176/173 516/546/516 514/544/514
f 250/255/250 517/547/517 518/548/518 389/402/389
f 519/549/519 520/550/520 521/551/521 522/552/522
f 63/63/63 62/62/62 523/553/523 33/33/33
f 121/123/121 120/122/120 138/314/138 501/554/501
f 412/428/412 524/555/524 525/556/525 446/462/446
f 227/557/227 526/558/526 459/476/459 228/479/228
f 48/48/48 47/47/47 187/190/187 193/196/193
f 1/1/1 447/463/447 50/50/50 49/49/49
f 527/559/527 528/560/528 86/86/86 89/89/89
f 491/516/491 490/515/490 529/561/529 243/248/243
f 530/562/530 167/170/167 531/563/531 532/564/532
f 126/565/126 528/560/528 527/559/527 453/566/453
f 351/362/351 271/276/271 476/498/476 533/567/533
f 460/477/460 459/476/459 534/568/534 535/569/535
f 536/570/536 537/571/537 538/572/538 539/573/539
f 540/574/540 123/125/123 452/469/452 394/407/394
f 541/575/541 315/325/315 314/324/314 542/576/542
f 232/237/232 437/453/437 360/372/360 363/375/363
f 542/577/542 336/347/336 339/350/339 543/578/543
f 507/535/507 71/71/71 70/70/70 544/579/544
f 31/31/31 474/495/474 143/146/143 28/28/28
f 214/219/214 425/441/425 234/239/234 162/165/162
f 537/571/537 536/570/536 248/253/248 247/252/247
f 440/580/440 31/31/31 30/30/30 545/581/545
f 345/356/345 546/582/546 547/583/547 346/357/346
f 204/208/204 548/584/548 298/306/298 549/585/549
f 365/377/365 262/267/262 265/270/265 366/378/366
f 483/505/483 322/333/322 324/335/324 482/504/482
f 78/586/78 550/587/550 466/486/466 79/588/79
f 551/589/551 90/90/90 27/27/27 26/26/26
f 79/588/79 466/486/466 252/257/252 296/304/296
f 230/235/230 55/590/55 58/591/58 32/32/32
f 549/585/549 552/592/552 201/205/201 204/208/204
f 381/394/381 306/316/306 257/262/257 260/265/260
f 553/593/553 340/351/340 109/111/109 108/110/108
f 554/594/554 555/595/555 556/596/556 557/597/557
f 558/598/558 559/599/559 97/97/97 96/96/96
f 125/600/125 124/601/124 390/403/390 391/404/391
f 560/602/560 508/536/508 189/192/189 188/191/188
f 546/582/546 230/235/230 229/234/229 547/583/547
f 495/522/495 362/374/362 418/434/418 369/381/369
f 561/603/561 529/561/529 490/515/490 61/103/61
f 280/285/280 454/471/454 342/353/342 384/397/384
f 562/604/562 563/605/563 564/606/564 565/607/565
f 566/608/566 567/609/567 568/610/568 56/611/56
f 438/454/438 54/54/54 324/335/324 323/334/323
f 249/254/249 569/612/569 517/547/517 250/255/250
f 570/613/570 571/614/571 431/447/431 572/615/572
f 152/313/152 116/118/116 119/121/119 150/153/150
f 573/616/573 569/612/569 249/254/249 467/487/467
f 574/617/574 575/618/575 576/619/576 577/620/577
f 571/614/571 570/613/570 113/115/113 112/114/112
f 240/245/240 110/112/110 454/471/454 455/472/455
f 407/422/407 216/221/216 390/403/390 124/601/124
f 129/131/129 578/621/578 579/622/579 130/132/130
f 131/133/131 132/134/132 486/511/486 485/510/485
f 469/490/469 50/50/50 447/463/447 446/462/446
f 88/88/88 580/623/580 581/624/581 582/625/582
f 565/607/565 521/551/521 583/626/583 562/604/562
f 357/368/357 426/442/426 283/288/283 282/287/282
f 584/627/584 585/628/585 586/629/586 26/26/26
f 574/617/574 337/348/337 336/347/336 575/618/575
f 368/380/368 496/523/496 495/522/495 369/381/369
f 503/531/503 159/162/159 333/344/333 332/343/332
f 266/271/266 405/420/405 553/593/553 213/218/213
f 199/630/199 587/631/587 94/94/94 97/97/97
f 27/27/27 90/90/90 93/93/93 544/632/544
f 588/633/588 257/262/257 306/316/306 305/315/305
f 465/485/465 484/509/484 589/634/589 462/482/462
f 388/401/388 387/400/387 438/454/438 590/635/590
f 382/395/382 341/352/341 373/386/373 372/385/372
f 282/287/282 328/339/328 356/367/356 357/368/357
f 591/636/591 567/609/567 365/377/365 347/358/347
f 154/157/154 9/9/9 364/376/364 592/637/592
f 545/581/545 30/30/30 593/638/593 594/639/594
f 595/640/595 456/473/456 419/641/419 361/642/361
f 592/637/592 36/36/36 561/603/561 515/545/515
f 246/251/246 325/336/325 186/189/186 378/391/378
f 319/330/319 596/643/596 597/644/597 320/331/320
f 557/597/557 556/596/556 598/645/598 432/646/432
f 192/195/192 551/589/551 26/26/26 586/629/586
f 599/647/599 600/648/600 85/649/85 84/650/84
f 270/275/270 269/274/269 180/183/180 181/184/181
f 77/77/77 484/509/484 127/508/127 78/78/78
f 449/465/449 240/245/240 455/472/455 471/492/471
f 124/126/124 123/125/123 540/574/540 601/651/601
f 354/365/354 496/523/496 426/442/426 357/368/357
f 374/387/374 602/652/602 104/106/104 107/109/107
f 603/653/603 548/584/548 287/292/287 100/489/100
f 417/433/417 370/382/370 369/381/369 418/434/418
f 77/77/77 604/654/604 605/655/605 484/509/484
f 606/656/606 526/558/526 339/350/339 338/349/338
f 424/440/424 607/657/607 554/658/554 435/451/435
f 322/333/322 483/505/483 299/659/299 603/660/603
f 495/522/495 146/149/146 363/375/363 362/374/362
f 38/38/38 37/37/37 117/119/117 122/124/122
f 19/19/19 18/18/18 75/75/75 608/661/608
f 314/662/314 575/618/575 336/347/336 542/577/542
f 60/104/60 434/663/434 273/278/273 103/105/103
f 351/362/351 533/567/533 91/91/91 493/518/493
f 375/388/375 381/394/381 260/265/260 372/385/372
f 262/267/262 566/608/566 263/268/263
f 366/378/366 265/270/265 540/574/540 394/407/394
f 349/360/349 104/106/104 602/652/602 609/664/609
f 610/665/610 140/143/140 139/142/139 211/216/211
f 379/392/379 487/512/487 611/666/611 380/393/380
f 505/533/505 373/386/373 341/352/341 340/351/340
f 549/585/549 277/282/277 276/281/276 552/592/552
f 609/664/609 445/461/445 444/460/444 612/667/612
f 122/124/122 42/42/42 41/41/41 38/38/38
f 549/585/549 298/306/298 297/305/297 277/282/277
f 439/668/439 474/495/474 31/31/31 440/580/440
f 208/213/208 223/228/223 523/553/523 62/62/62
f 613/669/613 607/670/607 313/323/313 312/322/312
f 23/23/23 261/266/261 294/300/294 24/24/24
f 614/671/614 615/672/615 576/619/576 422/438/422
f 567/609/567 566/608/566 262/267/262 365/377/365
f 616/673/616 617/674/617 353/364/353 352/363/352
f 618/675/618 591/636/591 297/305/297 300/308/300
f 316/326/316 137/140/137 435/451/435 619/676/619
f 522/552/522 521/551/521 565/607/565 534/568/534
f 620/677/620 307/317/307 380/393/380 611/666/611
f 33/33/33 523/553/523 621/678/621 34/34/34
f 534/568/534 565/607/565 564/606/564 535/569/535
f 622/679/622 502/530/502 503/531/503 52/52/52
f 4/4/4 3/3/3 623/680/623 488/513/488
f 263/681/263 546/582/546 345/356/345 264/682/264
f 84/650/84 131/538/131 511/541/511 599/647/599
f 288/293/288 389/402/389 240/245/240 449/465/449
f 196/200/196 119/121/119 118/120/118
f 203/207/203 202/206/202 624/683/624 420/436/420
f 615/672/615 625/684/625 577/620/577 576/619/576
f 485/539/485 228/479/228 461/478/461 510/540/510
f 501/528/501 138/141/138 141/144/141 400/413/400
f 619/676/619 435/451/435 554/658/554 557/685/557
f 377/390/377 302/310/302 301/309/301 626/686/626
f 423/439/423 313/687/313 607/657/607 424/440/424
f 454/471/454 110/112/110 109/111/109 342/353/342
f 462/482/462 589/634/589 627/688/627 530/562/530
f 194/197/194 493/518/493 551/589/551 192/195/192
f 628/689/628 622/679/622 52/52/52 51/51/51
f 436/452/436 231/236/231 421/437/421 500/527/500
f 571/614/571 557/685/557 432/448/432 431/447/431
f 629/690/629 630/691/630 631/692/631 632/693/632
f 561/603/561 61/103/61 102/102/102 515/545/515
f 227/232/227 226/231/226 633/694/633 543/695/543
f 147/150/147 353/364/353 617/674/617 148/151/148
f 634/696/634 635/697/635 268/273/268 267/272/267
f 117/119/117 364/376/364 118/120/118
f 636/698/636 538/572/538 537/571/537 626/686/626
f 637/699/637 164/167/164 627/688/627 638/700/638
f 92/480/92 318/328/318 639/701/639 93/702/93
f 24/24/24 640/703/640 641/704/641 21/21/21
f 617/674/617 616/673/616 409/424/409 468/488/468
f 381/394/381 380/393/380 307/317/307 306/316/306
f 398/411/398 558/705/558 642/706/642 396/409/396
f 643/707/643 499/526/499 420/436/420 624/683/624
f 601/708/601 344/355/344 407/422/407 124/601/124
f 179/182/179 178/181/178 377/390/377 378/391/378
f 610/665/610 211/216/211 210/215/210 644/709/644
f 558/705/558 398/411/398 480/502/480 559/710/559
f 645/711/645 581/624/581 580/623/580 258/263/258
f 127/129/127 130/132/130 550/587/550 78/586/78
f 422/438/422 136/139/136 135/138/135 614/671/614
f 286/291/286 233/238/233 646/712/646 287/292/287
f 317/327/317 492/517/492 329/340/329 647/713/647
f 478/500/478 220/225/220 568/714/568 618/715/618
f 43/43/43 604/654/604 77/77/77 44/44/44
f 362/374/362 361/373/361 419/435/419 418/434/418
f 582/625/582 648/716/648 89/89/89 88/88/88
f 649/717/649 650/718/650 115/117/115 114/116/114
f 321/332/321 191/194/191 304/312/304 303/311/303
f 620/677/620 632/719/632 305/315/305 307/317/307
f 128/130/128 651/720/651 652/721/652 129/131/129
f 335/346/335 653/722/653 654/723/654 655/724/655
f 496/523/496 354/365/354 353/364/353 147/150/147
f 340/351/340 553/593/553 405/420/405 505/533/505
f 653/722/653 579/622/579 578/621/578 654/723/654
f 178/181/178 395/408/395 302/310/302 377/390/377
f 656/725/656 657/726/657 658/727/658 659/728/659
f 447/463/447 1/1/1 4/4/4 413/429/413
f 401/415/401 273/414/273 434/450/434 477/499/477
f 591/636/591 347/358/347 277/282/277 297/305/297
f 660/729/660 635/730/635 661/731/661 662/732/662
f 647/713/647 144/147/144 507/535/507 639/701/639
f 222/227/222 221/226/221 514/544/514 516/546/516
f 426/442/426 496/523/496 368/380/368
f 263/268/263 566/608/566 56/611/56 55/733/55
f 456/473/456 595/640/595 663/734/663 457/474/457
f 530/562/530 627/688/627 164/167/164 167/170/167
f 233/238/233 145/148/145 148/151/148 646/712/646
f 386/399/386 628/689/628 51/51/51 387/400/387
f 243/248/243 529/561/529 38/38/38 41/41/41
f 232/237/232 363/375/363 146/149/146 145/148/145
f 215/466/215 449/465/449 471/492/471 391/521/391
f 630/691/630 664/735/664 665/736/665 631/692/631
f 661/731/661 635/730/635 634/737/634 587/738/587
f 666/739/666 641/704/641 640/703/640 667/740/667
f 544/632/544 70/741/70 25/25/25 27/27/27
f 29/29/29 494/519/494 593/638/593 30/30/30
f 478/500/478 618/715/618 300/742/300 479/501/479
f 480/502/480 205/210/205 150/209/150 392/743/392
f 576/619/576 575/618/575 423/439/423 422/438/422
f 393/406/393 222/227/222 516/546/516 668/744/668
f 196/200/196 12/12/12 662/732/662 197/201/197
f 238/243/238 573/616/573 467/487/467 239/244/239
f 544/579/544 93/702/93 639/701/639 507/535/507
f 557/685/557 571/614/571 112/114/112 619/676/619
f 601/651/601 540/574/540 265/270/265 264/269/264
f 69/69/69 334/345/334 335/346/335 655/724/655
f 264/682/264 345/356/345 344/355/344 601/708/601
f 315/325/315 513/543/513 512/542/512 312/322/312
f 459/476/459 526/558/526 522/552/522 534/568/534
f 588/633/588 645/711/645 258/263/258 257/262/257
f 321/332/321 320/331/320 80/80/80 191/194/191
f 656/725/656 165/168/165 669/745/669 670/746/670
f 243/248/243 244/249/244 671/747/671 491/516/491
f 598/645/598 475/496/475 310/497/310 432/646/432
f 173/176/173 172/175/172 659/748/659
f 587/631/587 634/696/634 267/272/267 94/94/94
f 16/16/16 15/15/15 212/217/212 397/410/397
f 428/444/428 275/280/275 292/298/292 429/445/429
f 658/749/658 668/744/668 516/546/516
f 670/746/670 672/750/672 657/726/657 656/725/656
f 122/124/122 117/119/117 116/118/116 120/122/120
f 673/751/673 291/752/291 274/417/274 402/416/402
f 56/56/56 568/714/568 220/225/220 57/57/57
f 213/218/213 553/593/553 108/110/108 214/219/214
f 63/63/63 657/726/657 672/750/672 64/64/64
f 12/12/12 196/200/196 364/376/364 9/9/9
f 298/306/298 548/584/548 603/653/603 299/307/299
f 621/678/621 523/553/523 223/228/223 224/229/224
f 609/664/609 612/667/612 674/753/674 349/360/349
f 446/462/446 525/556/525 675/754/675 469/490/469
f 676/755/676 450/756/450 453/566/453 527/559/527
f 499/757/499 643/758/643 677/759/677 678/760/678
f 237/242/237 239/244/239 579/622/579 653/722/653
f 198/202/198 661/731/661 587/738/587 199/203/199
f 492/517/492 317/327/317 61/103/61 490/515/490
f 389/402/389 518/548/518 241/246/241 240/245/240
f 125/520/125 470/491/470 528/560/528 126/565/126
f 293/299/293 295/301/295 371/383/371 679/761/679
f 476/498/476 434/450/434 433/449/433 533/567/533
f 592/637/592 515/545/515 427/443/427 154/157/154
f 680/762/680 602/652/602 374/387/374 681/763/681
f 101/101/101 85/649/85 600/648/600 98/98/98
f 579/622/579 239/244/239 550/587/550 130/132/130
f 425/441/425 509/537/509 235/240/235 234/239/234
f 491/516/491 671/747/671 185/188/185 184/187/184
f 466/486/466 550/587/550 239/244/239 467/487/467
f 195/198/195 72/72/72 474/495/474 439/668/439
f 91/91/91 533/567/533 433/449/433 92/92/92
f 290/296/290 49/49/49 586/629/586 585/628/585
f 646/712/646 468/488/468 100/489/100 287/292/287
f 90/90/90 551/589/551 493/518/493 91/91/91
f 430/446/430 155/158/155 154/157/154 427/443/427
f 323/334/323 99/99/99 682/764/682 683/765/683
f 344/355/344 343/354/343 408/423/408 407/422/407
f 638/700/638 627/688/627 589/634/589 684/766/684
f 309/319/309 685/767/685 572/615/572 431/447/431
f 25/25/25 70/741/70 73/135/73 76/76/76
f 217/222/217 216/221/216 406/421/406 686/768/686
f 164/167/164 637/699/637 669/745/669 165/168/165
f 25/25/25 76/76/76 18/18/18 17/17/17
f 371/383/371 217/222/217 686/768/686 679/761/679
f 548/584/548 204/208/204 287/292/287
f 36/36/36 592/637/592 364/376/364 37/37/37
f 626/686/626 301/309/301 304/312/304 636/698/636
f 451/468/451 489/514/489 394/407/394 452/469/452
f 99/99/99 322/333/322 603/660/603 100/100/100
f 473/494/473 642/769/642 558/598/558 96/96/96
f 492/517/492 184/187/184 183/186/183 329/340/329
f 586/629/586 49/49/49 48/48/48 192/195/192
f 323/334/323 683/765/683 590/635/590 438/454/438
f 283/288/283 171/174/171 170/173/170 284/289/284
f 258/263/258 580/623/580 383/396/383 259/264/259
f 281/286/281 86/86/86 528/560/528 470/491/470
f 633/694/633 541/575/541 542/576/542 543/695/543
f 662/732/662 12/12/12 11/11/11 660/729/660
f 87/87/87 383/396/383 580/623/580 88/88/88
f 247/252/247 377/390/377 626/686/626 537/571/537
f 296/506/296 289/384/289 371/383/371 295/301/295
f 230/235/230 546/582/546 263/681/263 55/590/55
f 97/97/97 559/599/559 200/770/200 199/630/199
f 39/39/39 284/289/284 170/173/170 40/40/40
f 313/687/313 423/439/423 575/618/575 314/662/314
f 144/147/144 647/713/647 329/340/329 142/145/142
f 221/226/221 330/341/330 333/344/333 514/544/514
f 175/303/175 687/771/687 688/772/688 166/169/166
f 148/151/148 617/674/617 468/488/468 646/712/646
f 358/369/358 448/464/448 121/123/121 501/554/501
f 332/343/332 53/53/53 52/52/52 503/531/503
f 484/509/484 605/655/605 684/766/684 589/634/589
f 415/431/415 403/418/403 266/271/266 207/212/207
f 384/397/384 383/396/383 87/87/87 280/285/280
f 529/561/529 561/603/561 36/36/36 38/38/38
f 479/501/479 300/742/300 299/659/299 483/505/483
f 674/753/674 689/773/689 350/361/350 349/360/349
f 395/408/395 690/774/690 596/643/596 319/330/319
f 602/652/602 680/762/680 415/431/415 414/430/414
f 555/595/555 554/594/554 607/670/607 613/669/613
f 428/444/428 102/102/102 103/105/103 275/280/275
f 559/710/559 480/502/480 392/743/392 200/775/200
f 173/176/173 659/748/659 658/749/658 516/546/516
f 45/45/45 44/44/44 295/301/295 261/266/261
f 568/610/568 567/609/567 591/636/591 618/675/618
f 625/684/625 615/672/615 691/776/691 692/777/692
f 308/318/308 399/412/399 685/767/685 309/319/309
f 173/176/173 158/161/158 157/160/157 174/177/174
f 661/731/661 198/202/198 197/201/197 662/732/662
f 373/386/373 504/532/504 681/763/681 374/387/374
f 20/20/20 584/627/584 26/26/26 17/17/17
f 656/725/656 659/728/659 172/302/172 165/168/165
f 224/229/224 209/214/209 666/739/666 667/740/667
f 609/664/609 602/652/602 414/430/414 445/461/445
f 163/166/163 237/242/237 653/722/653 335/346/335
f 657/726/657 63/63/63 668/778/668 658/727/658
f 445/461/445 414/430/414 206/211/206 376/389/376
f 648/716/648 676/755/676 527/559/527 89/89/89
f 358/529/358 400/413/400 308/318/308 311/321/311
f 123/125/123 126/128/126 453/470/453 452/469/452
f 522/552/522 526/558/526 606/656/606 519/549/519
f 244/249/244 40/40/40 170/173/170 169/172/169
f 506/534/506 505/533/505 405/420/405 404/419/404
f 543/578/543 339/350/339 526/558/526 227/557/227
f 318/328/318 317/327/317 647/713/647 639/701/639
f 615/672/615 614/671/614 693/779/693 691/776/691
f 32/32/32 58/591/58 393/780/393 33/33/33
f 668/778/668 63/63/63 33/33/33 393/780/393
f 694/781/694 695/782/695 696/783/696 697/784/697
f 698/785/698 699/786/699 700/787/700 701/788/701
f 702/789/702 697/784/697 696/783/696 703/790/703
f 698/785/698 701/788/701 704/791/704 705/792/705
f 696/783/696 695/782/695 699/786/699 698/785/698
f 706/793/706 702/789/702 703/790/703 707/794/707
f 708/795/708 706/796/706 707/797/707 709/798/709
f 708/799/708 709/800/709 705/792/705 704/791/704
f 710/801/710 711/802/711 700/787/700 699/786/699
f 697/803/697 701/788/701 700/787/700 694/804/694
f 695/782/695 694/781/694 712/805/712 713/806/713
f 711/802/711 710/801/710 714/807/714 715/808/715
f 703/790/703 696/783/696 698/785/698 705/792/705
f 713/806/713 712/805/712 716/809/716 717/810/717
f 702/811/702 704/791/704 701/788/701 697/803/697
f 707/794/707 703/790/703 705/792/705 709/800/709
f 704/791/704 702/811/702 706/812/706 708/799/708
f 700/787/700 711/802/711 712/813/712 694/804/694
f 710/801/710 699/786/699 695/782/695 713/806/713
f 711/802/711 715/808/715 716/814/716 712/813/712
f 404/815/404 403/816/403 718/817/718 719/818/719
f 506/819/506 720/820/720 721/821/721 504/822/504
f 681/823/681 722/824/722 723/825/723 680/826/680
f 403/816/403 415/827/415 724/828/724 718/817/718
f 680/826/680 723/825/723 724/828/724 415/827/415
f 681/823/681 504/822/504 721/821/721 722/824/722
f 404/815/404 719/818/719 720/820/720 506/819/506
f 719/818/719 718/817/718 725/829/725 726/830/726
f 721/821/721 720/820/720 727/831/727 728/832/728
f 722/824/722 729/833/729 730/834/730
f 718/817/718 724/828/724 731/835/731 725/829/725
f 723/825/723 732/836/732 731/835/731 724/828/724
f 722/824/722 721/821/721 728/832/728 729/833/729
f 720/820/720 719/818/719 726/830/726 727/831/727
f 730/834/730 733/837/733 722/824/722
f 734/838/734 723/825/723 722/824/722 733/837/733
f 734/838/734 732/836/732 723/825/723
f 729/833/729 728/832/728 727/831/727 730/834/730
f 733/837/733 730/834/730 727/831/727 726/830/726
f 734/838/734 733/837/733 726/830/726 725/829/725
f 732/836/732 734/838/734 725/829/725 731/835/731
f 235/839/235 735/840/735 736/841/736 236/842/236
f 238/843/238 236/842/236 736/841/736 737/844/737
f 241/845/241 738/846/738 739/847/739 242/848/242
f 443/849/443 242/848/242 739/847/739 740/850/740
f 443/849/443 740/850/740 741/851/741 509/852/509
f 518/853/518 517/854/517 742/855/742 743/856/743
f 517/854/517 569/857/569 744/858/744 742/855/742
f 569/857/569 573/859/573 745/860/745 744/858/744
f 573/859/573 238/843/238 737/844/737 745/860/745
f 241/845/241 518/853/518 743/856/743 738/846/738
f 509/852/509 741/851/741 735/840/735 235/839/235
f 735/840/735 746/861/746 747/862/747 736/841/736
f 737/844/737 736/841/736 747/862/747 748/863/748
f 739/847/739 738/846/738 749/864/749 750/865/750
f 739/847/739 750/865/750 751/866/751 740/850/740
f 740/850/740 751/866/751 752/867/752 741/851/741
f 743/856/743 742/855/742 753/868/753 754/869/754
f 742/855/742 744/858/744 755/870/755 753/868/753
f 744/858/744 745/860/745 756/871/756 755/870/755
f 745/860/745 737/844/737 748/863/748 756/871/756
f 738/846/738 743/856/743 754/869/754 749/864/749
f 741/851/741 752/867/752 746/861/746 735/840/735
f 35/872/35 34/873/34 757/874/757 758/875/758
f 229/876/229 35/872/35 758/875/758 759/877/759
f 293/878/293 760/879/760 761/880/761 294/881/294
f 343/882/343 346/883/346 762/884/762 763/885/763
f 408/886/408 764/887/764 765/888/765 406/889/406
f 346/883/346 547/890/547 766/891/766 762/884/762
f 547/890/547 229/876/229 759/877/759 766/891/766
f 294/881/294 761/880/761 767/892/767 24/893/24
f 34/873/34 621/894/621 768/895/768 757/874/757
f 24/893/24 767/892/767 769/896/769 640/897/640
f 640/897/640 769/896/769 770/898/770 667/899/667
f 621/894/621 224/900/224 771/901/771 768/895/768
f 679/902/679 772/903/772 760/879/760 293/878/293
f 343/882/343 763/885/763 764/887/764 408/886/408
f 406/889/406 765/888/765 773/904/773 686/905/686
f 686/905/686 773/904/773 772/903/772 679/902/679
f 667/899/667 770/898/770 771/901/771 224/900/224
f 757/874/757 774/906/774 775/907/775 758/875/758
f 758/875/758 775/907/775 776/908/776 759/877/759
f 760/879/760 777/909/777 778/910/778 761/880/761
f 763/885/763 762/884/762 779/911/779 780/912/780
f 765/888/765 764/887/764 781/913/781 782/914/782
f 762/884/762 766/891/766 783/915/783 779/911/779
f 766/891/766 759/877/759 776/908/776 783/915/783
f 761/880/761 778/910/778 784/916/784 767/892/767
f 768/895/768 785/917/785 774/906/774 757/874/757
f 767/892/767 784/916/784 786/918/786 769/896/769
f 769/896/769 786/918/786 787/919/787 770/898/770
f 771/901/771 788/920/788 785/917/785 768/895/768
f 760/879/760 772/903/772 789/921/789 777/909/777
f 764/887/764 763/885/763 780/912/780 781/913/781
f 773/904/773 765/888/765 782/914/782 790/922/790
f 772/903/772 773/904/773 790/922/790 789/921/789
f 770/898/770 787/919/787 788/920/788 771/901/771
f 775/907/775 774/906/774 791/923/791 792/924/792
f 776/908/776 775/907/775 792/924/792 793/925/793
f 777/909/777 794/926/794 795/927/795 778/910/778
f 780/912/780 779/911/779 796/928/796 797/929/797
f 782/914/782 781/913/781 798/930/798 799/931/799
f 779/911/779 783/915/783 800/932/800 796/928/796
f 783/915/783 776/908/776 793/925/793 800/932/800
f 778/910/778 795/927/795 801/933/801 784/916/784
f 785/917/785 802/934/802 791/923/791 774/906/774
f 784/916/784 801/933/801 803/935/803 786/918/786
f 786/918/786 803/935/803 804/936/804 787/919/787
f 788/920/788 805/937/805 802/934/802 785/917/785
f 789/921/789 806/938/806 794/926/794 777/909/777
f 781/913/781 780/912/780 797/929/797 798/930/798
f 790/922/790 782/914/782 799/931/799 807/939/807
f 790/922/790 807/939/807 806/938/806 789/921/789
f 787/919/787 804/936/804 805/937/805 788/920/788
f 756/871/756 748/863/748 747/862/747 746/861/746
f 750/865/750 749/864/749 754/869/754 751/866/751
f 751/866/751 754/869/754 753/868/753 752/867/752
f 752/867/752 753/868/753 755/870/755 746/861/746
f 746/861/746 755/870/755 756/871/756
f 792/924/792 791/923/791 808/940/808
f 791/923/791 802/934/802 808/940/808
f 802/934/802 805/937/805 808/940/808
f 805/937/805 804/936/804 808/940/808
f 804/936/804 803/935/803 808/940/808
f 803/935/803 801/933/801 808/940/808
f 801/933/801 795/927/795 808/940/808
f 795/927/795 794/926/794 808/940/808
f 794/926/794 806/938/806 808/940/808
f 806/938/806 807/939/807 808/940/808
f 807/939/807 799/931/799 808/940/808
f 799/931/799 798/930/798 808/940/808
f 798/930/798 797/929/797 808/940/808
f 797/929/797 796/928/796 808/940/808
f 796/928/796 800/932/800 808/940/808
f 800/932/800 793/925/793 808/940/808
f 793/925/793 792/924/792 808/940/808
f 99/99/99 98/98/98 682/764/682
f 46/941/46 809/942/809 810/943/810 43/944/43
f 65/945/65 64/946/64 811/947/811 812/948/812
f 209/949/209 65/945/65 812/948/812 813/950/813
f 46/941/46 21/951/21 814/952/814 809/942/809
f 604/953/604 815/954/815 816/955/816 605/956/605
f 638/957/638 817/958/817 818/959/818 637/960/637
f 21/951/21 641/961/641 819/962/819 814/952/814
f 43/944/43 810/943/810 815/954/815 604/953/604
f 641/961/641 666/963/666 820/964/820 819/962/819
f 670/965/670 669/966/669 821/967/821 822/968/822
f 672/969/672 670/965/670 822/968/822 823/970/823
f 64/946/64 672/969/672 823/970/823 811/947/811
f 684/971/684 824/972/824 817/958/817 638/957/638
f 669/966/669 637/960/637 818/959/818 821/967/821
f 605/956/605 816/955/816 824/972/824 684/971/684
f 666/963/666 209/949/209 813/950/813 820/964/820
f 809/942/809 825/973/825 826/974/826 810/943/810
f 812/948/812 811/947/811 827/975/827 828/976/828
f 813/950/813 812/948/812 828/976/828 829/977/829
f 814/952/814 830/978/830 825/973/825 809/942/809
f 815/954/815 831/979/831 832/980/832 816/955/816
f 818/959/818 817/958/817 833/981/833 834/982/834
f 819/962/819 835/983/835 830/978/830 814/952/814
f 810/943/810 826/974/826 831/979/831 815/954/815
f 820/964/820 836/984/836 835/983/835 819/962/819
f 822/968/822 821/967/821 837/985/837 838/986/838
f 823/970/823 822/968/822 838/986/838 839/987/839
f 811/947/811 823/970/823 839/987/839 827/975/827
f 824/972/824 840/988/840 833/981/833 817/958/817
f 821/967/821 818/959/818 834/982/834 837/985/837
f 816/955/816 832/980/832 840/988/840 824/972/824
f 813/950/813 829/977/829 836/984/836 820/964/820
f 826/974/826 825/973/825 841/989/841 842/990/842
f 827/975/827 843/991/843 844/992/844 828/976/828
f 828/976/828 844/992/844 845/993/845 829/977/829
f 825/973/825 830/978/830 846/994/846 841/989/841
f 831/979/831 847/995/847 848/996/848 832/980/832
f 833/981/833 849/997/849 850/998/850 834/982/834
f 830/978/830 835/983/835 851/999/851 846/994/846
f 831/979/831 826/974/826 842/990/842 847/995/847
f 836/984/836 852/1000/852 851/999/851 835/983/835
f 837/985/837 853/1001/853 854/1002/854 838/986/838
f 839/987/839 838/986/838 854/1002/854 855/1003/855
f 839/987/839 855/1003/855 843/991/843 827/975/827
f 840/988/840 856/1004/856 849/997/849 833/981/833
f 834/982/834 850/998/850 853/1001/853 837/985/837
f 840/988/840 832/980/832 848/996/848 856/1004/856
f 836/984/836 829/977/829 845/993/845 852/1000/852
f 842/990/842 841/989/841 857/1005/857
f 841/989/841 846/994/846 857/1005/857
f 846/994/846 851/999/851 857/1005/857
f 851/999/851 852/1000/852 857/1005/857
f 852/1000/852 845/993/845 857/1005/857
f 845/993/845 844/992/844 857/1005/857
f 844/992/844 843/991/843 857/1005/857
f 843/991/843 855/1003/855 857/1005/857
f 855/1003/855 854/1002/854 857/1005/857
f 854/1002/854 853/1001/853 857/1005/857
f 853/1001/853 850/998/850 857/1005/857
f 850/998/850 849/997/849 857/1005/857
f 849/997/849 856/1004/856 857/1005/857
f 856/1004/856 848/996/848 857/1005/857
f 848/996/848 847/995/847 857/1005/857
f 847/995/847 842/990/842 857/1005/857
f 112/114/112 115/117/115 316/326/316 619/676/619
f 115/117/115 650/718/650 858/1006/858 316/326/316
f 7/7/7 6/6/6 254/259/254 253/258/253
f 181/184/181 7/7/7 253/258/253 472/493/472
f 181/184/181 472/493/472 95/95/95 270/275/270
f 642/769/642 473/494/473 256/261/256
f 256/261/256 473/494/473 472/493/472 253/258/253
f 16/16/16 396/409/396 859/1007/859 13/13/13
f 80/80/80 320/331/320 597/644/597 81/81/81
f 614/671/614 135/138/135 498/525/498 693/779/693
f 128/507/128 465/485/465 464/484/464 651/1008/651
f 612/667/612 444/460/444 860/1009/860 861/1010/861
f 210/215/210 15/15/15 14/14/14 862/1011/862
f 578/621/578 129/131/129 652/721/652 863/1012/863
f 502/530/502 622/679/622 864/1013/864 865/1014/865
f 463/483/463 462/482/462 530/562/530 532/564/532
f 622/679/622 628/689/628 866/1015/866 864/1013/864
f 654/723/654 578/621/578 863/1012/863 867/1016/867
f 628/689/628 386/399/386 868/1017/868 866/1015/866
f 134/137/134 316/326/316 858/1006/858 497/524/497
f 655/724/655 654/723/654 867/1016/867 869/1018/869
f 674/753/674 612/667/612 861/1010/861 870/1019/870
f 69/69/69 655/724/655 869/1018/869 66/66/66
f 442/458/442 441/457/441 871/1020/871 872/1021/871
f 175/178/175 174/177/174 873/1022/872 687/1023/687
f 874/1024/873 642/769/642 256/261/256 255/260/255
f 875/1025/874 190/193/190 469/490/469 675/754/675
f 677/759/677 876/1026/875 877/1027/876 878/1028/877
f 689/773/689 674/753/674 870/1019/870 879/1029/878
f 174/177/174 157/160/157 880/1030/879 873/1022/872
f 868/1017/868 386/399/386 385/398/385 881/1031/880
f 157/160/157 156/159/156 882/1032/881 880/1030/879
f 156/159/156 502/530/502 865/1014/865 882/1032/881
f 188/191/188 190/193/190 875/1025/874 560/602/560
f 167/170/167 166/169/166 688/772/688 531/563/531
f 396/409/396 642/706/642 874/1033/873 859/1007/859
f 524/555/524 412/428/412 411/427/411 883/1034/882
f 678/760/678 677/759/677 878/1028/877 884/1035/883
f 395/408/395 178/181/178 177/180/177 690/774/690
f 444/460/444 68/68/68 67/67/67 860/1009/860
f 714/807/714 710/801/710 713/806/713 717/810/717
f 884/1035/883 878/1028/877 885/1036/884
f 520/550/520 886/1037/885 583/626/583 521/551/521
f 876/1026/875 631/692/631 665/736/665 877/1027/876
f 202/1038/202 201/1039/201 887/1040/886 888/1041/887
f 279/1042/279 889/1043/888 890/1044/889 276/1045/276
f 450/1046/450 891/1047/890 892/1048/891 451/1049/451
f 489/1050/489 893/1051/892 889/1043/888 279/1042/279
f 552/1052/552 894/1053/893 887/1040/886 201/1039/201
f 582/1054/582 581/1055/581 895/1056/894
f 305/1057/305 896/1058/895 895/1056/894 588/1059/588
f 276/1045/276 890/1044/889 894/1053/893 552/1052/552
f 624/1060/624 202/1038/202 888/1041/887 897/1061/896
f 643/758/643 624/1060/624 897/1061/896 677/759/677
f 581/1055/581 645/1062/645 895/1056/894
f 582/1054/582 895/1056/894 891/1047/890 648/1063/648
f 632/693/632 631/692/631 896/1058/895 305/1057/305
f 645/1062/645 588/1059/588 895/1056/894
f 450/1046/450 676/1064/676 891/1047/890
f 451/1049/451 892/1048/891 893/1051/892 489/1050/489
f 676/1064/676 648/1063/648 891/1047/890
f 106/108/106 105/107/105 898/1065/897 899/1066/898
f 105/107/105 350/361/350 900/1067/899 898/1065/897
f 487/512/487 106/108/106 899/1066/898 901/1068/900
f 611/666/611 487/512/487 901/1068/900 902/1069/901
f 620/677/620 611/666/611 902/1069/901 903/1070/902
f 620/677/620 903/1070/902 904/1071/903 632/719/632
f 350/361/350 689/773/689 905/1072/904 900/1067/899
f 879/1029/878 906/1073/905 905/1072/904 689/773/689
f 169/1074/169 168/1075/168 907/1076/906 908/1077/907
f 182/1078/182 185/1079/185 909/1080/908 910/1081/909
f 370/1082/370 911/1083/910 912/1084/911 367/1085/367
f 367/1085/367 912/1084/911 907/1076/906 168/1075/168
f 417/1086/417 416/1087/416 458/475/458 913/1088/912
f 481/1089/481 182/1078/182 910/1081/909 914/1090/913
f 481/1089/481 914/1090/913 915/1091/914 494/1092/494
f 594/1093/594 593/1094/593 915/1091/914
f 417/1086/417 913/1088/912 911/1083/910 370/1082/370
f 593/1094/593 494/1092/494 915/1091/914
f 244/1095/244 916/1096/915 917/1097/916 671/1098/671
f 185/1079/185 671/1098/671 917/1097/916 909/1080/908
f 169/1074/169 908/1077/907 916/1096/915 244/1095/244
f 545/1099/545 594/1093/594 915/1091/914
f 545/1099/545 915/1091/914 441/457/441 440/456/440
f 441/457/441 915/1091/914 918/1100/917 871/1020/871
f 457/474/457 919/1101/918 920/1102/919 458/475/458
f 456/473/456 458/475/458 416/1087/416 419/641/419
f 919/1101/918 918/1100/917 915/1091/914 920/1102/919
f 915/1091/914 914/1090/913 920/1102/919
f 361/642/361 360/1103/360 921/1104/920 595/640/595
f 436/1105/436 678/760/678 922/1106/921 437/1107/437
f 500/1108/500 499/757/499 678/760/678
f 437/1107/437 922/1106/921 921/1104/920 360/1103/360
f 436/1105/436 500/1108/500 678/760/678
f 595/640/595 921/1104/920 923/1109/922 663/734/663
f 922/1106/921 678/760/678 884/1035/883 924/1110/923
f 921/1104/920 922/1106/921 924/1110/923 923/1109/922
f 11/1111/11 10/1112/10 925/1113/924 926/1114/925
f 10/1112/10 155/1115/155 927/1116/926 925/1113/924
f 191/1117/191 180/1118/180 928/1119/927 929/1120/928
f 268/1121/268 930/1122/929 931/1123/930 269/1124/269
f 291/1125/291 932/1126/931 933/1127/932 292/1128/292
f 429/1129/429 934/1130/933 935/1131/934 430/1132/430
f 539/1133/539 538/1134/538 936/1135/935 937/1136/936
f 269/1124/269 931/1123/930 928/1119/927 180/1118/180
f 268/1121/268 635/1137/635 938/1138/937 930/1122/929
f 538/1134/538 636/1139/636 939/1140/938 936/1135/935
f 191/1117/191 929/1120/928 940/1141/939 304/1142/304
f 635/1137/635 660/1143/660 941/1144/940 938/1138/937
f 292/1128/292 933/1127/932 934/1130/933 429/1129/429
f 673/1145/673 942/1146/941 932/1126/931 291/1125/291
f 155/1115/155 430/1132/430 935/1131/934 927/1116/926
f 304/1142/304 940/1141/939 939/1140/938 636/1139/636
f 11/1111/11 926/1114/925 941/1144/940 660/1143/660
f 934/1130/933 933/1127/932 943/1147/942 935/1131/934
f 944/1148/943 935/1131/934 943/1147/942 945/1149/944
f 946/1150/945 935/1131/934 944/1148/943
f 927/1116/926 935/1131/934 946/1150/945 947/1151/946
f 948/1152/947 925/1113/924 927/1116/926 947/1151/946
f 949/1153/948 926/1114/925 925/1113/924 948/1152/947
f 950/1154/949 951/1155/950 945/1149/944 943/1147/942
f 952/1156/951 951/1155/950 950/1154/949 932/1126/931
f 477/499/477 245/250/245 248/253/248 401/415/401
f 401/415/401 248/253/248 536/570/536 402/416/402
f 402/416/402 536/570/536 539/573/539 673/751/673
f 673/1145/673 539/1133/539 937/1136/936 942/1146/941
f 953/1157/952 952/1156/951 932/1126/931 942/1146/941
f 954/1158/953 953/1157/952 942/1146/941 937/1136/936
f 955/1159/954 941/1144/940 926/1114/925 949/1153/948
f 956/1160/955 938/1138/937 941/1144/940 955/1159/954
f 957/1161/956 930/1122/929 938/1138/937 956/1160/955
f 931/1123/930 930/1122/929 957/1161/956 958/1162/957
f 959/1163/958 928/1119/927 931/1123/930 958/1162/957
f 960/1164/959 961/1165/960 962/1166/961 963/1167/962
f 964/1168/963 965/1169/964 936/1135/935 939/1140/938
f 965/1169/964 954/1158/953 937/1136/936 936/1135/935
f 928/1119/927 963/1167/962 929/1120/928
f 944/1148/943 945/1149/944 966/1170/965 967/1171/966
f 946/1150/945 944/1148/943 967/1171/966 968/1172/967
f 947/1151/946 946/1150/945 968/1172/967 969/1173/968
f 947/1151/946 969/1173/968 970/1174/969 948/1152/947
f 948/1152/947 970/1174/969 971/1175/970 949/1153/948
f 945/1149/944 951/1155/950 972/1176/971 966/1170/965
f 951/1155/950 952/1156/951 973/1177/972 972/1176/971
f 952/1156/951 953/1157/952 974/1178/973 973/1177/972
f 954/1158/953 975/1179/974 974/1178/973 953/1157/952
f 949/1153/948 971/1175/970 976/1180/975 955/1159/954
f 955/1159/954 976/1180/975 977/1181/976 956/1160/955
f 956/1160/955 977/1181/976 978/1182/977 957/1161/956
f 957/1161/956 978/1182/977 979/1183/978 958/1162/957
f 958/1162/957 979/1183/978 980/1184/979 959/1163/958
f 981/1185/980 982/1186/981 983/1187/982 964/1168/963
f 965/1169/964 964/1168/963 983/1187/982 984/1188/983
f 965/1169/964 984/1188/983 975/1179/974 954/1158/953
f 985/1189/984 981/1185/980 964/1168/963 939/1140/938
f 985/1189/984 939/1140/938 940/1141/939
f 960/1164/959 959/1163/958 980/1184/979 986/1190/985
f 987/1191/986 982/1186/981 981/1185/980 961/1165/960
f 963/1167/962 928/1119/927 959/1163/958 960/1164/959
f 963/1167/962 962/1166/961 929/1120/928
f 961/1165/960 981/1185/980 985/1189/984 962/1166/961
f 962/1166/961 985/1189/984 940/1141/939 929/1120/928
f 961/1165/960 960/1164/959 986/1190/985 987/1191/986
f 966/1170/965 972/1176/971 988/1192/987 967/1171/966
f 967/1171/966 988/1192/987 989/1193/988 968/1172/967
f 969/1173/968 968/1172/967 989/1193/988 990/1194/989
f 970/1174/969 969/1173/968 990/1194/989 991/1195/990
f 971/1175/970 970/1174/969 991/1195/990 976/1180/975
f 976/1180/975 991/1195/990 992/1196/991 977/1181/976
f 991/1195/990 990/1194/989 993/1197/992 992/1196/991
f 990/1194/989 989/1193/988 994/1198/993 993/1197/992
f 988/1192/987 995/1199/994 994/1198/993 989/1193/988
f 972/1176/971 973/1177/972 995/1199/994 988/1192/987
f 978/1182/977 996/1200/995 997/1201/996 979/1183/978
f 998/1202/997 975/1179/974 984/1188/983 999/1203/998
f 996/1200/995 1000/1204/999 1001/1205/999 997/1201/996
f 1000/1204/999 998/1202/997 999/1203/998 1001/1205/999
f 677/759/677 897/1061/896 876/1026/875
f 888/1041/887 887/1040/886 894/1053/893 876/1026/875
f 897/1061/896 888/1041/887 876/1026/875
f 894/1053/893 890/1044/889 889/1043/888 876/1026/875
f 889/1043/888 893/1051/892 892/1048/891 876/1026/875
f 892/1048/891 891/1047/890 876/1026/875
f 895/1056/894 896/1058/895 876/1026/875
f 896/1058/895 631/692/631 876/1026/875
f 891/1047/890 895/1056/894 876/1026/875
f 911/1083/910 913/1088/912 458/475/458 920/1102/919
f 907/1076/906 912/1084/911 911/1083/910 920/1102/919
f 916/1096/915 908/1077/907 907/1076/906 920/1102/919
f 909/1080/908 917/1097/916 916/1096/915 920/1102/919
f 914/1090/913 910/1081/909 909/1080/908 920/1102/919
f 644/709/644 210/215/210 862/1011/862 1002/1206/1000
f 1003/1207/1001 563/605/563 562/604/562
f 977/1181/976 1004/1208/1002 996/1200/995 978/1182/977
f 986/1190/985 980/1184/979 979/1183/978 997/1201/996
f 1005/1209/1003 974/1178/973 975/1179/974 998/1202/997
f 984/1188/983 983/1187/982 982/1186/981 999/1203/998
f 1004/1208/1002 1006/1210/1004 1000/1204/999 996/1200/995
f 987/1191/986 986/1190/985 997/1201/996 1001/1205/999
f 1006/1210/1004 1005/1209/1003 998/1202/997 1000/1204/999
f 982/1186/981 987/1191/986 1001/1205/999 999/1203/998
f 950/1154/949 943/1147/942 933/1127/932 932/1126/931
f 974/1178/973 1005/1209/1003 995/1199/994 973/1177/972
f 1005/1209/1003 1006/1210/1004 994/1198/993 995/1199/994
f 1006/1210/1004 1004/1208/1002 993/1197/992 994/1198/993
f 1004/1208/1002 992/1196/991 993/1197/992
f 1004/1208/1002 977/1181/976 992/1196/991
f 1007/1211/1005 1008/1212/1006 1009/1213/1007 1010/1214/1008
f 1011/1215/1009 1007/1211/1005 1012/1216/1010 1013/1217/1010
f 1008/1212/1006 1014/1218/1011 1015/1219/1011 1009/1213/1007
f 1011/1215/1009 1016/1220/1012 1008/1212/1006 1007/1211/1005
f 1010/1214/1008 1017/1221/1010 1012/1216/1010 1007/1211/1005
f 1016/1220/1012 1018/1222/1011 1014/1218/1011 1008/1212/1006
f 1019/1223/1005 1020/1224/1006 1021/1225/1007 1022/1226/1008
f 1023/1227/1013 1019/1223/1005 1024/1228/1010 1025/1229/1010
f 1020/1224/1006 1026/1230/1011 1027/1231/1011 1021/1225/1007
f 1023/1227/1013 1028/1232/1012 1020/1224/1006 1019/1223/1005
f 1022/1226/1008 1029/1233/1010 1024/1228/1010 1019/1223/1005
f 1028/1232/1012 1030/1234/1011 1026/1230/1011 1020/1224/1006
f 1031/1235/1014 1032/1236/1015 1033/1237/1016 1034/1238/1017
f 1035/1239/1018 1031/1235/1014 1036/1240/1010 1037/1241/1010
f 1032/1236/1015 1038/1242/1011 1039/1243/1011 1033/1237/1016
f 1035/1239/1018 1040/1244/1019 1032/1236/1015 1031/1235/1014
f 1031/1235/1014 1034/1238/1017 1041/1245/1010 1036/1240/1010
f 1040/1244/1019 1042/1246/1011 1038/1242/1011 1032/1236/1015
f 1043/1247/1020 1044/1248/1015 1045/1249/1016 1046/1250/1017
f 1047/1251/1021 1043/1247/1020 1048/1252/1010 1049/1253/1010
f 1044/1248/1015 1050/1254/1011 1051/1255/1011 1045/1249/1016
f 1047/1251/1021 1052/1256/1019 1044/1248/1015 1043/1247/1020
f 1043/1247/1020 1046/1250/1017 1053/1257/1010 1048/1252/1010
f 1052/1256/1019 1054/1258/1011 1050/1254/1011 1044/1248/1015
f 1055/1259/1022 1056/1260/1023 1057/1261/1024 1058/1262/1025
f 1059/1263/1026 6/6/6 5/5/5 1060/1264/1027
f 1061/1265/1028 1062/1266/1029 1063/1267/1030 1064/1268/1031
f 1065/1269/1032 14/14/14 13/13/13 1066/1270/1033
f 1067/1271/1034 1068/1272/1035 1069/1273/1036 1070/1274/1037
f 1071/1275/1038 1072/1276/1039 1073/1277/1040 1074/1278/1041
f 1075/1279/1042 1076/1280/1043 1077/1281/1044 1067/1271/1034
f 1078/1282/1045 1079/1283/1046 1080/1284/1047 1081/1285/1048
f 1082/1286/1049 1083/1287/1050 1084/1288/1051 1085/1289/1052
f 1086/1290/1053 1087/1291/1054 1088/1292/1055
f 1089/1293/1056 1090/1294/1057 1091/1295/1058 1092/1296/1059
f 1093/1297/1060 1094/1298/1061 1095/1299/1062 1096/1300/1063
f 1097/1301/1064 1098/1302/1065 1099/1303/1066 1100/1304/1067
f 1101/1305/1068 1102/1306/1069 1103/1307/1070 1104/1308/1071
f 1105/1309/1072 1106/1310/1073 1107/1311/1074 1108/1312/1075
f 1109/1313/1076 1110/1314/1077 1111/1315/1078
f 1112/1316/1079 1113/1317/1080 1114/1318/1081 1115/1319/1082
f 1116/1320/1083 67/67/67 66/66/66 1117/1321/1084
f 1118/1322/1085 1119/1323/1086 1120/1324/1087 1121/1325/1088
f 1122/1326/1089 1123/1327/1090 1070/1274/1037 1124/1328/1091
f 1125/1329/1092 1126/1330/1093 1096/1300/1063 1127/1331/1094
f 5/5/5 81/81/81 1128/1332/1095 1060/1264/1027
f 1129/1333/1096 1130/1334/1097 1131/1335/1098 1132/1336/1099
f 1133/1337/1100 1134/1338/1101 1135/1339/1102 1136/1340/1103
f 1137/1341/1104 1138/1342/1105 1139/1343/1106 1140/1344/1107
f 1141/1345/1108 1142/1346/1109 1143/1347/1110 1144/1348/1111
f 1145/1349/1112 1146/1350/1113 1147/1351/1114 1148/1352/1115
f 1111/1353/1078 1110/1354/1077 1149/1355/1116 1150/1356/1117
f 1151/1357/1118 1152/1358/1119 1153/1359/1120 1154/1360/1121
f 1155/1361/1122 1156/1362/1123 1157/1363/1124 1158/1364/1125
f 1159/1365/1126 1160/1366/1127 1161/1367/1128 1162/1368/1129
f 1163/1369/1130 1164/1370/1131 1165/1371/1132 1166/1372/1133
f 1167/1373/1134 1168/1374/1135 1092/1296/1059 1169/1375/1136
f 1170/1376/1137 1171/1377/1138 1172/1378/1139 1173/1379/1140
f 1174/1380/1141 1175/1381/1142 1176/1382/1143 1177/1383/1144
f 1130/1334/1097 1129/1333/1096 1178/1384/1145 1179/1385/1146
f 1180/1386/1147 1121/1387/1088 1123/1327/1090 1122/1326/1089
f 1181/1388/1148 1182/1389/1149 1183/1390/1150 1184/1391/1151
f 1185/1392/1152 1186/1393/1153 1187/1394/1154 1188/1395/1155
f 1189/1396/1156 1078/1282/1045 1190/1397/1157 1191/1398/1158
f 1192/1399/1159 1193/1400/1160 1194/1401/1161 1195/1402/1162
f 1166/1372/1133 1196/1403/1163 1197/1404/1164 1198/1405/1165
f 1186/1393/1153 1199/1406/1166 1200/1407/1167 1187/1394/1154
f 1201/1408/1168 1063/1267/1030 1062/1266/1029 1202/1409/1169
f 1203/1410/1170 1204/1411/1171 1205/1412/1172 1206/1413/1173
f 1207/1414/1174 1208/1415/1175 1209/1416/1176 1210/1417/1177
f 1211/1418/1178 1212/1419/1179 1213/1420/1180 1214/1421/1181
f 1215/1422/1182 1216/1423/1183 1217/1424/1184 1218/1425/1185
f 1219/1426/1186 1220/1427/1187 1221/1428/1188 1222/1429/1189
f 1223/1430/1190 177/180/177 176/179/176 1224/1431/1191
f 1059/1263/1026 1060/1264/1027 1225/1432/1192 1226/1433/1193
f 1227/1434/1194 1228/1435/1195 1229/1436/1196 1230/1437/1197
f 1231/1438/1198 1232/1439/1199 1233/1440/1200 1234/1441/1201
f 1097/1301/1064 1232/1439/1199 1231/1438/1198 1235/1442/1202
f 1128/1332/1095 1236/1443/1203 1225/1432/1192 1060/1264/1027
f 1237/1444/1204 1100/1304/1067 1238/1445/1205 1239/1446/1206
f 1121/1325/1088 1180/1447/1147 1240/1448/1207 1118/1322/1085
f 1166/1372/1133 1198/1405/1165 1241/1449/1208 1242/1450/1209
f 1197/1404/1164 1243/1451/1210 1244/1452/1211 1245/1453/1212
f 1246/1454/1213 1247/1455/1214 1248/1456/1215 1249/1457/1216
f 1199/1406/1166 1250/1458/1217 1196/1459/1163 1200/1407/1167
f 1208/1415/1175 1251/1460/1218 1252/1461/1219 1209/1416/1176
f 1253/1462/1220 1254/1463/1221 1113/1317/1080 1112/1316/1079
f 1255/1464/1222 1256/1465/1223 1065/1269/1032 1257/1466/1224
f 1208/1415/1175 1207/1414/1174 1258/1467/1225 1259/1468/1226
f 1260/1469/1227 1261/1470/1228 1262/1471/1229 1263/1472/1230
f 1190/1397/1157 1078/1282/1045 1081/1285/1048 1264/1473/1231
f 1265/1474/1232 1266/1475/1233 1105/1309/1072 1267/1476/1234
f 1268/1477/1235 1269/1478/1236 1254/1463/1221 1253/1462/1220
f 1270/1479/1237 1271/1480/1238 1272/1481/1239 1273/1482/1240
f 1274/1483/1241 1083/1287/1050 1082/1286/1049 1275/1484/1242
f 1276/1485/1243 1277/1486/1244 1192/1399/1159 1278/1487/1245
f 1279/1488/1246 1280/1489/1247 1281/1490/1248 1282/1491/1249
f 1280/1489/1247 1283/1492/1250 1284/1493/1251 1281/1490/1248
f 1285/1494/1252 1157/1363/1124 1286/1495/1253 1287/1496/1254
f 1288/1497/1255 1289/1498/1256 1090/1294/1057 1089/1293/1056
f 1290/1499/1257 1291/1500/1258 1292/1501/1259 1293/1502/1260
f 1294/1503/1261 1295/1504/1262 1296/1505/1263 1297/1506/1264
f 1298/1507/1265 1299/1508/1266 255/260/255 254/259/254
f 1300/1509/1267 1301/1510/1268 1302/1511/1269 1303/1512/1270
f 1073/1277/1040 1304/1513/1271 1095/1299/1062 1074/1278/1041
f 1305/1514/1272 1306/1515/1273 1307/1516/1274 1308/1517/1275
f 1259/1468/1226 1309/1518/1276 1251/1460/1218 1208/1415/1175
f 1310/1519/1277 1311/1520/1278 1312/1521/1279 1313/1522/1280
f 1292/1501/1259 1291/1500/1258 1314/1523/1281 1315/1524/1282
f 1316/1525/1283 1317/1526/1284 1150/1356/1117 1318/1527/1285
f 1319/1528/1286 1320/1529/1287 1321/1530/1288 1322/1531/1289
f 1323/1532/1290 1324/1533/1291 1135/1339/1102 1134/1338/1101
f 1325/1534/1292 1326/1535/1293 1327/1536/1294 1328/1537/1295
f 1329/1538/1296 1330/1539/1297 1246/1454/1213 1249/1457/1216
f 1331/1540/1298 1261/1541/1228 1332/1542/1299 1296/1505/1263
f 1056/1260/1023 1333/1543/1300 1099/1303/1066 1057/1261/1024
f 1318/1527/1285 1334/1544/1301 1335/1545/1302 1316/1525/1283
f 1336/1546/1303 1337/1547/1304 1304/1513/1271 1338/1548/1305
f 1213/1420/1180 1222/1549/1189 1221/1550/1188 1214/1421/1181
f 1296/1505/1263 1295/1504/1262 1339/1551/1306 1331/1540/1298
f 1340/1552/1307 1341/1553/1308 1342/1554/1309 1343/1555/1310
f 1344/1556/1311 1345/1557/1312 1346/1558/1313 1347/1559/1314
f 1167/1373/1134 1187/1560/1154 1200/1561/1167 1165/1371/1132
f 1348/1562/1315 1349/1563/1316 1350/1564/1317
f 1351/1565/1318 1352/1566/1319 1353/1567/1320 1354/1568/1321
f 1355/1569/1322 1356/1570/1323 1357/1571/1324 1358/1572/1325
f 1181/1388/1148 1359/1573/1326 1182/1389/1149
f 1360/1574/1327 1110/1354/1077 1109/1575/1076 1361/1576/1328
f 1346/1558/1313 1362/1577/1329 1363/1578/1330 1364/1579/1331
f 1365/1580/1332 1366/1581/1333 1367/1582/1334 1148/1352/1115
f 1368/1583/1335 1369/1584/1336 1314/1523/1281 1291/1500/1258
f 1328/1537/1295 1327/1536/1294 1370/1585/1337 1371/1586/1338
f 1190/1397/1157 1264/1473/1231 1230/1437/1197 1372/1587/1339
f 1373/1588/1340 1374/1589/1341 1375/1590/1342 1376/1591/1343
f 1377/1592/1344 1378/1593/1345 1210/1417/1177 1209/1416/1176
f 1379/1594/1346 1380/1595/1347 1381/1596/1348 1382/1597/1349
f 1144/1348/1111 1313/1522/1280 1312/1521/1279 1141/1345/1108
f 1383/1598/1350 1384/1599/1351 1385/1600/1352 1158/1364/1125
f 1386/1601/1353 1387/1602/1354 1388/1603/1355 1389/1604/1356
f 1390/1605/1357 1320/1529/1287 1319/1528/1286 1391/1606/1358
f 1392/1607/1359 1151/1357/1118 1154/1360/1121 1393/1608/1360
f 1315/1524/1282 1314/1523/1281 1369/1584/1336 1394/1609/1361
f 1395/1610/1362 1396/1611/1363 1397/1612/1364 1398/1613/1365
f 1395/1610/1362 1398/1613/1365 1399/1614/1366 1400/1615/1367
f 1371/1586/1338 1401/1616/1368 1354/1617/1321 1402/1618/1369
f 1403/1619/1370 1404/1620/1371 1405/1621/1372 1406/1622/1373
f 1164/1370/1131 1407/1623/1374 1088/1292/1055
f 1391/1606/1358 1408/1624/1375 1409/1625/1376 1390/1605/1357
f 1410/1626/1377 1411/1627/1378 1412/1628/1379 1413/1629/1380
f 1262/1471/1229 1261/1470/1228 1331/1630/1298 1414/1631/1381
f 1216/1423/1183 1215/1422/1182 1412/1628/1379 1411/1627/1378
f 1415/1632/1382 1416/1633/1383 1417/1634/1384 1418/1635/1385
f 1377/1592/1344 1209/1416/1176 1252/1461/1219 1419/1636/1386
f 1207/1414/1174 1210/1417/1177 1280/1489/1247 1279/1488/1246
f 1291/1500/1258 1290/1499/1257 1420/1637/1387 1421/1638/1388
f 1422/1639/1389 1423/1640/1390 1418/1635/1385 1424/1641/1391
f 1425/1642/1392 1426/1643/1393 1427/1644/1394 1300/1509/1267
f 1377/1592/1344 1419/1636/1386 1116/1320/1083 1117/1321/1084
f 1428/1645/1395 1429/1646/1396 1430/1647/1397 1431/1648/1398
f 1296/1505/1263 1332/1542/1299 1432/1649/1399 1297/1506/1264
f 1257/1466/1224 1199/1406/1166 1186/1393/1153 1255/1464/1222
f 1260/1469/1227 1263/1472/1230 1433/1650/1400 1434/1651/1401
f 1435/1652/1402 1243/1451/1210 1197/1404/1164 1196/1403/1163
f 1108/1312/1075 1436/1653/1403 1267/1476/1234 1105/1309/1072
f 1391/1606/1358 1319/1528/1286 1437/1654/1404 1408/1624/1375
f 1347/1559/1314 1346/1558/1313 1364/1579/1331 1438/1655/1405
f 1439/1656/1406 1066/1270/1033 1440/1657/1407 1441/1658/1408
f 1442/1659/1409 1353/1567/1320 1443/1660/1410 1188/1395/1155
f 1317/1661/1284 1316/1662/1283 1444/1663/1411 1445/1664/1412
f 1446/1665/1413 1309/1518/1276 1447/1666/1414 1448/1667/1415
f 1449/1668/1416 1263/1472/1230 1450/1669/1417 1451/1670/1418
f 1234/1441/1201 1233/1440/1200 1421/1638/1388 1224/1431/1191
f 1132/1336/1099 1131/1335/1098 1452/1671/1419 1146/1672/1113
f 1453/1673/1420 1454/1674/1421 1455/1675/1422 1456/1676/1423
f 1457/1677/1424 1252/1461/1219 1251/1460/1218 1458/1678/1425
f 1459/1679/1426 1460/1680/1427 1461/1681/1428 1462/1682/1429
f 1330/1539/1297 1463/1683/1430 1464/1684/1431 1246/1454/1213
f 1465/1685/1432 1183/1390/1150 1466/1686/1433 1467/1687/1434
f 1156/1362/1123 1155/1361/1122 1258/1467/1225 1468/1688/1435
f 1469/1689/1436 1326/1535/1293 1216/1423/1183 1411/1627/1378
f 1470/1690/1437 1471/1691/1438 1472/1692/1439 1473/1693/1440
f 1474/1694/1441 1352/1566/1319 1351/1565/1318 1475/1695/1442
f 1476/1696/1443 1109/1313/1076 1111/1315/1078 1477/1697/1444
f 1182/1389/1149 1478/1698/1445 1466/1686/1433 1183/1390/1150
f 1278/1487/1245 1479/1699/1446 1480/1700/1447 1276/1485/1243
f 1102/1306/1069 1101/1305/1068 1430/1647/1397 1481/1701/1448
f 1482/1702/1449 1483/1703/1450 1484/1704/1451 1485/1705/1452
f 1156/1362/1123 1486/1706/1453 1286/1495/1253 1157/1363/1124
f 1419/1636/1386 1487/1707/1454 1488/1708/1455 1116/1320/1083
f 1454/1674/1421 1489/1709/1456 1490/1710/1457 1455/1675/1422
f 1092/1296/1059 1091/1295/1058 1491/1711/1458 1169/1375/1136
f 1198/1405/1165 1197/1404/1164 1245/1453/1212 1241/1449/1208
f 1261/1541/1228 1260/1712/1227 1492/1713/1459 1332/1542/1299
f 1493/1714/1460 1494/1715/1461 1495/1716/1462 1496/1717/1463
f 1497/1718/1464 1498/1719/1465 1324/1533/1291 1323/1532/1290
f 1499/1720/1466 1500/1721/1467 457/474/457
f 1501/1722/1468 1271/1723/1238 1502/1724/1469 1503/1725/1470
f 1476/1726/1443 1139/1727/1106 1361/1576/1328 1109/1575/1076
f 464/484/464 463/483/463 1504/1728/1471 1505/1729/1472
f 1506/1730/1473 1507/1731/1474 1295/1504/1262 1294/1503/1261
f 1146/1672/1113 1452/1671/1419 1508/1732/1475 1147/1733/1114
f 1098/1302/1065 1097/1301/1064 1235/1442/1202 1509/1734/1476
f 1418/1635/1385 1423/1640/1390 1152/1358/1119 1415/1632/1382
f 1303/1512/1270 1417/1634/1384 1425/1642/1392 1300/1509/1267
f 1510/1735/1477 1324/1533/1291 1498/1719/1465 1511/1736/1478
f 1232/1439/1199 1237/1444/1204 1368/1583/1335 1233/1440/1200
f 1512/1737/1479 1144/1348/1111 1143/1347/1110 1513/1738/1480
f 1119/1323/1086 1118/1322/1085 1514/1739/1481 1189/1396/1156
f 1074/1278/1041 1095/1299/1062 1094/1298/1061 1071/1275/1038
f 1354/1617/1321 1401/1616/1368 1515/1740/1482 1351/1741/1318
f 1242/1450/1209 1407/1623/1374 1163/1369/1130
f 1516/1742/1483 1477/1697/1444 1517/1743/1484 1292/1501/1259 1315/1524/1282
f 1266/1475/1233 1265/1474/1232 1373/1588/1340 1518/1744/1485
f 1376/1591/1343 1519/1745/1486 1518/1744/1485 1373/1588/1340
f 1441/1658/1408 1520/1746/1487 1250/1458/1217 1439/1656/1406
f 1264/1473/1231 1521/1747/1488 1227/1434/1194 1230/1437/1197
f 1519/1745/1486 1376/1591/1343 1522/1748/1489 1523/1749/1490
f 1337/1547/1304 1339/1750/1306 1127/1331/1094 1096/1300/1063
f 1174/1751/1141 1177/1752/1144 1505/1729/1472 1524/1753/1491
f 1525/1754/1492 1526/1755/1493 1271/1480/1238 1270/1479/1237
f 1527/1756/1494 1153/1359/1120 1152/1358/1119 1423/1640/1390
f 1528/1757/1495 1058/1262/1025 1454/1674/1421 1453/1673/1420
f 1426/1643/1393 1425/1642/1392 1384/1599/1351 1383/1598/1350
f 1199/1406/1166 1257/1466/1224 1439/1656/1406 1250/1458/1217
f 1529/1758/1496 1437/1654/1404 1319/1528/1286 1322/1531/1289
f 1530/1759/1497 1531/1760/1498 1229/1436/1196 1532/1761/1499
f 1369/1584/1336 1239/1446/1206 1533/1762/1500 1394/1609/1361
f 1521/1747/1488 1264/1473/1231 1081/1285/1048 1534/1763/1501
f 1510/1735/1477 1511/1736/1478 1434/1764/1401 1172/1765/1139
f 1195/1402/1162 1194/1401/1161 1535/1766/1502 1536/1767/1503
f 1371/1586/1338 1402/1618/1369 1491/1711/1458 1328/1537/1295
f 1522/1748/1489 1103/1307/1070 1102/1306/1069 1366/1581/1333
f 1184/1391/1151 498/525/498 497/524/497 1181/1388/1148
f 1537/1768/1504 1464/1684/1431 1463/1683/1430 1538/1769/1505
f 1376/1591/1343 1375/1590/1342 1103/1307/1070 1522/1748/1489
f 1368/1583/1335 1237/1444/1204 1239/1446/1206 1369/1584/1336
f 1539/1770/1506 1402/1771/1369 1442/1659/1409
f 1206/1413/1173 1205/1412/1172 1540/1772/1507 1541/1773/1508
f 1542/1774/1509 1543/1775/1510 1544/1776/1511 1416/1633/1383
f 1463/1683/1430 1330/1539/1297 1277/1486/1244 1276/1485/1243
f 1191/1398/1158 1545/1777/1512 1119/1323/1086 1189/1396/1156
f 1224/1431/1191 176/179/176 508/536/508 1234/1441/1201
f 1468/1688/1435 1546/1778/1513 1486/1706/1453 1156/1362/1123
f 1547/1779/1514 1526/1780/1493 1178/1781/1145 1548/1782/1515
f 1325/1534/1292 1328/1537/1295 1491/1711/1458 1091/1295/1058
f 1398/1613/1365 1397/1612/1364 1549/1783/1516 1550/1784/1517
f 1551/1785/1518 1203/1410/1170 1206/1413/1173 1374/1589/1341
f 1473/1693/1440 1149/1355/1116 1552/1786/1519 1470/1690/1437
f 1553/1787/1520 1220/1427/1187 1203/1410/1170 1551/1785/1518
f 1554/1788/1521 1555/1789/1522 1297/1506/1264 1432/1649/1399
f 1556/1790/1523 1557/1791/1524 1558/1792/1525 1559/1793/1526
f 1560/1794/1527 1112/1316/1079 1115/1319/1082 1085/1289/1052
f 1169/1375/1136 1539/1795/1506 1187/1560/1154 1167/1373/1134
f 1455/1675/1422 1490/1710/1457 525/556/525 524/555/524
f 1272/1796/1239 1271/1723/1238 1501/1722/1468 1561/1797/1528
f 1232/1439/1199 1097/1301/1064 1100/1304/1067 1237/1444/1204
f 1057/1261/1024 1099/1303/1066 1098/1302/1065 1489/1709/1456
f 1135/1339/1102 1562/1798/1529 1563/1799/1530 1136/1340/1103
f 1532/1761/1499 1288/1497/1255 1564/1800/1531 1530/1759/1497
f 1565/1801/1532 532/564/532 531/563/531 1212/1419/1179
f 1563/1799/1530 1562/1798/1529 1171/1802/1138 1496/1803/1463
f 1516/1742/1483 1315/1524/1282 1394/1609/1361 1566/1804/1533
f 1567/1805/1534 1501/1722/1468 1503/1725/1470 1568/1806/1535
f 1569/1807/1536 1570/1808/1537 1571/1809/1538 1572/1810/1539
f 1493/1714/1460 1170/1376/1137 1573/1811/1540 1437/1654/1404
f 1357/1571/1324 1356/1570/1323 1574/1812/1541 1575/1813/1542
f 1278/1487/1245 1404/1620/1371 1403/1619/1370 1479/1699/1446
f 1575/1814/1542 1576/1815/1543 1382/1597/1349 1381/1596/1348
f 1120/1324/1087 1119/1323/1086 1545/1777/1512 1577/1816/1544
f 1189/1396/1156 1514/1739/1481 1079/1283/1046 1078/1282/1045
f 1258/1467/1225 1207/1414/1174 1279/1488/1246 1468/1688/1435
f 1293/1502/1260 1569/1807/1536 1572/1810/1539 1290/1499/1257
f 1080/1284/1047 1079/1283/1046 1485/1817/1452 1578/1818/1545
f 1579/1819/1546 1580/1820/1547 1388/1603/1355 1387/1602/1354
f 1343/1555/1310 1581/1821/1548 1249/1457/1216 1582/1822/1549
f 1306/1515/1273 1305/1514/1272 1409/1625/1376 1408/1624/1375
f 1523/1749/1490 1522/1748/1489 1366/1581/1333 1365/1580/1332
f 1125/1823/1092 1127/1824/1094 1507/1731/1474 1583/1825/1550
f 1584/1826/1551 1077/1281/1044 1076/1280/1043 1137/1341/1104
f 1127/1824/1094 1339/1551/1306 1295/1504/1262 1507/1731/1474
f 1275/1484/1242 1082/1286/1049 1108/1827/1075 1107/1828/1074
f 1582/1822/1549 1249/1457/1216 1248/1456/1215 1585/1829/1552
f 1424/1641/1391 1303/1512/1270 1302/1511/1269 1350/1564/1317
f 1158/1364/1125 1385/1600/1352 1586/1830/1553 1155/1361/1122
f 1587/1831/1554 1588/1832/1555 1589/1833/1556 1590/1834/1557
f 1142/1346/1109 1591/1835/1558 1592/1836/1559 1143/1347/1110
f 1172/1837/1139 1434/1651/1401 1433/1650/1400 1173/1838/1140
f 1234/1441/1201 508/536/508 560/602/560 1231/1438/1198
f 1580/1820/1547 1579/1819/1546 1274/1483/1241 1275/1484/1242
f 1536/1767/1503 1410/1626/1377 1461/1681/1428 1405/1621/1372
f 1593/1839/1560 1110/1354/1077 1530/1759/1497 1564/1800/1531
f 1383/1598/1350 1497/1718/1464 1323/1532/1290 1426/1643/1393
f 1594/1840/1561 1595/1207/1562 562/604/562 1596/1841/1563
f 1597/1842/1564 1598/1843/1565 1599/1844/1566 1106/1845/1073
f 1366/1581/1333 1102/1306/1069 1481/1701/1448 1367/1582/1334
f 1294/1503/1261 1297/1506/1264 1555/1789/1522 1600/1846/1567
f 1474/1694/1441 1601/1847/1568 1602/1848/1569 1603/1849/1570
f 1166/1372/1133 1165/1371/1132 1200/1561/1167 1196/1403/1163
f 1294/1503/1261 1600/1846/1567 1604/1850/1571 1506/1730/1473
f 1605/1851/1572 1606/1852/1573 1607/1853/1574 1608/1854/1575
f 1160/1366/1127 1602/1848/1569 1601/1847/1568 1161/1367/1128
f 1497/1718/1464 1157/1363/1124 1285/1494/1252 1498/1719/1465
f 1449/1668/1416 1173/1838/1140 1433/1650/1400 1263/1472/1230
f 1176/1382/1143 1175/1381/1142 1609/1855/1576 1610/1856/1577
f 1525/1754/1492 1179/1385/1146 1178/1384/1145 1526/1755/1493
f 1509/1734/1476 1490/1710/1457 1489/1709/1456 1098/1302/1065
f 1611/1857/1578 1612/1858/1579 1133/1337/1100 1613/1859/1580
f 1596/1841/1563 562/604/562 583/626/583 1558/1792/1525
f 1326/1535/1293 1469/1689/1436 1400/1615/1367 1327/1536/1294
f 1614/1860/1581 1077/1281/1044 1615/1861/1582 1616/1862/1583
f 1605/1851/1572 1608/1854/1575 1381/1596/1348 1380/1595/1347
f 1536/1767/1503 1535/1766/1502 1411/1627/1378 1410/1626/1377
f 1374/1589/1341 1206/1413/1173 1541/1773/1508 1375/1590/1342
f 1309/1518/1276 1259/1468/1226 1586/1830/1553 1447/1666/1414
f 1244/1863/1211 1142/1346/1109 1141/1345/1108 1617/1864/1584
f 1076/1280/1043 1577/1865/1544 1138/1342/1105 1137/1341/1104
f 1350/1564/1317 1302/1511/1269 1618/1866/1585 1348/1562/1315
f 1619/1867/1586 1524/1753/1491 1505/1729/1472 1504/1728/1471
f 1429/1646/1396 1620/1868/1587 1481/1701/1448 1430/1647/1397
f 1425/1642/1392 1417/1634/1384 1416/1633/1383 1384/1599/1351
f 1399/1614/1366 1370/1585/1337 1327/1536/1294 1400/1615/1367
f 1409/1625/1376 1598/1843/1565 1621/1869/1588 1390/1605/1357
f 1407/1623/1374 1063/1267/1030 1201/1408/1168 1622/1870/1589
f 1623/1871/1590 1080/1284/1047 1578/1818/1545 1624/1872/1591
f 1460/1873/1427 1499/1720/1466 1625/1874/1592 1406/1875/1373
f 1593/1839/1560 1086/1290/1053 1622/1870/1589 1552/1786/1519
f 1291/1500/1258 1421/1638/1388 1233/1440/1200 1368/1583/1335
f 1364/1579/1331 1363/1578/1330 597/644/597 596/643/596
f 1626/1876/1593 1589/1833/1556 1588/1832/1555 1475/1877/1442
f 1238/1445/1205 1615/1861/1582 1077/1281/1044 1584/1826/1551
f 1132/1878/1099 1627/1879/1594 1628/1880/1595 1129/1881/1096
f 1225/1432/1192 1310/1519/1277 1313/1522/1280 1226/1433/1193
f 1126/1330/1093 1125/1329/1092 1174/1751/1141 1524/1753/1491
f 1498/1719/1465 1285/1494/1252 1492/1713/1459 1511/1736/1478
f 1573/1811/1540 1170/1376/1137 1173/1379/1140 1629/1882/1596
f 1469/1689/1436 1535/1766/1502 1395/1610/1362 1400/1615/1367
f 1415/1632/1382 1152/1358/1119 1151/1357/1118 1630/1883/1597
f 1631/1884/1598 1147/1733/1114 1329/1538/1296 1581/1821/1548
f 1462/1682/1429 1461/1681/1428 1410/1626/1377 1413/1629/1380
f 1632/1885/1599 1633/1886/1600 1126/1330/1093 1524/1753/1491
f 1634/1887/1601 1379/1594/1346 1382/1597/1349 1561/1797/1528
f 1466/1686/1433 1478/1698/1445 1587/1888/1554 1635/1889/1602
f 1342/1890/1309 1523/1749/1490 1365/1580/1332 1631/1891/1598
f 1536/1767/1503 1405/1621/1372 1404/1620/1371 1195/1402/1162
f 1087/1291/1054 1168/1374/1135 1164/1370/1131 1088/1292/1055
f 1069/1273/1036 1636/1892/1603 1124/1328/1091 1070/1274/1037
f 1357/1893/1324 1575/1814/1542 1381/1596/1348 1608/1854/1575
f 1111/1353/1078 1150/1356/1117 1317/1526/1284 1477/1894/1444
f 1394/1609/1361 1533/1762/1500 1140/1344/1107 1566/1804/1533
f 1303/1512/1270 1424/1641/1391 1418/1635/1385 1417/1634/1384
f 1305/1514/1272 1308/1517/1275 1599/1844/1566
f 1573/1811/1540 1306/1515/1273 1408/1624/1375 1437/1654/1404
f 1630/1883/1597 1151/1357/1118 1392/1607/1359 1637/1895/1604
f 1186/1393/1153 1185/1392/1152 1638/1896/1605 1255/1464/1222
f 1423/1640/1390 1422/1639/1389 1639/1897/1606 1527/1756/1494
f 1384/1599/1351 1416/1633/1383 1544/1776/1511 1385/1600/1352
f 1321/1530/1288 1320/1529/1287 1582/1822/1549 1585/1829/1552
f 1488/1708/1455 1487/1707/1454 1637/1895/1604 1640/1898/1607
f 1089/1293/1056 1092/1296/1059 1168/1374/1135 1087/1291/1054
f 1582/1822/1549 1320/1529/1287 1340/1552/1307 1343/1555/1310
f 1482/1899/1449 1485/1817/1452 1079/1283/1046 1514/1739/1481
f 1560/1794/1527 1268/1477/1235 1253/1462/1220 1112/1316/1079
f 1641/1900/1608 1355/1569/1322 1358/1572/1325 1635/1901/1602
f 1338/1548/1305 1304/1513/1271 1073/1277/1040 1072/1276/1039
f 1607/1853/1574 1642/1902/1609 1643/1903/1610 1465/1685/1432
f 1598/1843/1565 1409/1625/1376 1305/1514/1272 1599/1844/1566
f 1644/1904/1611 1397/1612/1364 1396/1611/1363 1645/1905/1612
f 1340/1552/1307 1621/1869/1588 1646/1906/1613 1341/1553/1308
f 1478/1698/1445 1182/1389/1149 1359/1573/1326 1647/1907/1614
f 1557/1791/1524 1567/1805/1534 1596/1841/1563 1558/1792/1525
f 1422/1639/1389 1349/1563/1316 1648/1908/1615 1639/1897/1606
f 1085/1289/1052 1084/1288/1051 1649/1909/1616 1560/1794/1527
f 1567/1805/1534 1568/1806/1535 1594/1840/1561 1596/1841/1563
f 1650/1910/1617 1104/1308/1071 1541/1773/1508 1540/1772/1507
f 1651/1911/1618 1055/1259/1022 1058/1262/1025 1528/1757/1495
f 1308/1912/1275 1307/1913/1274 1388/1603/1355 1580/1820/1547
f 1548/1782/1515 1178/1781/1145 1129/1881/1096 1628/1880/1595
f 1332/1542/1299 1492/1713/1459 1285/1494/1252 1432/1649/1399
f 1242/1450/1209 1163/1369/1130 1166/1372/1133
f 1246/1454/1213 1464/1684/1431 1652/1914/1619 1247/1455/1214
f 1642/1902/1609 1607/1853/1574 1606/1852/1573 1653/1915/1620
f 1526/1780/1493 1547/1779/1514 1502/1724/1469 1271/1723/1238
f 1539/1770/1506 1442/1659/1409 1188/1395/1155 1187/1394/1154
f 1587/1888/1554 1478/1698/1445 1647/1907/1614 1588/1916/1555
f 1420/1637/1387 1654/1917/1621 1344/1556/1311 1347/1559/1314
f 1467/1687/1434 1466/1686/1433 1635/1889/1602 1358/1918/1325
f 1497/1718/1464 1383/1598/1350 1158/1364/1125 1157/1363/1124
f 1504/1728/1471 1565/1801/1532 1655/1919/1622 1619/1867/1586
f 1239/1446/1206 1238/1445/1205 1584/1826/1551 1533/1762/1500
f 1104/1308/1071 1650/1910/1617 1656/1920/1623 1101/1305/1068
f 1463/1683/1430 1276/1485/1243 1480/1700/1447 1538/1769/1505
f 1475/1695/1442 1588/1916/1555 1601/1847/1568 1474/1694/1441
f 1657/1921/1624 1658/1922/1625 1659/1923/1626 1660/1924/1627
f 1593/1839/1560 1552/1786/1519 1149/1355/1116 1110/1354/1077
f 1272/1481/1239 1576/1925/1543 1661/1926/1628 1273/1482/1240
f 1194/1401/1161 1193/1400/1160 1645/1905/1612 1396/1611/1363
f 1311/1520/1278 1662/1927/1629 1663/1928/1630 1312/1521/1279
f 1164/1370/1131 1163/1369/1130 1407/1623/1374
f 1664/1929/1631 1654/1917/1621 1572/1810/1539 1571/1809/1538
f 1665/1930/1632 1666/1931/1633 1655/1919/1622 1211/1418/1178
f 1139/1727/1106 1138/1932/1105 1667/1933/1634 1361/1576/1328
f 1668/1934/1635 1669/1935/1636 1072/1276/1039 1071/1275/1038
f 1645/1905/1612 1508/1732/1475 1452/1671/1419 1644/1904/1611
f 1349/1563/1316 1422/1639/1389 1424/1641/1391 1350/1564/1317
f 1670/1936/1637 1592/1937/1559 1441/1658/1408 1440/1657/1407
f 1671/1938/1638 1652/1914/1619 1464/1684/1431 1537/1768/1504
f 1449/1668/1416 1389/1604/1356 1629/1939/1596 1173/1838/1140
f 1420/1637/1387 1223/1430/1190 1224/1431/1191 1421/1638/1388
f 1256/1465/1223 1255/1464/1222 1638/1896/1605 1672/1940/1639
f 1520/1746/1487 1441/1658/1408 1592/1937/1559 1591/1941/1558
f 1612/1858/1579 1611/1857/1578 1673/1942/1640 1301/1510/1268
f 1583/1825/1550 1175/1381/1142 1174/1380/1141 1125/1823/1092
f 1184/1391/1151 1183/1390/1150 1465/1685/1432 1643/1903/1610
f 1330/1539/1297 1329/1538/1296 1674/1943/1641 1277/1486/1244
f 1360/1574/1327 1675/1944/1642 1372/1587/1339 1531/1760/1498
f 1518/1744/1485 1646/1945/1613 1597/1946/1564 1266/1475/1233
f 1093/1297/1060 1096/1300/1063 1126/1330/1093 1633/1886/1600
f 1405/1621/1372 1461/1681/1428 1460/1680/1427 1406/1622/1373
f 1613/1859/1580 1133/1337/1100 1136/1340/1103 1676/1947/1643
f 1162/1368/1129 650/718/650 649/717/649 1159/1365/1126
f 1362/1577/1329 1346/1558/1313 1345/1557/1312 1236/1443/1203
f 1348/1562/1315 1660/1948/1627 1648/1908/1615 1349/1563/1316
f 1177/1383/1144 1176/1382/1143 652/721/652 651/720/651
f 1378/1593/1345 1677/1949/1644 1678/1950/1645 1679/1951/1646
f 1535/1766/1502 1194/1401/1161 1396/1611/1363 1395/1610/1362
f 1385/1600/1352 1544/1776/1511 1447/1666/1414 1586/1830/1553
f 1610/1856/1577 1609/1855/1576 1679/1951/1646 1678/1950/1645
f 1223/1430/1190 1420/1637/1387 1347/1559/1314 1438/1655/1405
f 1680/1952/1647 1681/1953/1648 1682/1954/1649 1683/1955/1650
f 1058/1262/1025 1057/1261/1024 1489/1709/1456 1454/1674/1421
f 1445/1664/1412 1517/1743/1484 1477/1697/1444 1317/1661/1284
f 1320/1529/1287 1390/1605/1357 1621/1869/1588 1340/1552/1307
f 1684/1956/1651 1685/1957/1652 1686/1958/1653 1662/1959/1629
f 1675/1944/1642 1667/1933/1634 1545/1777/1512 1191/1398/1158
f 1267/1476/1234 1553/1787/1520 1551/1785/1518 1265/1474/1232
f 1469/1689/1436 1411/1627/1378 1535/1766/1502
f 1308/1517/1275 1107/1960/1074 1106/1845/1073 1599/1844/1566
f 1499/1720/1466 457/474/457 663/734/663 1625/1874/1592
f 1211/1418/1178 1655/1919/1622 1565/1801/1532 1212/1419/1179
f 1277/1486/1244 1674/1943/1641 1193/1400/1160 1192/1399/1159
f 1101/1305/1068 1656/1920/1623 1431/1648/1398 1430/1647/1397
f 1087/1291/1054 1564/1800/1531 1288/1497/1255 1089/1293/1056
f 1195/1402/1162 1404/1620/1371 1278/1487/1245 1192/1399/1159
f 1260/1712/1227 1434/1764/1401 1511/1736/1478 1492/1713/1459
f 665/736/665 664/735/664 1658/1922/1625 1657/1921/1624
f 1686/1958/1653 1617/1961/1584 1663/1962/1630 1662/1959/1629
f 1669/1935/1636 1668/1934/1635 1687/1963/1654 1688/1964/1655
f 1075/1279/1042 1120/1965/1087 1577/1865/1544 1076/1280/1043
f 1081/1285/1048 1080/1284/1047 1623/1871/1590 1534/1763/1501
f 1341/1966/1308 1646/1945/1613 1518/1744/1485 1519/1745/1486
f 1196/1459/1163 1250/1458/1217 1520/1746/1487 1435/1967/1402
f 1467/1687/1434 1608/1854/1575 1607/1853/1574 1465/1685/1432
f 1553/1787/1520 1267/1476/1234 1436/1653/1403 1689/1968/1656
f 1242/1450/1209 1241/1449/1208 1685/1957/1652 1064/1268/1031
f 1284/1493/1251 1283/1492/1250 1506/1730/1473 1604/1850/1571
f 1667/1933/1634 1138/1932/1105 1577/1816/1544 1545/1777/1512
f 1588/1916/1555 1647/1907/1614 1161/1367/1128 1601/1847/1568
f 1306/1515/1273 1573/1811/1540 1629/1882/1596 1307/1516/1274
f 1117/1321/1084 1677/1949/1644 1378/1593/1345 1377/1592/1344
f 1389/1604/1356 1388/1603/1355 1307/1913/1274 1629/1939/1596
f 1550/1784/1517 1549/1783/1516 1356/1570/1323 1355/1569/1322
f 1557/1791/1524 1561/1797/1528 1501/1722/1468 1567/1805/1534
f 1301/1510/1268 1673/1942/1640 1618/1866/1585 1302/1511/1269
f 1128/1332/1095 1363/1578/1330 1362/1577/1329 1236/1443/1203
f 1690/1969/1657 1214/1421/1181 1682/1954/1649 1691/1970/1658
f 1692/1971/1659 1289/1498/1256 1288/1497/1255 1532/1761/1499
f 1626/1876/1593 1475/1877/1442 1351/1741/1318 1515/1740/1482
f 1220/1427/1187 1683/1972/1650 1221/1428/1188
f 1617/1864/1584 1141/1345/1108 1312/1521/1279 1663/1928/1630
f 1066/1270/1033 1439/1656/1406 1257/1466/1224 1065/1269/1032
f 1473/1693/1440 1472/1692/1439 1334/1544/1301 1318/1527/1285
f 1680/1973/1647 1553/1787/1520 1689/1968/1656
f 1681/1953/1648 1693/1974/1660 1691/1970/1658 1682/1954/1649
f 1168/1374/1135 1167/1373/1134 1165/1371/1132 1164/1370/1131
f 1694/1975/1661 1444/1663/1411 1316/1662/1283 1335/1976/1302
f 1266/1475/1233 1597/1946/1564 1106/1310/1073 1105/1309/1072
f 1155/1361/1122 1586/1830/1553 1259/1468/1226 1258/1467/1225
f 1115/1319/1082 1114/1318/1081 1693/1974/1660 1681/1953/1648
f 1064/1268/1031 1063/1267/1030 1407/1623/1374 1242/1450/1209
f 1631/1884/1598 1581/1821/1548 1343/1555/1310 1342/1554/1309
f 1649/1909/1616 1269/1478/1236 1268/1477/1235 1560/1794/1527
f 1695/1977/1662 1640/1898/1607 1637/1895/1604 1392/1607/1359
f 675/754/675 525/556/525 1490/1710/1457 1509/1734/1476
f 1496/1803/1463 1495/1978/1462 1696/1979/1663 1563/1799/1530
f 1537/1980/1504 1697/1981/1664 1698/1982/1665 1671/1983/1638
f 1609/1855/1576 1283/1492/1250 1280/1489/1247 1679/1951/1646
f 1245/1453/1212 1244/1452/1211 1617/1961/1584 1686/1958/1653
f 1110/1354/1077 1360/1574/1327 1531/1760/1498 1530/1759/1497
f 1432/1649/1399 1285/1494/1252 1287/1496/1254 1554/1788/1521
f 1172/1765/1139 1171/1802/1138 1562/1798/1529 1510/1735/1477
f 1414/1631/1381 1337/1547/1304 1336/1546/1303 1699/1984/1666
f 1476/1696/1443 1477/1697/1444 1516/1742/1483 1566/1804/1533
f 1470/1690/1437 1552/1786/1519 1622/1870/1589 1201/1408/1168
f 1700/1985/1667 1701/1986/1668 1415/1632/1382 1630/1883/1597
f 1146/1350/1113 1145/1349/1112 1627/1879/1594 1132/1878/1099
f 1583/1825/1550 1283/1492/1250 1609/1855/1576 1175/1381/1142
f 1282/1491/1249 1546/1778/1513 1468/1688/1435 1279/1488/1246
f 1532/1761/1499 1229/1436/1196 1228/1435/1195 1692/1971/1659
f 1507/1731/1474 1506/1730/1473 1283/1492/1250 1583/1825/1550
f 1514/1739/1481 1118/1322/1085 1240/1448/1207 1482/1899/1449
f 1476/1696/1443 1566/1804/1533 1140/1344/1107 1139/1343/1106
f 1615/1861/1582 1099/1303/1066 1333/1543/1300 1616/1862/1583
f 1674/1943/1641 1329/1538/1296 1147/1733/1114 1508/1732/1475
f 1137/1341/1104 1140/1344/1107 1533/1762/1500 1584/1826/1551
f 1471/1691/1438 1470/1690/1437 1201/1408/1168 1202/1409/1169
f 1702/1987/1669 1148/1352/1115 1367/1582/1334 1703/1988/1670
f 1389/1604/1356 1449/1668/1416 1451/1670/1418 1386/1601/1353
f 1666/1931/1633 1704/1989/1671 1619/1867/1586 1655/1919/1622
f 1352/1566/1319 1474/1694/1441 1603/1849/1570 1705/1990/1672
f 1075/1279/1042 1123/1327/1090 1121/1387/1088 1120/1965/1087
f 1262/1471/1229 1706/1991/1673 1450/1669/1417 1263/1472/1230
f 1211/1418/1178 1214/1421/1181 1690/1969/1657 1665/1930/1632
f 1070/1274/1037 1123/1327/1090 1075/1279/1042 1067/1271/1034
f 1414/1631/1381 1699/1984/1666 1706/1991/1673 1262/1471/1229
f 1581/1821/1548 1329/1538/1296 1249/1457/1216
f 1407/1623/1374 1622/1870/1589 1086/1290/1053 1088/1292/1055
f 1345/1557/1312 1344/1556/1311 1654/1917/1621 1664/1929/1631
f 1437/1654/1404 1529/1758/1496 1494/1715/1461 1493/1714/1460
f 1148/1352/1115 1147/1351/1114 1631/1891/1598 1365/1580/1332
f 1513/1738/1480 1143/1347/1110 1592/1836/1559 1670/1992/1637
f 1230/1437/1197 1229/1436/1196 1531/1760/1498 1372/1587/1339
f 1100/1304/1067 1099/1303/1066 1615/1861/1582 1238/1445/1205
f 1367/1582/1334 1481/1701/1448 1620/1868/1587 1703/1988/1670
f 1326/1535/1293 1325/1534/1292 1217/1424/1184 1216/1423/1183
f 1301/1510/1268 1300/1509/1267 1427/1644/1394 1612/1858/1579
f 1562/1798/1529 1135/1339/1102 1324/1533/1291 1510/1735/1477
f 1575/1813/1542 1574/1812/1541 1661/1926/1628 1576/1925/1543
f 1061/1265/1028 1064/1268/1031 1685/1957/1652 1684/1956/1651
f 1612/1858/1579 1427/1644/1394 1134/1338/1101 1133/1337/1100
f 1290/1499/1257 1572/1810/1539 1654/1917/1621 1420/1637/1387
f 1414/1631/1381 1331/1630/1298 1339/1750/1306 1337/1547/1304
f 1308/1912/1275 1580/1820/1547 1275/1484/1242 1107/1828/1074
f 1243/1993/1210 1591/1835/1558 1142/1346/1109 1244/1863/1211
f 1091/1295/1058 1090/1294/1057 1217/1424/1184 1325/1534/1292
f 1358/1918/1325 1357/1893/1324 1608/1854/1575 1467/1687/1434
f 1372/1587/1339 1675/1944/1642 1191/1398/1158 1190/1397/1157
f 1374/1589/1341 1373/1588/1340 1265/1474/1232 1551/1785/1518
f 688/772/688 687/771/687 1222/1549/1189 1213/1420/1180
f 1508/1732/1475 1645/1905/1612 1193/1400/1160 1674/1943/1641
f 1402/1618/1369 1539/1795/1506 1169/1375/1136 1491/1711/1458
f 1104/1308/1071 1103/1307/1070 1375/1590/1342 1541/1773/1508
f 1524/1753/1491 1619/1867/1586 1704/1989/1671 1632/1885/1599
f 1309/1518/1276 1446/1665/1413 1458/1678/1425 1251/1460/1218
f 1426/1643/1393 1323/1532/1290 1134/1338/1101 1427/1644/1394
f 1564/1800/1531 1087/1291/1054 1086/1290/1053 1593/1839/1560
f 1342/1890/1309 1341/1966/1308 1519/1745/1486 1523/1749/1490
f 1393/1608/1360 1707/1994/1674 1695/1977/1662 1392/1607/1359
f 1438/1655/1405 1364/1579/1331 596/643/596 690/774/690
f 1458/1678/1425 1700/1985/1667 1630/1883/1597 1457/1677/1424
f 1635/1901/1602 1587/1831/1554 1590/1834/1557 1641/1900/1608
f 1150/1356/1117 1149/1355/1116 1473/1693/1440 1318/1527/1285
f 1591/1941/1558 1243/1995/1210 1435/1967/1402 1520/1746/1487
f 1680/1973/1647 1683/1972/1650 1220/1427/1187 1553/1787/1520
f 1337/1547/1304 1096/1300/1063 1095/1299/1062 1304/1513/1271
f 1597/1842/1564 1646/1906/1613 1621/1869/1588 1598/1843/1565
f 1653/1915/1620 692/777/692 691/776/691 1642/1902/1609
f 1705/1990/1672 1443/1660/1410 1353/1567/1320 1352/1566/1319
f 1220/1427/1187 1219/1426/1186 1204/1411/1171 1203/1410/1170
f 1241/1449/1208 1245/1453/1212 1686/1958/1653 1685/1957/1652
f 1416/1633/1383 1415/1632/1382 1701/1986/1668 1542/1774/1509
f 1068/1272/1035 1067/1271/1034 1077/1281/1044 1614/1860/1581
f 1221/1550/1188 1683/1955/1650 1682/1954/1649 1214/1421/1181
f 1269/1478/1236 1688/1964/1655 1687/1963/1654 1254/1463/1221
f 1457/1677/1424 1630/1883/1597 1637/1895/1604 1487/1707/1454
f 1210/1417/1177 1378/1593/1345 1679/1951/1646 1280/1489/1247
f 1681/1953/1648 1680/1952/1647 1689/1996/1656 1115/1319/1082
f 1487/1707/1454 1419/1636/1386 1252/1461/1219 1457/1677/1424
f 1676/1947/1643 1136/1340/1103 1563/1799/1530 1696/1979/1663
f 1402/1771/1369 1354/1568/1321 1353/1567/1320 1442/1659/1409
f 1496/1717/1463 1171/1377/1138 1170/1376/1137 1493/1714/1460
f 1557/1791/1524 1556/1790/1523 1634/1887/1601 1561/1797/1528
f 1217/1424/1184 1090/1294/1057 1289/1498/1256 1218/1425/1185
f 1447/1666/1414 1544/1776/1511 1543/1775/1510 1448/1667/1415
f 1576/1815/1543 1272/1796/1239 1561/1797/1528 1382/1597/1349
f 1675/1944/1642 1360/1574/1327 1361/1576/1328 1667/1933/1634
f 1642/1902/1609 691/776/691 693/779/693 1643/1903/1610
f 1082/1286/1049 1085/1289/1052 1436/1997/1403 1108/1827/1075
f 1085/1289/1052 1115/1319/1082 1689/1996/1656 1436/1997/1403
f 1708/1998/1675 1709/1999/1676 1710/2000/1677 1711/2001/1678
f 1712/2002/1679 1713/2003/1680 1714/2004/1681 1715/2005/1682
f 1708/1998/1675 1711/2001/1678 1716/2006/1683 1717/2007/1684
f 1718/2008/1685 1713/2003/1680 1712/2002/1679 1719/2009/1686
f 1708/1998/1675 1712/2002/1679 1715/2005/1682 1709/1999/1676
f 1717/2007/1684 1716/2006/1683 1720/2010/1687 1721/2011/1688
f 1721/2012/1688 1720/2013/1687 1722/2014/1689 1723/2015/1690
f 1722/2016/1689 1718/2008/1685 1719/2009/1686 1723/2017/1690
f 1724/2018/1691 1715/2005/1682 1714/2004/1681 1725/2019/1692
f 1714/2004/1681 1713/2003/1680 1711/2020/1678 1710/2021/1677
f 1709/1999/1676 1726/2022/1693 1727/2023/1694 1710/2000/1677
f 1725/2019/1692 715/808/715 714/807/714 1724/2018/1691
f 1712/2002/1679 1708/1998/1675 1717/2007/1684 1719/2009/1686
f 1726/2022/1693 717/810/717 716/809/716 1727/2023/1694
f 1713/2003/1680 1718/2008/1685 1716/2024/1683 1711/2020/1678
f 1721/2011/1688 1723/2017/1690 1719/2009/1686 1717/2007/1684
f 1718/2008/1685 1722/2016/1689 1720/2025/1687 1716/2024/1683
f 1727/2026/1694 1725/2019/1692 1714/2004/1681 1710/2021/1677
f 1724/2018/1691 1726/2022/1693 1709/1999/1676 1715/2005/1682
f 1725/2019/1692 1727/2026/1694 716/814/716 715/808/715
f 1448/2027/1415 1728/2028/1695 1729/2029/1696 1446/2030/1413
f 1730/2031/1697 1731/2032/1698 1543/2033/1510 1542/2034/1509
f 1732/2035/1699 1733/2036/1700 1701/2037/1668 1700/2038/1667
f 1446/2030/1413 1729/2029/1696 1734/2039/1701 1458/2040/1425
f 1734/2039/1701 1732/2035/1699 1700/2038/1667 1458/2040/1425
f 1701/2037/1668 1733/2036/1700 1730/2031/1697 1542/2034/1509
f 1731/2032/1698 1728/2028/1695 1448/2027/1415 1543/2033/1510
f 1728/2028/1695 1735/2041/1702 1736/2042/1703 1729/2029/1696
f 1730/2031/1697 1737/2043/1704 1738/2044/1705 1731/2032/1698
f 1733/2036/1700 1739/2045/1706 1740/2046/1707
f 1729/2029/1696 1736/2042/1703 1741/2047/1708 1734/2039/1701
f 1741/2047/1708 1742/2048/1709 1732/2035/1699 1734/2039/1701
f 1733/2036/1700 1740/2046/1707 1737/2043/1704 1730/2031/1697
f 1731/2032/1698 1738/2044/1705 1735/2041/1702 1728/2028/1695
f 1739/2045/1706 1733/2036/1700 1743/2049/1710
f 1733/2036/1700 1732/2035/1699 1744/2050/1711 1743/2049/1710
f 1744/2050/1711 1732/2035/1699 1742/2048/1709
f 1738/2044/1705 1737/2043/1704 1740/2046/1707 1739/2045/1706
f 1743/2049/1710 1735/2041/1702 1738/2044/1705 1739/2045/1706
f 1744/2050/1711 1736/2042/1703 1735/2041/1702 1743/2049/1710
f 1742/2048/1709 1741/2047/1708 1736/2042/1703 1744/2050/1711
f 1745/2051/1712 1746/2052/1713 1282/2053/1249 1281/2054/1248
f 1284/2055/1251 1747/2056/1714 1745/2051/1712 1281/2054/1248
f 1748/2057/1715 1749/2058/1716 1287/2059/1254 1286/2060/1253
f 1486/2061/1453 1750/2062/1717 1748/2057/1715 1286/2060/1253
f 1751/2063/1718 1750/2062/1717 1486/2061/1453 1546/2064/1513
f 1554/2065/1521 1752/2066/1719 1753/2067/1720 1555/2068/1522
f 1555/2068/1522 1753/2067/1720 1754/2069/1721 1600/2070/1567
f 1600/2070/1567 1754/2069/1721 1755/2071/1722 1604/2072/1571
f 1604/2072/1571 1755/2071/1722 1747/2056/1714 1284/2055/1251
f 1287/2059/1254 1749/2058/1716 1752/2066/1719 1554/2065/1521
f 1746/2052/1713 1751/2063/1718 1546/2064/1513 1282/2053/1249
f 1756/2073/1723 1757/2074/1724 1746/2052/1713 1745/2051/1712
f 1747/2056/1714 1758/2075/1725 1756/2073/1723 1745/2051/1712
f 1748/2057/1715 1759/2076/1726 1760/2077/1727 1749/2058/1716
f 1761/2078/1728 1759/2076/1726 1748/2057/1715 1750/2062/1717
f 1762/2079/1729 1761/2078/1728 1750/2062/1717 1751/2063/1718
f 1752/2066/1719 1763/2080/1730 1764/2081/1731 1753/2067/1720
f 1753/2067/1720 1764/2081/1731 1765/2082/1732 1754/2069/1721
f 1754/2069/1721 1765/2082/1732 1766/2083/1733 1755/2071/1722
f 1755/2071/1722 1766/2083/1733 1758/2075/1725 1747/2056/1714
f 1749/2058/1716 1760/2077/1727 1763/2080/1730 1752/2066/1719
f 1757/2074/1724 1762/2079/1729 1751/2063/1718 1746/2052/1713
f 1083/2084/1050 1767/2085/1734 1768/2086/1735 1084/2087/1051
f 1274/2088/1241 1769/2089/1736 1767/2085/1734 1083/2084/1050
f 1770/2090/1737 1771/2091/1738 1336/2092/1303 1338/2093/1305
f 1386/2094/1353 1772/2095/1739 1773/2096/1740 1387/2097/1354
f 1774/2098/1741 1775/2099/1742 1451/2100/1418 1450/2101/1417
f 1387/2097/1354 1773/2096/1740 1776/2102/1743 1579/2103/1546
f 1579/2103/1546 1776/2102/1743 1769/2089/1736 1274/2088/1241
f 1777/2104/1744 1770/2090/1737 1338/2093/1305 1072/2105/1039
f 1084/2087/1051 1768/2086/1735 1778/2106/1745 1649/2107/1616
f 1779/2108/1746 1777/2104/1744 1072/2105/1039 1669/2109/1636
f 1780/2110/1747 1779/2108/1746 1669/2109/1636 1688/2111/1655
f 1649/2107/1616 1778/2106/1745 1781/2112/1748 1269/2113/1236
f 1771/2091/1738 1782/2114/1749 1699/2115/1666 1336/2092/1303
f 1775/2099/1742 1772/2095/1739 1386/2094/1353 1451/2100/1418
f 1783/2116/1750 1774/2098/1741 1450/2101/1417 1706/2117/1673
f 1782/2114/1749 1783/2116/1750 1706/2117/1673 1699/2115/1666
f 1781/2112/1748 1780/2110/1747 1688/2111/1655 1269/2113/1236
f 1784/2118/1751 1785/2119/1752 1768/2086/1735 1767/2085/1734
f 1786/2120/1753 1784/2118/1751 1767/2085/1734 1769/2089/1736
f 1787/2121/1754 1788/2122/1755 1771/2091/1738 1770/2090/1737
f 1772/2095/1739 1789/2123/1756 1790/2124/1757 1773/2096/1740
f 1774/2098/1741 1791/2125/1758 1792/2126/1759 1775/2099/1742
f 1773/2096/1740 1790/2124/1757 1793/2127/1760 1776/2102/1743
f 1776/2102/1743 1793/2127/1760 1786/2120/1753 1769/2089/1736
f 1794/2128/1761 1787/2121/1754 1770/2090/1737 1777/2104/1744
f 1785/2119/1752 1795/2129/1762 1778/2106/1745 1768/2086/1735
f 1796/2130/1763 1794/2128/1761 1777/2104/1744 1779/2108/1746
f 1797/2131/1764 1796/2130/1763 1779/2108/1746 1780/2110/1747
f 1795/2129/1762 1798/2132/1765 1781/2112/1748 1778/2106/1745
f 1771/2091/1738 1788/2122/1755 1799/2133/1766 1782/2114/1749
f 1775/2099/1742 1792/2126/1759 1789/2123/1756 1772/2095/1739
f 1783/2116/1750 1800/2134/1767 1791/2125/1758 1774/2098/1741
f 1782/2114/1749 1799/2133/1766 1800/2134/1767 1783/2116/1750
f 1798/2132/1765 1797/2131/1764 1780/2110/1747 1781/2112/1748
f 1784/2118/1751 1801/2135/1768 1802/2136/1769 1785/2119/1752
f 1786/2120/1753 1803/2137/1770 1801/2135/1768 1784/2118/1751
f 1804/2138/1771 1805/2139/1772 1788/2122/1755 1787/2121/1754
f 1789/2123/1756 1806/2140/1773 1807/2141/1774 1790/2124/1757
f 1791/2125/1758 1808/2142/1775 1809/2143/1776 1792/2126/1759
f 1790/2124/1757 1807/2141/1774 1810/2144/1777 1793/2127/1760
f 1793/2127/1760 1810/2144/1777 1803/2137/1770 1786/2120/1753
f 1811/2145/1778 1804/2138/1771 1787/2121/1754 1794/2128/1761
f 1802/2136/1769 1812/2146/1779 1795/2129/1762 1785/2119/1752
f 1813/2147/1780 1811/2145/1778 1794/2128/1761 1796/2130/1763
f 1814/2148/1781 1813/2147/1780 1796/2130/1763 1797/2131/1764
f 1812/2146/1779 1815/2149/1782 1798/2132/1765 1795/2129/1762
f 1805/2139/1772 1816/2150/1783 1799/2133/1766 1788/2122/1755
f 1792/2126/1759 1809/2143/1776 1806/2140/1773 1789/2123/1756
f 1800/2134/1767 1817/2151/1784 1808/2142/1775 1791/2125/1758
f 1816/2150/1783 1817/2151/1784 1800/2134/1767 1799/2133/1766
f 1815/2149/1782 1814/2148/1781 1797/2131/1764 1798/2132/1765
f 1756/2073/1723 1758/2075/1725 1766/2083/1733 1757/2074/1724
f 1763/2080/1730 1760/2077/1727 1759/2076/1726 1761/2078/1728
f 1764/2081/1731 1763/2080/1730 1761/2078/1728 1762/2079/1729
f 1765/2082/1732 1764/2081/1731 1762/2079/1729 1757/2074/1724
f 1757/2074/1724 1766/2083/1733 1765/2082/1732
f 1801/2135/1768 1818/2152/1785 1802/2136/1769
f 1802/2136/1769 1818/2152/1785 1812/2146/1779
f 1812/2146/1779 1818/2152/1785 1815/2149/1782
f 1815/2149/1782 1818/2152/1785 1814/2148/1781
f 1814/2148/1781 1818/2152/1785 1813/2147/1780
f 1813/2147/1780 1818/2152/1785 1811/2145/1778
f 1811/2145/1778 1818/2152/1785 1804/2138/1771
f 1804/2138/1771 1818/2152/1785 1805/2139/1772
f 1805/2139/1772 1818/2152/1785 1816/2150/1783
f 1816/2150/1783 1818/2152/1785 1817/2151/1784
f 1817/2151/1784 1818/2152/1785 1808/2142/1775
f 1808/2142/1775 1818/2152/1785 1809/2143/1776
f 1809/2143/1776 1818/2152/1785 1806/2140/1773
f 1806/2140/1773 1818/2152/1785 1807/2141/1774
f 1807/2141/1774 1818/2152/1785 1810/2144/1777
f 1810/2144/1777 1818/2152/1785 1803/2137/1770
f 1803/2137/1770 1818/2152/1785 1801/2135/1768
f 1148/1352/1115 1702/1987/1669 1145/1349/1112
f 1819/2153/1786 1820/2154/1787 1094/2155/1061 1093/2156/1060
f 1113/2157/1080 1821/2158/1788 1822/2159/1789 1114/2160/1081
f 1254/2161/1221 1823/2162/1790 1821/2158/1788 1113/2157/1080
f 1094/2155/1061 1820/2154/1787 1824/2163/1791 1071/2164/1038
f 1825/2165/1792 1826/2166/1793 1633/2167/1600 1632/2168/1599
f 1827/2169/1794 1828/2170/1795 1666/2171/1633 1665/2172/1632
f 1071/2164/1038 1824/2163/1791 1829/2173/1796 1668/2174/1635
f 1826/2166/1793 1819/2153/1786 1093/2156/1060 1633/2167/1600
f 1668/2174/1635 1829/2173/1796 1830/2175/1797 1687/2176/1654
f 1691/2177/1658 1831/2178/1798 1832/2179/1799 1690/2180/1657
f 1693/2181/1660 1833/2182/1800 1831/2178/1798 1691/2177/1658
f 1114/2160/1081 1822/2159/1789 1833/2182/1800 1693/2181/1660
f 1828/2170/1795 1834/2183/1801 1704/2184/1671 1666/2171/1633
f 1690/2180/1657 1832/2179/1799 1827/2169/1794 1665/2172/1632
f 1834/2183/1801 1825/2165/1792 1632/2168/1599 1704/2184/1671
f 1687/2176/1654 1830/2175/1797 1823/2162/1790 1254/2161/1221
f 1835/2185/1802 1836/2186/1803 1820/2154/1787 1819/2153/1786
f 1821/2158/1788 1837/2187/1804 1838/2188/1805 1822/2159/1789
f 1823/2162/1790 1839/2189/1806 1837/2187/1804 1821/2158/1788
f 1836/2186/1803 1840/2190/1807 1824/2163/1791 1820/2154/1787
f 1841/2191/1808 1842/2192/1809 1826/2166/1793 1825/2165/1792
f 1827/2169/1794 1843/2193/1810 1844/2194/1811 1828/2170/1795
f 1840/2190/1807 1845/2195/1812 1829/2173/1796 1824/2163/1791
f 1842/2192/1809 1835/2185/1802 1819/2153/1786 1826/2166/1793
f 1845/2195/1812 1846/2196/1813 1830/2175/1797 1829/2173/1796
f 1831/2178/1798 1847/2197/1814 1848/2198/1815 1832/2179/1799
f 1833/2182/1800 1849/2199/1816 1847/2197/1814 1831/2178/1798
f 1822/2159/1789 1838/2188/1805 1849/2199/1816 1833/2182/1800
f 1844/2194/1811 1850/2200/1817 1834/2183/1801 1828/2170/1795
f 1832/2179/1799 1848/2198/1815 1843/2193/1810 1827/2169/1794
f 1850/2200/1817 1841/2191/1808 1825/2165/1792 1834/2183/1801
f 1846/2196/1813 1839/2189/1806 1823/2162/1790 1830/2175/1797
f 1835/2185/1802 1851/2201/1818 1852/2202/1819 1836/2186/1803
f 1853/2203/1820 1854/2204/1821 1838/2188/1805 1837/2187/1804
f 1855/2205/1822 1853/2203/1820 1837/2187/1804 1839/2189/1806
f 1836/2186/1803 1852/2202/1819 1856/2206/1823 1840/2190/1807
f 1857/2207/1824 1858/2208/1825 1842/2192/1809 1841/2191/1808
f 1859/2209/1826 1860/2210/1827 1844/2194/1811 1843/2193/1810
f 1840/2190/1807 1856/2206/1823 1861/2211/1828 1845/2195/1812
f 1842/2192/1809 1858/2208/1825 1851/2201/1818 1835/2185/1802
f 1861/2211/1828 1862/2212/1829 1846/2196/1813 1845/2195/1812
f 1863/2213/1830 1864/2214/1831 1848/2198/1815 1847/2197/1814
f 1849/2199/1816 1865/2215/1832 1863/2213/1830 1847/2197/1814
f 1854/2204/1821 1865/2215/1832 1849/2199/1816 1838/2188/1805
f 1860/2210/1827 1866/2216/1833 1850/2200/1817 1844/2194/1811
f 1864/2214/1831 1859/2209/1826 1843/2193/1810 1848/2198/1815
f 1850/2200/1817 1866/2216/1833 1857/2207/1824 1841/2191/1808
f 1846/2196/1813 1862/2212/1829 1855/2205/1822 1839/2189/1806
f 1851/2201/1818 1867/2217/1834 1852/2202/1819
f 1852/2202/1819 1867/2217/1834 1856/2206/1823
f 1856/2206/1823 1867/2217/1834 1861/2211/1828
f 1861/2211/1828 1867/2217/1834 1862/2212/1829
f 1862/2212/1829 1867/2217/1834 1855/2205/1822
f 1855/2205/1822 1867/2217/1834 1853/2203/1820
f 1853/2203/1820 1867/2217/1834 1854/2204/1821
f 1854/2204/1821 1867/2217/1834 1865/2215/1832
f 1865/2215/1832 1867/2217/1834 1863/2213/1830
f 1863/2213/1830 1867/2217/1834 1864/2214/1831
f 1864/2214/1831 1867/2217/1834 1859/2209/1826
f 1859/2209/1826 1867/2217/1834 1860/2210/1827
f 1860/2210/1827 1867/2217/1834 1866/2216/1833
f 1866/2216/1833 1867/2217/1834 1857/2207/1824
f 1857/2207/1824 1867/2217/1834 1858/2208/1825
f 1858/2208/1825 1867/2217/1834 1851/2201/1818
f 1161/1367/1128 1647/1907/1614 1359/1573/1326 1162/1368/1129
f 1162/1368/1129 1359/1573/1326 858/1006/858 650/718/650
f 1059/1263/1026 1298/1507/1265 254/259/254 6/6/6
f 1226/1433/1193 1512/1737/1479 1298/1507/1265 1059/1263/1026
f 1144/1348/1111 1512/1737/1479 1226/1433/1193 1313/1522/1280
f 1670/1992/1637 1299/1508/1266 1513/1738/1480
f 1299/1508/1266 1298/1507/1265 1512/1737/1479 1513/1738/1480
f 859/1007/859 1440/1657/1407 1066/1270/1033 13/13/13
f 597/644/597 1363/1578/1330 1128/1332/1095 81/81/81
f 498/525/498 1184/1391/1151 1643/1903/1610 693/779/693
f 464/484/464 1505/1729/1472 1177/1752/1144 651/1008/651
f 860/1009/860 1488/1708/1455 1640/1898/1607 861/1010/861
f 14/14/14 1065/1269/1032 1256/1465/1223 862/1011/862
f 652/721/652 1176/1382/1143 1610/1856/1577 863/1012/863
f 864/1013/864 1650/1910/1617 1540/1772/1507 865/1014/865
f 463/483/463 532/564/532 1565/1801/1532 1504/1728/1471
f 866/1015/866 1656/1920/1623 1650/1910/1617 864/1013/864
f 863/1012/863 1610/1856/1577 1678/1950/1645 867/1016/867
f 868/1017/868 1431/1648/1398 1656/1920/1623 866/1015/866
f 858/1006/858 1359/1573/1326 1181/1388/1148 497/524/497
f 867/1016/867 1678/1950/1645 1677/1949/1644 869/1018/869
f 861/1010/861 1640/1898/1607 1695/1977/1662 870/1019/870
f 869/1018/869 1677/1949/1644 1117/1321/1084 66/66/66
f 871/1020/871 1484/1704/1451 1483/1703/1450 872/1021/871
f 873/1022/872 1219/1426/1186 1222/1429/1189 687/1023/687
f 874/1024/873 255/260/255 1299/1508/1266 1670/1992/1637
f 875/1025/874 675/754/675 1509/1734/1476 1235/1442/1202
f 877/1027/876 1868/2218/1835 1698/1982/1665 878/1028/877
f 870/1019/870 1695/1977/1662 1707/1994/1674 879/1029/878
f 880/1030/879 1204/1411/1171 1219/1426/1186 873/1022/872
f 868/1017/868 881/1031/880 1428/1645/1395 1431/1648/1398
f 882/1032/881 1205/1412/1172 1204/1411/1171 880/1030/879
f 865/1014/865 1540/1772/1507 1205/1412/1172 882/1032/881
f 875/1025/874 1235/1442/1202 1231/1438/1198 560/602/560
f 688/772/688 1213/1420/1180 1212/1419/1179 531/563/531
f 874/1033/873 1670/1936/1637 1440/1657/1407 859/1007/859
f 524/555/524 883/1034/882 1456/1676/1423 1455/1675/1422
f 878/1028/877 1698/1982/1665 1697/1981/1664 1869/2219/1836
f 177/180/177 1223/1430/1190 1438/1655/1405 690/774/690
f 67/67/67 1116/1320/1083 1488/1708/1455 860/1009/860
f 714/807/714 717/810/717 1726/2022/1693 1724/2018/1691
f 1869/2219/1836 885/1036/884 878/1028/877
f 1559/1793/1526 1558/1792/1525 583/626/583 886/1037/885
f 1868/2218/1835 877/1027/876 665/736/665 1657/1921/1624
f 1247/2220/1214 1870/2221/1837 1871/2222/1838 1248/2223/1215
f 1872/2224/1839 1873/2225/1840 1322/2226/1289 1321/2227/1288
f 1874/2228/1841 1875/2229/1842 1495/2230/1462 1494/2231/1461
f 1873/2225/1840 1876/2232/1843 1529/2233/1496 1322/2226/1289
f 1871/2222/1838 1877/2234/1844 1585/2235/1552 1248/2223/1215
f 1613/2236/1580 1878/2237/1845 1611/2238/1578
f 1878/2237/1845 1879/2239/1846 1348/2240/1315 1618/2241/1585
f 1877/2234/1844 1872/2224/1839 1321/2227/1288 1585/2235/1552
f 1652/2242/1619 1880/2243/1847 1870/2221/1837 1247/2220/1214
f 1671/1983/1638 1698/1982/1665 1880/2243/1847 1652/2242/1619
f 1611/2238/1578 1878/2237/1845 1673/2244/1640
f 1875/2229/1842 1878/2237/1845 1613/2236/1580 1676/2245/1643
f 1879/2239/1846 1657/1921/1624 1660/1924/1627 1348/2240/1315
f 1673/2244/1640 1878/2237/1845 1618/2241/1585
f 1495/2230/1462 1875/2229/1842 1696/2246/1663
f 1876/2232/1843 1874/2228/1841 1494/2231/1461 1529/2233/1496
f 1696/2246/1663 1875/2229/1842 1676/2245/1643
f 1153/1359/1120 1881/2247/1848 1882/2248/1849 1154/1360/1121
f 1154/1360/1121 1882/2248/1849 1883/2249/1850 1393/1608/1360
f 1527/1756/1494 1884/2250/1851 1881/2247/1848 1153/1359/1120
f 1639/1897/1606 1885/2251/1852 1884/2250/1851 1527/1756/1494
f 1648/1908/1615 1886/2252/1853 1885/2251/1852 1639/1897/1606
f 1887/2253/1854 1886/2252/1853 1648/1908/1615 1660/1948/1627
f 1393/1608/1360 1883/2249/1850 1888/2254/1855 1707/1994/1674
f 1888/2254/1855 906/1073/905 879/1029/878 1707/1994/1674
f 1218/2255/1185 1889/2256/1856 1890/2257/1857 1215/2258/1182
f 1227/2259/1194 1891/2260/1858 1892/2261/1859 1228/2262/1195
f 1893/2263/1860 1894/2264/1861 1413/2265/1380 1412/2266/1379
f 1890/2257/1857 1893/2263/1860 1412/2266/1379 1215/2258/1182
f 1462/2267/1429 1895/2268/1862 1500/1721/1467 1459/2269/1426
f 1521/2270/1488 1896/2271/1863 1891/2260/1858 1227/2259/1194
f 1897/2272/1864 1896/2271/1863 1521/2270/1488 1534/2273/1501
f 1624/2274/1591 1897/2272/1864 1623/2275/1590
f 1894/2264/1861 1895/2268/1862 1462/2267/1429 1413/2265/1380
f 1623/2275/1590 1897/2272/1864 1534/2273/1501
f 1898/2276/1865 1899/2277/1866 1289/2278/1256 1692/2279/1659
f 1228/2262/1195 1892/2261/1859 1898/2276/1865 1692/2279/1659
f 1899/2277/1866 1889/2256/1856 1218/2255/1185 1289/2278/1256
f 1578/2280/1545 1897/2272/1864 1624/2274/1591
f 1484/1704/1451 1897/2272/1864 1578/2280/1545 1485/1705/1452
f 1484/1704/1451 871/1020/871 918/1100/917 1897/2272/1864
f 457/474/457 1500/1721/1467 1900/2281/1867 919/1101/918
f 1459/2269/1426 1500/1721/1467 1499/1720/1466 1460/1873/1427
f 919/1101/918 1900/2281/1867 1897/2272/1864 918/1100/917
f 1897/2272/1864 1900/2281/1867 1896/2271/1863
f 1406/1875/1373 1625/1874/1592 1901/2282/1868 1403/2283/1370
f 1902/2284/1869 1697/1981/1664 1480/2285/1447 1479/2286/1446
f 1538/2287/1505 1697/1981/1664 1537/1980/1504
f 1901/2282/1868 1902/2284/1869 1479/2286/1446 1403/2283/1370
f 1480/2285/1447 1697/1981/1664 1538/2287/1505
f 1625/1874/1592 663/734/663 1903/2288/1870 1901/2282/1868
f 1902/2284/1869 1904/2289/923 1869/2219/1836 1697/1981/1664
f 1901/2282/1868 1903/2288/1870 1904/2289/923 1902/2284/1869
f 1061/2290/1028 1905/2291/1871 1906/2292/1872 1062/2293/1029
f 1062/2293/1029 1906/2292/1872 1907/2294/1873 1202/2295/1169
f 1236/2296/1203 1908/2297/1874 1909/2298/1875 1225/2299/1192
f 1910/2300/1876 1911/2301/1877 1311/2302/1278 1310/2303/1277
f 1912/2304/1878 1913/2305/1879 1335/2306/1302 1334/2307/1301
f 1914/2308/1880 1915/2309/1881 1472/2310/1439 1471/2311/1438
f 1570/2312/1537 1916/2313/1882 1917/2314/1883 1571/2315/1538
f 1909/2298/1875 1910/2300/1876 1310/2303/1277 1225/2299/1192
f 1311/2302/1278 1911/2301/1877 1918/2316/1884 1662/2317/1629
f 1571/2315/1538 1917/2314/1883 1919/2318/1885 1664/2319/1631
f 1920/2320/1886 1908/2297/1874 1236/2296/1203 1345/2321/1312
f 1662/2317/1629 1918/2316/1884 1921/2322/1887 1684/2323/1651
f 1915/2309/1881 1912/2304/1878 1334/2307/1301 1472/2310/1439
f 1913/2305/1879 1922/2324/1888 1694/2325/1661 1335/2306/1302
f 1202/2295/1169 1907/2294/1873 1914/2308/1880 1471/2311/1438
f 1919/2318/1885 1920/2320/1886 1345/2321/1312 1664/2319/1631
f 1921/2322/1887 1905/2291/1871 1061/2290/1028 1684/2323/1651
f 1915/2309/1881 1914/2308/1880 1923/2326/1889 1912/2304/1878
f 1923/2326/1889 1914/2308/1880 1924/2327/1890 1925/2328/1891
f 1926/2329/1892 1924/2327/1890 1914/2308/1880
f 1926/2329/1892 1914/2308/1880 1907/2294/1873 1927/2330/1893
f 1928/2331/1894 1927/2330/1893 1907/2294/1873 1906/2292/1872
f 1929/2332/1895 1928/2331/1894 1906/2292/1872 1905/2291/1871
f 1930/2333/1896 1923/2326/1889 1925/2328/1891 1931/2334/1897
f 1930/2333/1896 1931/2334/1897 1932/2335/1898 1913/2305/1879
f 1517/1743/1484 1445/1664/1412 1293/1502/1260 1292/1501/1259
f 1445/1664/1412 1444/1663/1411 1569/1807/1536 1293/1502/1260
f 1444/1663/1411 1694/1975/1661 1570/1808/1537 1569/1807/1536
f 1694/2325/1661 1922/2324/1888 1916/2313/1882 1570/2312/1537
f 1933/2336/1899 1922/2324/1888 1913/2305/1879 1932/2335/1898
f 1922/2324/1888 1933/2336/1899 1934/2337/1900 1916/2313/1882
f 1935/2338/1901 1929/2332/1895 1905/2291/1871 1921/2322/1887
f 1936/2339/1902 1935/2338/1901 1921/2322/1887 1918/2316/1884
f 1937/2340/1903 1936/2339/1902 1918/2316/1884 1911/2301/1877
f 1937/2340/1903 1911/2301/1877 1910/2300/1876 1938/2341/1904
f 1939/2342/1905 1938/2341/1904 1910/2300/1876 1909/2298/1875
f 1940/2343/1906 1941/2344/1907 1942/2345/1908 1943/2346/1909
f 1917/2314/1883 1944/2347/1910 1945/2348/1911 1919/2318/1885
f 1916/2313/1882 1934/2337/1900 1944/2347/1910 1917/2314/1883
f 1909/2298/1875 1908/2297/1874 1941/2344/1907
f 1924/2327/1890 1946/2349/1912 1947/2350/1913 1925/2328/1891
f 1926/2329/1892 1948/2351/1914 1946/2349/1912 1924/2327/1890
f 1927/2330/1893 1949/2352/1915 1948/2351/1914 1926/2329/1892
f 1950/2353/1916 1949/2352/1915 1927/2330/1893 1928/2331/1894
f 1951/2354/1917 1950/2353/1916 1928/2331/1894 1929/2332/1895
f 1925/2328/1891 1947/2350/1913 1952/2355/1918 1931/2334/1897
f 1931/2334/1897 1952/2355/1918 1953/2356/1919 1932/2335/1898
f 1932/2335/1898 1953/2356/1919 1954/2357/1920 1933/2336/1899
f 1954/2357/1920 1955/2358/1921 1934/2337/1900 1933/2336/1899
f 1956/2359/1922 1951/2354/1917 1929/2332/1895 1935/2338/1901
f 1957/2360/1923 1956/2359/1922 1935/2338/1901 1936/2339/1902
f 1958/2361/1924 1957/2360/1923 1936/2339/1902 1937/2340/1903
f 1959/2362/1925 1958/2361/1924 1937/2340/1903 1938/2341/1904
f 1960/2363/1926 1959/2362/1925 1938/2341/1904 1939/2342/1905
f 1961/2364/1927 1962/2365/1928 1963/2366/1929 1945/2348/1911
f 1944/2347/1910 1964/2367/1930 1961/2364/1927 1945/2348/1911
f 1955/2358/1921 1964/2367/1930 1944/2347/1910 1934/2337/1900
f 1965/2368/1931 1919/2318/1885 1945/2348/1911 1963/2366/1929
f 1965/2368/1931 1920/2320/1886 1919/2318/1885
f 1940/2343/1906 1966/2369/1932 1960/2363/1926 1939/2342/1905
f 1967/2370/1933 1943/2346/1909 1963/2366/1929 1962/2365/1928
f 1939/2342/1905 1909/2298/1875 1941/2344/1907 1940/2343/1906
f 1941/2344/1907 1908/2297/1874 1942/2345/1908
f 1943/2346/1909 1942/2345/1908 1965/2368/1931 1963/2366/1929
f 1942/2345/1908 1908/2297/1874 1920/2320/1886 1965/2368/1931
f 1943/2346/1909 1967/2370/1933 1966/2369/1932 1940/2343/1906
f 1968/2371/1934 1952/2355/1918 1947/2350/1913 1946/2349/1912
f 1969/2372/1935 1968/2371/1934 1946/2349/1912 1948/2351/1914
f 1949/2352/1915 1970/2373/1936 1969/2372/1935 1948/2351/1914
f 1950/2353/1916 1971/2374/1937 1970/2373/1936 1949/2352/1915
f 1951/2354/1917 1956/2359/1922 1971/2374/1937 1950/2353/1916
f 1956/2359/1922 1957/2360/1923 1972/2375/1938 1971/2374/1937
f 1971/2374/1937 1972/2375/1938 1973/2376/1939 1970/2373/1936
f 1970/2373/1936 1973/2376/1939 1974/2377/1940 1969/2372/1935
f 1974/2377/1940 1975/2378/1941 1968/2371/1934 1969/2372/1935
f 1975/2378/1941 1953/2356/1919 1952/2355/1918 1968/2371/1934
f 1976/2379/1942 1977/2380/1943 1958/2361/1924 1959/2362/1925
f 1964/2367/1930 1955/2358/1921 1978/2381/1944 1979/2382/1945
f 1980/2383/1946 1981/2384/1946 1977/2380/1943 1976/2379/1942
f 1979/2382/1945 1978/2381/1944 1981/2384/1946 1980/2383/1946
f 1698/1982/1665 1868/2218/1835 1880/2243/1847
f 1870/2221/1837 1868/2218/1835 1877/2234/1844 1871/2222/1838
f 1880/2243/1847 1868/2218/1835 1870/2221/1837
f 1877/2234/1844 1868/2218/1835 1873/2225/1840 1872/2224/1839
f 1873/2225/1840 1868/2218/1835 1874/2228/1841 1876/2232/1843
f 1874/2228/1841 1868/2218/1835 1875/2229/1842
f 1878/2237/1845 1868/2218/1835 1879/2239/1846
f 1879/2239/1846 1868/2218/1835 1657/1921/1624
f 1875/2229/1842 1868/2218/1835 1878/2237/1845
f 1894/2264/1861 1900/2281/1867 1500/1721/1467 1895/2268/1862
f 1890/2257/1857 1900/2281/1867 1894/2264/1861 1893/2263/1860
f 1899/2277/1866 1900/2281/1867 1890/2257/1857 1889/2256/1856
f 1892/2261/1859 1900/2281/1867 1899/2277/1866 1898/2276/1865
f 1896/2271/1863 1900/2281/1867 1892/2261/1859 1891/2260/1858
f 862/1011/862 1256/1465/1223 1672/1940/1639 1002/1206/1000
f 1003/1207/1001 562/604/562 1595/1207/1562
f 1977/2380/1943 1982/2385/1947 1957/2360/1923 1958/2361/1924
f 1959/2362/1925 1960/2363/1926 1966/2369/1932 1976/2379/1942
f 1955/2358/1921 1954/2357/1920 1983/2386/1948 1978/2381/1944
f 1964/2367/1930 1979/2382/1945 1962/2365/1928 1961/2364/1927
f 1981/2384/1946 1984/2387/1949 1982/2385/1947 1977/2380/1943
f 1976/2379/1942 1966/2369/1932 1967/2370/1933 1980/2383/1946
f 1978/2381/1944 1983/2386/1948 1984/2387/1949 1981/2384/1946
f 1980/2383/1946 1967/2370/1933 1962/2365/1928 1979/2382/1945
f 1912/2304/1878 1923/2326/1889 1930/2333/1896 1913/2305/1879
f 1954/2357/1920 1953/2356/1919 1975/2378/1941 1983/2386/1948
f 1983/2386/1948 1975/2378/1941 1974/2377/1940 1984/2387/1949
f 1984/2387/1949 1974/2377/1940 1973/2376/1939 1982/2385/1947
f 1982/2385/1947 1973/2376/1939 1972/2375/1938
f 1982/2385/1947 1972/2375/1938 1957/2360/1923
f 1985/2388/1950 1986/2389/1951 1987/2390/1952 1988/2391/1953
f 1989/2392/1954 1990/2393/1011 1991/2394/1011 1987/2390/1952
f 1992/2395/1010 1993/2396/1010 1986/2389/1951 1985/2388/1950
f 1986/2389/1951 1994/2397/1955 1989/2392/1954 1987/2390/1952
f 1991/2394/1011 1995/2398/1011 1988/2391/1953 1987/2390/1952
f 1993/2396/1010 1996/2399/1010 1994/2397/1955 1986/2389/1951
f 1997/2400/1950 1998/2401/1951 1999/2402/1952 2000/2403/1953
f 2001/2404/1956 2002/2405/1011 2003/2406/1011 1999/2402/1952
f 2004/2407/1010 2005/2408/1010 1998/2401/1951 1997/2400/1950
f 1998/2401/1951 2006/2409/1955 2001/2404/1956 1999/2402/1952
f 2003/2406/1011 2007/2410/1011 2000/2403/1953 1999/2402/1952
f 2005/2408/1010 2008/2411/1010 2006/2409/1955 1998/2401/1951
f 2009/2412/1957 2010/2413/1958 2011/2414/1959 2012/2415/1960
f 2013/2416/1961 2014/2417/1011 2015/2418/1011 2011/2414/1959
f 2016/2419/1010 2017/2420/1010 2010/2413/1958 2009/2412/1957
f 2010/2413/1958 2018/2421/1962 2013/2416/1961 2011/2414/1959
f 2011/2414/1959 2015/2418/1011 2019/2422/1011 2012/2415/1960
f 2017/2420/1010 2020/2423/1010 2018/2421/1962 2010/2413/1958
f 2021/2424/1957 2022/2425/1958 2023/2426/1959 2024/2427/1960
f 2025/2428/1963 2026/2429/1011 2027/2430/1011 2023/2426/1959
f 2028/2431/1010 2029/2432/1010 2022/2425/1958 2021/2424/1957
f 2022/2425/1958 2030/2433/1962 2025/2428/1963 2023/2426/1959
f 2023/2426/1959 2027/2430/1011 2031/2434/1011 2024/2427/1960
f 2029/2432/1010 2032/2435/1010 2030/2433/1962 2022/2425/1958
f 2033/2436/1964 2034/2437/1965 2035/2438/1966 2036/2439/1967
f 2034/2437/1965 2037/2440/1968 2038/2441/1969 2035/2438/1966
f 2037/2440/1968 2039/2442/1970 2040/2443/1971 2038/2441/1969
f 2040/2443/1971 2039/2442/1970 2041/2444/1972 2042/2445/1973
f 2042/2445/1973 2041/2444/1972 2043/2446/1974 2044/2447/1975
f 2043/2446/1974 2045/2448/1976 2046/2449/1977 2044/2447/1975
f 2047/2450/1978 2036/2439/1967 2035/2438/1966 2048/2451/1979
f 2035/2438/1966 2038/2441/1969 2049/2452/1980 2048/2451/1979
f 2038/2441/1969 2040/2443/1971 2050/2453/1981 2049/2452/1980
f 2050/2453/1981 2040/2443/1971 2042/2445/1973 2051/2454/1982
f 2042/2445/1973 2044/2447/1975 2052/2455/1983 2051/2454/1982
f 2044/2447/1975 2046/2449/1977 2053/2456/1984 2052/2455/1983
f 2054/2457/1985 2055/2458/1986 2056/2459/1987 2057/2460/1988
f 2058/2461/1989 2059/2462/1990 2055/2458/1986 2054/2457/1985
f 2060/2463/1991 2061/2464/1992 2059/2462/1990 2058/2461/1989
f 2060/2463/1991 2062/2465/1993 2063/2466/1994 2061/2464/1992
f 2062/2465/1993 2064/2467/1995 2065/2468/1996 2063/2466/1994
f 2066/2469/1997 2067/2470/1998 2065/2468/1996 2064/2467/1995
f 2047/2450/1978 2048/2451/1979 2054/2457/1985 2057/2460/1988
f 2049/2452/1980 2058/2461/1989 2054/2457/1985 2048/2451/1979
f 2050/2453/1981 2060/2463/1991 2058/2461/1989 2049/2452/1980
f 2050/2453/1981 2051/2454/1982 2062/2465/1993 2060/2463/1991
f 2052/2455/1983 2064/2467/1995 2062/2465/1993 2051/2454/1982
f 2053/2456/1984 2066/2469/1997 2064/2467/1995 2052/2455/1983
f 2068/2471/1999 2069/2472/2000 2070/2473/2000 2071/2474/1999
f 2069/2472/2000 2072/2475/2001 2073/2476/2001 2070/2473/2000
f 2072/2475/2001 2074/2477/2002 2075/2478/2002 2073/2476/2001
f 2076/2479/1010 2077/2480/1010 2078/2481/1010 2079/2482/1010
f 2080/2483/1010 2076/2479/1010 2079/2482/1010 2081/2484/1010
f 2077/2480/1010 2076/2479/1010 2082/2485/1010 2083/2486/1010
f 2076/2479/1010 2080/2483/1010 2084/2487/1010 2082/2485/1010
f 2085/2488/1011 2086/2489/1011 2087/2490/1011 2088/2491/1011
f 2089/2492/1011 2090/2493/1011 2088/2491/1011 2087/2490/1011
f 2086/2489/1011 2091/2494/1011 2092/2495/1011 2087/2490/1011
f 2087/2490/1011 2092/2495/1011 2093/2496/1011 2089/2492/1011
f 2094/2497/2003 2095/2498/2004 2096/2499/2005 2097/2500/2006
f 2097/2500/2006 2096/2499/2005 2098/2501/2007 2099/2502/2008
f 2100/2503/2009 2099/2502/2008 2098/2501/2007 2101/2504/2010
f 2099/2502/2008 2100/2503/2009 2102/2505/2011 2103/2506/2012
f 2104/2507/2013 2099/2502/2008 2103/2506/2012 2105/2508/2014
f 2097/2500/2006 2099/2502/2008 2104/2507/2013 2106/2509/2015
f 2102/2505/2011 2107/2510/2016 2108/2511/2017 2103/2506/2012
f 2108/2511/2017 2109/2512/2018 2105/2508/2014 2103/2506/2012
f 2106/2509/2015 2104/2507/2013 2110/2513/2019 2111/2514/2020
f 2109/2512/2018 2112/2515/2021 2113/2516/2022 2105/2508/2014
f 2105/2508/2014 2113/2516/2022 2114/2517/2023 2104/2507/2013
f 2110/2513/2019 2104/2507/2013 2114/2517/2023 2115/2518/2024
f 2101/2504/2010 2116/2519/2025 2117/2520/2026 2100/2503/2009
f 2117/2520/2026 2118/2521/2027 2102/2505/2011 2100/2503/2009
f 2118/2521/2027 2119/2522/2028 2107/2510/2016 2102/2505/2011
f 2117/2520/2026 2116/2519/2025 2120/2523/2029 2121/2524/2030
f 2121/2524/2030 2120/2523/2029 2122/2525/2031 2123/2526/2032
f 2123/2526/2032 2122/2525/2031 2124/2527/2033 2125/2528/2034
f 2126/2529/2035 2121/2524/2030 2123/2526/2032 2127/2530/2036
f 2117/2520/2026 2121/2524/2030 2128/2531/2037 2118/2521/2027
f 2128/2531/2037 2121/2524/2030 2126/2529/2035 2129/2532/2038
f 2125/2528/2034 2130/2533/2039 2127/2530/2036 2123/2526/2032
f 2127/2530/2036 2131/2534/2040 2132/2535/2041 2126/2529/2035
f 2126/2529/2035 2132/2535/2041 2133/2536/2042 2129/2532/2038
f 2130/2533/2039 2134/2537/2043 2131/2534/2040 2127/2530/2036
f 2134/2537/2043 2135/2538/2044 2136/2539/2045 2131/2534/2040
f 2131/2534/2040 2136/2539/2045 2137/2540/2046 2132/2535/2041
f 2132/2535/2041 2137/2540/2046 2138/2541/2047 2133/2536/2042
f 2139/2542/2048 2138/2541/2047 2137/2540/2046 2140/2543/2049
f 2141/2544/2050 2138/2541/2047 2139/2542/2048 2142/2545/2051
f 2133/2536/2042 2138/2541/2047 2143/2546/2052 2144/2547/2053
f 2145/2548/2054 2143/2546/2052 2138/2541/2047 2141/2544/2050
f 2144/2547/2053 2146/2549/2055 2129/2532/2038 2133/2536/2042
f 2146/2549/2055 2147/2550/2056 2128/2531/2037 2129/2532/2038
f 2147/2550/2056 2119/2522/2028 2118/2521/2027 2128/2531/2037
f 2135/2538/2044 2148/2551/2057 2149/2552/2058 2136/2539/2045
f 2136/2539/2045 2149/2552/2058 2140/2543/2049 2137/2540/2046
f 2150/2553/2059 2141/2544/2050 2142/2545/2051 2151/2554/2060
f 2152/2555/2061 2145/2548/2054 2141/2544/2050 2150/2553/2059
f 2151/2554/2060 2153/2556/2062 2154/2557/2063 2150/2553/2059
f 2150/2553/2059 2154/2557/2063 2155/2558/2064 2152/2555/2061
f 2153/2556/2062 2156/2559/2065 2157/2560/2066 2154/2557/2063
f 2154/2557/2063 2157/2560/2066 2158/2561/2067 2155/2558/2064
f 2124/2527/2033 2159/2562/2068 2160/2563/2069 2125/2528/2034
f 2160/2563/2069 2161/2564/2070 2130/2533/2039 2125/2528/2034
f 2161/2564/2070 2162/2565/2071 2134/2537/2043 2130/2533/2039
f 2162/2565/2071 2163/2566/2072 2135/2538/2044 2134/2537/2043
f 2163/2566/2072 2164/2567/2073 2148/2551/2057 2135/2538/2044
f 2165/2568/2074 2094/2497/2003 2097/2500/2006 2106/2509/2015
f 2165/2568/2074 2106/2509/2015 2111/2514/2020 2166/2569/2075
f 2094/2497/2003 2167/2570/2076 2168/2571/2077 2095/2498/2004
f 2169/2572/2078 2167/2570/2076 2094/2497/2003 2165/2568/2074
f 2170/2573/2079 2169/2572/2078 2165/2568/2074 2166/2569/2075
f 2171/2574/2080 2172/2575/2081 2113/2516/2022 2112/2515/2021
f 2172/2575/2081 2173/2576/2082 2114/2517/2023 2113/2516/2022
f 2173/2576/2082 2174/2577/2083 2115/2518/2024 2114/2517/2023
f 2175/2578/2084 2176/2579/2085 2177/2580/2086 2178/2581/2087
f 2179/2582/2088 2177/2580/2086 2176/2579/2085 2180/2583/2089
f 2181/2584/2090 2182/2585/2091 2179/2582/2088 2180/2583/2089
f 2183/2586/2092 2181/2584/2090 2180/2583/2089 2184/2587/2093
f 2185/2588/2094 2186/2589/2095 2184/2587/2093 2180/2583/2089
f 2176/2579/2085 2187/2590/2096 2185/2588/2094 2180/2583/2089
f 2183/2586/2092 2184/2587/2093 2188/2591/2097 2189/2592/2098
f 2186/2589/2095 2190/2593/2099 2188/2591/2097 2184/2587/2093
f 2191/2594/2100 2185/2588/2094 2187/2590/2096 2192/2595/2101
f 2190/2593/2099 2186/2589/2095 2193/2596/2102 2194/2597/2103
f 2186/2589/2095 2185/2588/2094 2195/2598/2104 2193/2596/2102
f 2195/2598/2104 2185/2588/2094 2191/2594/2100 2196/2599/2105
f 2182/2585/2091 2181/2584/2090 2197/2600/2106 2198/2601/2107
f 2183/2586/2092 2199/2602/2108 2197/2600/2106 2181/2584/2090
f 2189/2592/2098 2200/2603/2109 2199/2602/2108 2183/2586/2092
f 2201/2604/2110 2198/2601/2107 2197/2600/2106 2202/2605/2111
f 2203/2606/2112 2201/2604/2110 2202/2605/2111 2204/2607/2113
f 2205/2608/2114 2203/2606/2112 2204/2607/2113 2206/2609/2115
f 2207/2610/2116 2208/2611/2117 2204/2607/2113 2202/2605/2111
f 2209/2612/2118 2202/2605/2111 2197/2600/2106 2199/2602/2108
f 2209/2612/2118 2210/2613/2119 2207/2610/2116 2202/2605/2111
f 2206/2609/2115 2204/2607/2113 2208/2611/2117 2211/2614/2120
f 2208/2611/2117 2207/2610/2116 2212/2615/2121 2213/2616/2122
f 2207/2610/2116 2210/2613/2119 2214/2617/2123 2212/2615/2121
f 2211/2614/2120 2208/2611/2117 2213/2616/2122 2215/2618/2124
f 2215/2618/2124 2213/2616/2122 2216/2619/2125 2217/2620/2126
f 2213/2616/2122 2212/2615/2121 2218/2621/2127 2216/2619/2125
f 2212/2615/2121 2214/2617/2123 2219/2622/2128 2218/2621/2127
f 2220/2623/2129 2221/2624/2130 2218/2621/2127 2219/2622/2128
f 2222/2625/2131 2223/2626/2132 2220/2623/2129 2219/2622/2128
f 2224/2627/2133 2219/2622/2128 2214/2617/2123 2225/2628/2134
f 2226/2629/2135 2222/2625/2131 2219/2622/2128 2224/2627/2133
f 2210/2613/2119 2227/2630/2136 2225/2628/2134 2214/2617/2123
f 2209/2612/2118 2228/2631/2137 2227/2630/2136 2210/2613/2119
f 2199/2602/2108 2200/2603/2109 2228/2631/2137 2209/2612/2118
f 2217/2620/2126 2216/2619/2125 2229/2632/2138 2230/2633/2139
f 2216/2619/2125 2218/2621/2127 2221/2624/2130 2229/2632/2138
f 2231/2634/2140 2232/2635/2141 2223/2626/2132 2222/2625/2131
f 2233/2636/2142 2231/2634/2140 2222/2625/2131 2226/2629/2135
f 2232/2635/2141 2231/2634/2140 2234/2637/2143 2235/2638/2144
f 2231/2634/2140 2233/2636/2142 2236/2639/2145 2234/2637/2143
f 2235/2638/2144 2234/2637/2143 2237/2640/2146 2238/2641/2147
f 2234/2637/2143 2236/2639/2145 2239/2642/2148 2237/2640/2146
f 2205/2608/2114 2206/2609/2115 2160/2563/2069 2159/2562/2068
f 2211/2614/2120 2161/2564/2070 2160/2563/2069 2206/2609/2115
f 2215/2618/2124 2162/2565/2071 2161/2564/2070 2211/2614/2120
f 2217/2620/2126 2163/2566/2072 2162/2565/2071 2215/2618/2124
f 2230/2633/2139 2164/2567/2073 2163/2566/2072 2217/2620/2126
f 2240/2643/2149 2187/2590/2096 2176/2579/2085 2175/2578/2084
f 2192/2595/2101 2187/2590/2096 2240/2643/2149 2241/2644/2150
f 2175/2578/2084 2178/2581/2087 2168/2571/2077 2167/2570/2076
f 2175/2578/2084 2167/2570/2076 2169/2572/2078 2240/2643/2149
f 2240/2643/2149 2169/2572/2078 2170/2573/2079 2241/2644/2150
f 2193/2596/2102 2242/2645/2151 2243/2646/2152 2194/2597/2103
f 2195/2598/2104 2244/2647/2153 2242/2645/2151 2193/2596/2102
f 2196/2599/2105 2245/2648/2154 2244/2647/2153 2195/2598/2104
f 2246/2649/2155 2247/2650/2156 2248/2651/2157 2249/2652/2158
f 2250/2653/2159 2251/2654/2160 2247/2650/2156 2246/2649/2155
f 2246/2649/2155 2252/2655/2161 2253/2656/2162 2254/2657/2163
f 2249/2652/2158 2255/2658/2164 2252/2655/2161 2246/2649/2155
f 2246/2649/2155 2254/2657/2163 2256/2659/2165 2250/2653/2159
f 2254/2657/2163 2257/2660/2166 2258/2661/2167 2256/2659/2165
f 2259/2662/2168 2260/2663/2169 2257/2660/2166 2254/2657/2163
f 2253/2656/2162 2261/2664/2170 2259/2662/2168 2254/2657/2163
f 2262/2665/2171 2263/2666/2172 2264/2667/2173 2265/2668/2174
f 2264/2667/2173 2266/2669/2175 2267/2670/2176 2265/2668/2174
f 2265/2668/2174 2268/2671/2177 2269/2672/2178 2262/2665/2171
f 2270/2673/2179 2271/2674/2180 2267/2670/2176 2266/2669/2175
f 2272/2675/2181 2273/2676/2182 2270/2673/2179 2266/2669/2175
f 2274/2677/2183 2275/2678/2184 2276/2679/2185 2277/2680/2186
f 2278/2681/2187 2279/2682/2188 2275/2678/2184 2274/2677/2183
f 2274/2677/2183 2261/2683/2170 2253/2684/2162 2278/2681/2187
f 2280/2685/2189 2281/2686/2190 2282/2687/2191 2283/2688/2192
f 2282/2687/2191 2284/2689/2193 2279/2682/2188 2283/2688/2192
f 2283/2688/2192 2279/2682/2188 2278/2681/2187 2285/2690/2194
f 2285/2690/2194 2286/2691/2195 2287/2692/2196 2283/2688/2192
f 2283/2688/2192 2287/2692/2196 2288/2693/2197 2280/2685/2189
f 2289/2694/2198 2290/2695/2199 2291/2696/2200 2292/2697/2201
f 2292/2697/2201 2293/2698/2202 2294/2699/2203 2289/2694/2198
f 2292/2697/2201 2291/2696/2200 2295/2700/2204 2296/2701/2205
f 2297/2702/2206 2298/2703/2207 2299/2704/2208 2300/2705/2209
f 2300/2705/2209 2291/2696/2200 2290/2695/2199 2297/2702/2206
f 2301/2706/2210 2295/2700/2204 2291/2696/2200 2300/2705/2209
f 2301/2706/2210 2302/2707/2211 2268/2708/2177 2265/2709/2174
f 2265/2668/2174 2267/2670/2176 2295/2710/2204 2301/2711/2210
f 2301/2706/2210 2300/2705/2209 2303/2712/2212 2302/2707/2211
f 2303/2712/2212 2300/2705/2209 2299/2704/2208 2304/2713/2213
f 2304/2713/2213 2299/2704/2208 2305/2714/2214 2306/2715/2215
f 2305/2714/2214 2307/2716/2216 2308/2717/2217 2306/2715/2215
f 2308/2718/2217 2307/2719/2216 2309/2720/2218 2310/2721/2219
f 2310/2721/2219 2309/2720/2218 2311/2722/2220 2312/2723/2221
f 2312/2723/2221 2311/2722/2220 2313/2724/2222 2314/2725/2223
f 2314/2725/2223 2313/2724/2222 2262/2665/2171 2269/2672/2178
f 2311/2722/2220 2315/2726/2224 2316/2727/2225 2313/2724/2222
f 2313/2724/2222 2316/2727/2225 2263/2666/2172 2262/2665/2171
f 2315/2726/2224 2317/2728/2226 2318/2729/2227 2316/2727/2225
f 2316/2727/2225 2318/2729/2227 2319/2730/2228 2263/2666/2172
f 2319/2730/2228 2318/2729/2227 2251/2654/2160 2250/2653/2159
f 2250/2653/2159 2256/2659/2165 2320/2731/2229 2319/2730/2228
f 2320/2731/2229 2264/2667/2173 2263/2666/2172 2319/2730/2228
f 2256/2659/2165 2258/2661/2167 2321/2732/2230 2320/2731/2229
f 2321/2732/2230 2266/2669/2175 2264/2667/2173 2320/2731/2229
f 2321/2732/2230 2258/2661/2167 2322/2733/2231 2323/2734/2232
f 2321/2732/2230 2323/2734/2232 2272/2675/2181 2266/2669/2175
f 2323/2734/2232 2322/2733/2231 2324/2735/2233 2325/2736/2234
f 2323/2734/2232 2325/2736/2234 2326/2737/2235 2272/2675/2181
f 2327/2738/2236 2273/2676/2182 2272/2675/2181 2326/2737/2235
f 2325/2739/2234 2328/2740/2237 2329/2741/2238 2326/2742/2235
f 2326/2742/2235 2329/2741/2238 2330/2743/2239 2327/2744/2236
f 2331/2745/2240 2332/2746/2241 2327/2744/2236 2330/2743/2239
f 2329/2741/2238 2333/2747/2242 2334/2748/2243 2330/2743/2239
f 2330/2743/2239 2334/2748/2243 2335/2749/2244 2331/2745/2240
f 2334/2748/2243 2293/2698/2202 2336/2750/2245 2335/2749/2244
f 2293/2698/2202 2292/2697/2201 2337/2751/2246 2336/2750/2245
f 2337/2751/2246 2292/2697/2201 2296/2701/2205 2338/2752/2247
f 2338/2753/2247 2296/2754/2205 2271/2674/2180 2339/2755/2248
f 2339/2755/2248 2271/2674/2180 2270/2673/2179 2340/2756/2249
f 2270/2673/2179 2273/2676/2182 2341/2757/2250 2340/2756/2249
f 2341/2757/2250 2273/2676/2182 2327/2738/2236 2332/2758/2241
f 2333/2747/2242 2294/2699/2203 2293/2698/2202 2334/2748/2243
f 2333/2747/2242 2329/2741/2238 2328/2740/2237 2342/2759/2251
f 2342/2759/2251 2343/2760/2252 2294/2699/2203 2333/2747/2242
f 2342/2759/2251 2344/2761/2253 2345/2762/2254 2343/2760/2252
f 2345/2762/2254 2346/2763/2255 2347/2764/2256 2343/2760/2252
f 2343/2760/2252 2347/2764/2256 2289/2694/2198 2294/2699/2203
f 2347/2764/2256 2346/2763/2255 2284/2689/2193 2348/2765/2257
f 2347/2764/2256 2348/2765/2257 2290/2695/2199 2289/2694/2198
f 2284/2689/2193 2282/2687/2191 2349/2766/2258 2348/2765/2257
f 2348/2765/2257 2349/2766/2258 2297/2702/2206 2290/2695/2199
f 2282/2687/2191 2281/2686/2190 2350/2767/2259 2349/2766/2258
f 2349/2766/2258 2350/2767/2259 2298/2703/2207 2297/2702/2206
f 2281/2686/2190 2351/2768/2260 2352/2769/2261 2350/2767/2259
f 2352/2769/2261 2353/2770/2262 2298/2703/2207 2350/2767/2259
f 2353/2770/2262 2305/2714/2214 2299/2704/2208 2298/2703/2207
f 2353/2770/2262 2352/2769/2261 2354/2771/2263 2355/2772/2264
f 2355/2772/2264 2307/2716/2216 2305/2714/2214 2353/2770/2262
f 2355/2773/2264 2354/2774/2263 2356/2775/2265 2357/2776/2266
f 2357/2776/2266 2309/2720/2218 2307/2719/2216 2355/2773/2264
f 2357/2776/2266 2356/2775/2265 2317/2728/2226 2315/2726/2224
f 2315/2726/2224 2311/2722/2220 2309/2720/2218 2357/2776/2266
f 2356/2775/2265 2354/2774/2263 2358/2777/2267 2359/2778/2268
f 2359/2778/2268 2360/2779/2269 2317/2728/2226 2356/2775/2265
f 2360/2779/2269 2359/2778/2268 2361/2780/2270 2362/2781/2271
f 2362/2781/2271 2247/2650/2156 2251/2654/2160 2360/2779/2269
f 2360/2779/2269 2251/2654/2160 2318/2729/2227 2317/2728/2226
f 2362/2781/2271 2361/2780/2270 2363/2782/2272 2364/2783/2273
f 2364/2783/2273 2248/2651/2157 2247/2650/2156 2362/2781/2271
f 2361/2780/2270 2365/2784/2274 2366/2785/2275 2363/2782/2272
f 2366/2786/2275 2365/2787/2274 2367/2788/2276 2368/2789/2277
f 2367/2788/2276 2280/2685/2189 2288/2693/2197 2368/2789/2277
f 2351/2768/2260 2281/2686/2190 2280/2685/2189 2367/2788/2276
f 2367/2788/2276 2365/2787/2274 2358/2790/2267 2351/2768/2260
f 2365/2784/2274 2361/2780/2270 2359/2778/2268 2358/2777/2267
f 2354/2771/2263 2352/2769/2261 2351/2768/2260 2358/2790/2267
f 2345/2762/2254 2276/2679/2185 2275/2678/2184 2346/2763/2255
f 2346/2763/2255 2275/2678/2184 2279/2682/2188 2284/2689/2193
f 2344/2761/2253 2369/2791/2278 2276/2679/2185 2345/2762/2254
f 2369/2791/2278 2344/2761/2253 2370/2792/2279 2371/2793/2280
f 2371/2793/2280 2372/2794/2281 2373/2795/2282 2369/2791/2278
f 2369/2791/2278 2373/2795/2282 2277/2680/2186 2276/2679/2185
f 2372/2794/2281 2374/2796/2283 2375/2797/2284 2373/2795/2282
f 2373/2795/2282 2375/2797/2284 2376/2798/2285 2277/2680/2186
f 2377/2799/2286 2274/2677/2183 2277/2680/2186 2376/2798/2285
f 2377/2799/2286 2378/2800/2287 2261/2683/2170 2274/2677/2183
f 2378/2801/2287 2379/2802/2288 2259/2662/2168 2261/2664/2170
f 2379/2802/2288 2380/2803/2289 2260/2663/2169 2259/2662/2168
f 2380/2803/2289 2381/2804/2290 2382/2805/2291 2260/2663/2169
f 2382/2805/2291 2383/2806/2292 2257/2660/2166 2260/2663/2169
f 2382/2805/2291 2381/2804/2290 2384/2807/2293 2385/2808/2294
f 2385/2808/2294 2386/2809/2295 2383/2806/2292 2382/2805/2291
f 2386/2809/2295 2324/2735/2233 2322/2733/2231 2383/2806/2292
f 2386/2810/2295 2385/2811/2294 2372/2794/2281 2371/2793/2280
f 2371/2793/2280 2370/2792/2279 2324/2812/2233 2386/2810/2295
f 2385/2811/2294 2384/2813/2293 2374/2796/2283 2372/2794/2281
f 2383/2806/2292 2322/2733/2231 2258/2661/2167 2257/2660/2166
f 2370/2792/2279 2328/2740/2237 2325/2739/2234 2324/2812/2233
f 2344/2761/2253 2342/2759/2251 2328/2740/2237 2370/2792/2279
f 2296/2754/2205 2295/2710/2204 2267/2670/2176 2271/2674/2180
f 2286/2691/2195 2285/2690/2194 2252/2814/2161 2255/2815/2164
f 2285/2690/2194 2278/2681/2187 2253/2684/2162 2252/2814/2161
f 2387/2816/2296 2388/2817/2297 2389/2818/2298 2390/2819/2299
f 2389/2818/2298 2391/2820/2300 2392/2821/2301 2390/2819/2299
f 2393/2822/2302 2394/2823/2303 2387/2816/2296 2390/2819/2299
f 2392/2821/2301 2395/2824/2304 2393/2822/2302 2390/2819/2299
f 2396/2825/2305 2397/2826/2306 2393/2822/2302 2395/2824/2304
f 2392/2827/2301 2398/2828/2307 2399/2829/2308 2395/2830/2304
f 2399/2829/2308 2400/2831/2309 2396/2832/2305 2395/2830/2304
f 2401/2833/2310 2402/2834/2311 2396/2832/2305 2400/2831/2309
f 2399/2829/2308 2403/2835/2312 2404/2836/2313 2400/2831/2309
f 2404/2836/2313 2405/2837/2314 2401/2833/2310 2400/2831/2309
f 2406/2838/2315 2407/2839/2316 2401/2833/2310 2405/2837/2314
f 2404/2840/2313 2408/2841/2317 2409/2842/2318 2405/2843/2314
f 2409/2842/2318 2410/2844/2319 2406/2845/2315 2405/2843/2314
f 2411/2846/2320 2412/2847/2321 2406/2845/2315 2410/2844/2319
f 2409/2842/2318 2413/2848/2322 2414/2849/2323 2410/2844/2319
f 2414/2849/2323 2415/2850/2324 2411/2846/2320 2410/2844/2319
f 2416/2851/2325 2417/2852/2326 2411/2846/2320 2415/2850/2324
f 2414/2849/2323 2418/2853/2327 2419/2854/2328 2415/2850/2324
f 2419/2854/2328 2420/2855/2329 2416/2851/2325 2415/2850/2324
f 2421/2856/2330 2422/2857/2331 2416/2851/2325 2420/2855/2329
f 2419/2858/2328 2423/2859/2332 2424/2860/2333 2420/2861/2329
f 2424/2860/2333 2425/2862/2334 2421/2863/2330 2420/2861/2329
f 2426/2864/2335 2427/2865/2336 2421/2863/2330 2425/2862/2334
f 2424/2860/2333 2428/2866/2337 2429/2867/2338 2425/2862/2334
f 2429/2867/2338 2430/2868/2339 2426/2864/2335 2425/2862/2334
f 2431/2869/2340 2432/2870/2341 2426/2864/2335 2430/2868/2339
f 2429/2867/2338 2433/2871/2342 2434/2872/2343 2430/2868/2339
f 2434/2872/2343 2435/2873/2344 2431/2869/2340 2430/2868/2339
f 2436/2874/2345 2437/2875/2346 2431/2869/2340 2435/2873/2344
f 2434/2876/2343 2438/2877/2347 2439/2878/2348 2435/2879/2344
f 2439/2878/2348 2440/2880/2349 2436/2881/2345 2435/2879/2344
f 2441/2882/2350 2442/2883/2351 2436/2881/2345 2440/2880/2349
f 2439/2878/2348 2443/2884/2352 2444/2885/2353 2440/2880/2349
f 2444/2885/2353 2445/2886/2354 2441/2882/2350 2440/2880/2349
f 2446/2887/2355 2447/2888/2356 2441/2882/2350 2445/2886/2354
f 2444/2889/2353 2448/2890/2357 2449/2891/2358 2445/2892/2354
f 2449/2891/2358 2450/2893/2359 2446/2894/2355 2445/2892/2354
f 2451/2895/2360 2452/2896/2361 2446/2894/2355 2450/2893/2359
f 2449/2891/2358 2453/2897/2362 2454/2898/2363 2450/2893/2359
f 2454/2898/2363 2455/2899/2364 2451/2895/2360 2450/2893/2359
f 2456/2900/2365 2457/2901/2366 2451/2895/2360 2455/2899/2364
f 2454/2898/2363 2458/2902/2367 2459/2903/2368 2455/2899/2364
f 2459/2903/2368 2460/2904/2369 2456/2900/2365 2455/2899/2364
f 2461/2905/2370 2462/2906/2371 2456/2900/2365 2460/2904/2369
f 2459/2907/2368 2463/2908/2372 2464/2909/2373 2460/2910/2369
f 2464/2909/2373 2465/2911/2374 2461/2912/2370 2460/2910/2369
f 2466/2913/2375 2467/2914/2376 2461/2912/2370 2465/2911/2374
f 2464/2909/2373 2468/2915/2377 2469/2916/2378 2465/2911/2374
f 2469/2916/2378 2470/2917/2379 2466/2913/2375 2465/2911/2374
f 2471/2918/2380 2472/2919/2381 2466/2913/2375 2470/2917/2379
f 2469/2920/2378 2473/2921/2382 2474/2922/2383 2470/2923/2379
f 2474/2922/2383 2475/2924/2384 2471/2925/2380 2470/2923/2379
f 2476/2926/2385 2477/2927/2386 2471/2925/2380 2475/2924/2384
f 2474/2922/2383 2478/2928/2387 2479/2929/2388 2475/2924/2384
f 2479/2929/2388 2480/2930/2389 2476/2926/2385 2475/2924/2384
f 2481/2931/2390 2482/2932/2391 2476/2926/2385 2480/2930/2389
f 2479/2929/2388 2483/2933/2392 2484/2934/2393 2480/2930/2389
f 2484/2934/2393 2388/2935/2297 2481/2931/2390 2480/2930/2389
f 2483/2936/2392 2472/2919/2381 2485/2937/2394 2484/2938/2393
f 2484/2938/2393 2485/2937/2394 2389/2818/2298 2388/2817/2297
f 2472/2919/2381 2471/2918/2380 2477/2939/2386 2485/2937/2394
f 2477/2939/2386 2391/2820/2300 2389/2818/2298 2485/2937/2394
f 2479/2929/2388 2478/2928/2387 2467/2940/2376 2483/2933/2392
f 2467/2914/2376 2466/2913/2375 2472/2919/2381 2483/2936/2392
f 2398/2828/2307 2392/2827/2301 2391/2941/2300 2482/2932/2391
f 2391/2941/2300 2477/2927/2386 2476/2926/2385 2482/2932/2391
f 2481/2931/2390 2486/2942/2395 2398/2828/2307 2482/2932/2391
f 2403/2835/2312 2399/2829/2308 2398/2828/2307 2486/2942/2395
f 2481/2931/2390 2388/2935/2297 2387/2943/2296 2486/2942/2395
f 2387/2816/2296 2394/2823/2303 2403/2944/2312 2486/2945/2395
f 2474/2922/2383 2473/2921/2382 2462/2906/2371 2478/2928/2387
f 2462/2906/2371 2461/2905/2370 2467/2940/2376 2478/2928/2387
f 2469/2920/2378 2468/2946/2377 2457/2901/2366 2473/2921/2382
f 2457/2901/2366 2456/2900/2365 2462/2906/2371 2473/2921/2382
f 2464/2909/2373 2463/2908/2372 2452/2947/2361 2468/2915/2377
f 2452/2896/2361 2451/2895/2360 2457/2901/2366 2468/2946/2377
f 2459/2907/2368 2458/2948/2367 2447/2888/2356 2463/2908/2372
f 2447/2888/2356 2446/2887/2355 2452/2947/2361 2463/2908/2372
f 2454/2898/2363 2453/2897/2362 2442/2949/2351 2458/2902/2367
f 2442/2883/2351 2441/2882/2350 2447/2888/2356 2458/2948/2367
f 2449/2891/2358 2448/2890/2357 2437/2875/2346 2453/2897/2362
f 2437/2875/2346 2436/2874/2345 2442/2949/2351 2453/2897/2362
f 2444/2889/2353 2443/2950/2352 2432/2870/2341 2448/2890/2357
f 2432/2870/2341 2431/2869/2340 2437/2875/2346 2448/2890/2357
f 2439/2878/2348 2438/2877/2347 2427/2951/2336 2443/2884/2352
f 2427/2865/2336 2426/2864/2335 2432/2870/2341 2443/2950/2352
f 2434/2876/2343 2433/2952/2342 2422/2857/2331 2438/2877/2347
f 2422/2857/2331 2421/2856/2330 2427/2951/2336 2438/2877/2347
f 2429/2867/2338 2428/2866/2337 2417/2953/2326 2433/2871/2342
f 2417/2852/2326 2416/2851/2325 2422/2857/2331 2433/2952/2342
f 2424/2860/2333 2423/2859/2332 2412/2954/2321 2428/2866/2337
f 2412/2954/2321 2411/2955/2320 2417/2953/2326 2428/2866/2337
f 2419/2858/2328 2418/2956/2327 2407/2839/2316 2423/2859/2332
f 2407/2839/2316 2406/2838/2315 2412/2954/2321 2423/2859/2332
f 2414/2849/2323 2413/2848/2322 2402/2957/2311 2418/2853/2327
f 2402/2834/2311 2401/2833/2310 2407/2839/2316 2418/2956/2327
f 2409/2842/2318 2408/2841/2317 2397/2826/2306 2413/2848/2322
f 2397/2826/2306 2396/2825/2305 2402/2957/2311 2413/2848/2322
f 2404/2840/2313 2403/2944/2312 2394/2823/2303 2408/2841/2317
f 2408/2841/2317 2394/2823/2303 2393/2822/2302 2397/2826/2306
f 2487/2958/2396 2488/2959/2397 2489/2960/2398 2490/2961/2399
f 2491/2962/2400 2492/2963/2401 2488/2959/2397 2487/2958/2396
f 2491/2962/2400 2493/2964/2402 2494/2965/2403 2492/2963/2401
f 2494/2965/2403 2495/2966/2404 2496/2967/2405 2492/2963/2401
f 2496/2967/2405 2497/2968/2406 2488/2959/2397 2492/2963/2401
f 2496/2967/2405 2498/2969/2407 2499/2970/2408 2497/2968/2406
f 2499/2970/2408 2500/2971/2409 2501/2972/2410 2497/2968/2406
f 2501/2972/2410 2489/2960/2398 2488/2959/2397 2497/2968/2406
f 2500/2971/2409 2502/2973/2411 2503/2974/2412 2501/2972/2410
f 2503/2974/2412 2504/2975/2413 2489/2960/2398 2501/2972/2410
f 2504/2975/2413 2505/2976/2414 2490/2961/2399 2489/2960/2398
f 2503/2974/2412 2506/2977/2415 2507/2978/2416 2504/2975/2413
f 2507/2978/2416 2508/2979/2417 2505/2976/2414 2504/2975/2413
f 2508/2979/2417 2507/2978/2416 2509/2980/2418 2510/2981/2419
f 2510/2981/2419 2509/2980/2418 2511/2982/2420 2512/2983/2421
f 2511/2982/2420 2513/2984/2422 2514/2985/2423 2512/2983/2421
f 2513/2986/2422 2515/2987/2424 2516/2988/2425 2514/2989/2423
f 2515/2987/2424 2517/2990/2426 2518/2991/2427 2516/2988/2425
f 2517/2990/2426 2519/2992/2428 2520/2993/2429 2518/2991/2427
f 2519/2992/2428 2521/2994/2430 2522/2995/2431 2520/2993/2429
f 2521/2994/2430 2523/2996/2432 2524/2997/2433 2522/2995/2431
f 2523/2996/2432 2494/2965/2403 2493/2964/2402 2524/2997/2433
f 2523/2996/2432 2521/2994/2430 2525/2998/2434 2526/2999/2435
f 2526/2999/2435 2495/2966/2404 2494/2965/2403 2523/2996/2432
f 2525/2998/2434 2527/3000/2436 2528/3001/2437 2526/2999/2435
f 2528/3001/2437 2529/3002/2438 2495/2966/2404 2526/2999/2435
f 2498/2969/2407 2496/2967/2405 2495/2966/2404 2529/3002/2438
f 2525/2998/2434 2530/3003/2439 2531/3004/2440 2527/3000/2436
f 2530/3003/2439 2532/3005/2441 2533/3006/2442 2531/3004/2440
f 2532/3005/2441 2534/3007/2443 2535/3008/2444 2533/3006/2442
f 2534/3007/2443 2536/3009/2445 2537/3010/2446 2535/3008/2444
f 2536/3011/2445 2538/3012/2447 2539/3013/2448 2537/3014/2446
f 2538/3012/2447 2540/3015/2449 2541/3016/2450 2539/3013/2448
f 2540/3015/2449 2506/2977/2415 2542/3017/2451 2541/3016/2450
f 2506/2977/2415 2503/2974/2412 2502/2973/2411 2542/3017/2451
f 2509/2980/2418 2507/2978/2416 2506/2977/2415 2540/3015/2449
f 2538/3012/2447 2511/2982/2420 2509/2980/2418 2540/3015/2449
f 2536/3011/2445 2513/2984/2422 2511/2982/2420 2538/3012/2447
f 2534/3007/2443 2515/2987/2424 2513/2986/2422 2536/3009/2445
f 2532/3005/2441 2517/2990/2426 2515/2987/2424 2534/3007/2443
f 2530/3003/2439 2519/2992/2428 2517/2990/2426 2532/3005/2441
f 2525/2998/2434 2521/2994/2430 2519/2992/2428 2530/3003/2439
f 2543/3018/2452 2544/3019/2453 2545/3020/2454 2546/3021/2455
f 2547/3022/2456 2548/3023/2457 2545/3020/2454 2544/3019/2453
f 2548/3023/2457 2547/3022/2456 2549/3024/2458 2550/3025/2459
f 2550/3025/2459 2549/3024/2458 2551/3026/2460 2552/3027/2461
f 2546/3021/2455 2553/3028/2462 2554/3029/2463 2543/3018/2452
f 2555/3030/2464 2556/3031/2465 2557/3032/2466 2558/3033/2467
f 2553/3028/2462 2559/3034/2468 2555/3030/2464 2554/3029/2463
f 2555/3030/2464 2558/3033/2467 2554/3029/2463
f 2556/3031/2465 2555/3030/2464 2559/3034/2468 2560/3035/2469
f 2561/3036/2470 2562/3037/2471 2563/3038/2472 2564/3039/2473
f 2564/3039/2473 2563/3038/2472 2565/3040/2474 2566/3041/2475
f 2563/3038/2472 2567/3042/2476 2568/3043/2477 2565/3040/2474
f 2547/3044/2456 2567/3042/2476 2563/3038/2472 2549/3045/2458
f 2569/3046/2478 2570/3047/2479 2568/3043/2477 2567/3042/2476
f 2569/3046/2478 2567/3042/2476 2547/3044/2456 2544/3048/2453
f 2571/3049/2480 2569/3046/2478 2544/3048/2453 2543/3050/2452
f 2543/3050/2452 2554/3051/2463 2572/3052/2481 2571/3049/2480
f 2573/3053/2482 2572/3052/2481 2554/3051/2463 2558/3054/2467
f 2574/3055/2483 2573/3053/2482 2575/3056/2484 2576/3057/2485
f 2557/3058/2466 2575/3056/2484 2573/3053/2482 2558/3054/2467
f 2577/3059/2486 2575/3060/2484 2557/3061/2466 2556/3062/2465
f 2578/3063/2487 2577/3059/2486 2556/3062/2465 2560/3064/2469
f 2579/3065/2488 2564/3039/2473 2566/3041/2475 2580/3066/2489
f 2566/3041/2475 2565/3040/2474 2581/3067/2490 2580/3066/2489
f 2568/3043/2477 2570/3047/2479 2582/3068/2491 2583/3069/2492
f 2565/3040/2474 2568/3043/2477 2583/3069/2492 2581/3067/2490
f 2584/3070/2493 2585/3071/2494 2582/3068/2491 2570/3047/2479
f 2570/3047/2479 2569/3046/2478 2571/3049/2480 2584/3070/2493
f 2586/3072/2495 2587/3073/2496 2585/3071/2494 2584/3070/2493
f 2586/3072/2495 2584/3070/2493 2571/3049/2480 2572/3052/2481
f 2586/3072/2495 2572/3052/2481 2573/3053/2482 2574/3055/2483
f 2560/3035/2469 2559/3034/2468 2588/3074/2497 2589/3075/2498
f 2590/3076/2499 2588/3074/2497 2559/3034/2468 2553/3028/2462
f 2591/3077/2500 2590/3076/2499 2553/3028/2462 2546/3021/2455
f 2546/3021/2455 2545/3020/2454 2592/3078/2501 2591/3077/2500
f 2577/3059/2486 2593/3079/2502 2576/3080/2485 2575/3060/2484
f 2594/3081/2503 2593/3079/2502 2577/3059/2486 2578/3063/2487
f 2587/3073/2496 2586/3072/2495 2574/3055/2483 2595/3082/2504
f 2580/3066/2489 2581/3067/2490 2596/3083/2505 2597/3084/2506
f 2598/3085/2507 2596/3083/2505 2581/3067/2490 2583/3069/2492
f 2599/3086/2508 2600/3087/2509 2582/3068/2491 2585/3071/2494
f 2583/3069/2492 2582/3068/2491 2600/3087/2509 2598/3085/2507
f 2601/3088/2510 2602/3089/2511 2599/3086/2508 2585/3071/2494
f 2600/3087/2509 2599/3086/2508 2603/3090/2512 2604/3091/2513
f 2605/3092/2514 2590/3093/2499 2591/3094/2500 2606/3095/2515
f 2606/3095/2515 2591/3094/2500 2592/3096/2501 2607/3097/2516
f 2608/3098/2517 2609/3099/2518 2589/3100/2498 2588/3101/2497
f 2589/3102/2498 2609/3103/2518 2578/3063/2487 2560/3064/2469
f 2608/3098/2517 2588/3101/2497 2590/3093/2499 2605/3092/2514
f 2609/3099/2518 2608/3098/2517 2610/3104/2519 2611/3105/2520
f 2611/3106/2520 2594/3081/2503 2578/3063/2487 2609/3103/2518
f 2612/3107/2521 2610/3104/2519 2608/3098/2517 2605/3092/2514
f 2606/3095/2515 2613/3108/2522 2612/3107/2521 2605/3092/2514
f 2614/3109/2523 2613/3108/2522 2606/3095/2515 2607/3097/2516
f 2595/3082/2504 2574/3055/2483 2576/3057/2485 2615/3110/2524
f 2593/3079/2502 2594/3081/2503 2616/3111/2525 2617/3112/2526
f 2593/3079/2502 2617/3112/2526 2615/3113/2524 2576/3080/2485
f 2618/3114/2527 2616/3111/2525 2594/3081/2503 2611/3106/2520
f 2619/3115/2528 2620/3116/2529 2610/3104/2519 2612/3107/2521
f 2620/3116/2529 2618/3117/2527 2611/3105/2520 2610/3104/2519
f 2612/3107/2521 2613/3108/2522 2621/3118/2530 2619/3115/2528
f 2622/3119/2531 2621/3118/2530 2613/3108/2522 2614/3109/2523
f 2623/3120/2532 2604/3091/2513 2603/3090/2512 2624/3121/2533
f 2624/3121/2533 2603/3090/2512 2599/3086/2508 2602/3089/2511
f 2600/3087/2509 2604/3091/2513 2625/3122/2534 2598/3085/2507
f 2626/3123/2535 2627/3124/2536 2625/3122/2534 2628/3125/2537
f 2627/3124/2536 2596/3083/2505 2598/3085/2507 2625/3122/2534
f 2596/3083/2505 2627/3124/2536 2626/3123/2535 2597/3084/2506
f 2629/3126/2538 2628/3125/2537 2630/3127/2539 2631/3128/2540
f 2622/3119/2531 2630/3127/2539 2632/3129/2541 2633/3130/2542
f 2632/3129/2541 2630/3127/2539 2604/3091/2513 2623/3120/2532
f 2604/3091/2513 2630/3127/2539 2628/3125/2537 2625/3122/2534
f 2630/3127/2539 2622/3119/2531 2614/3109/2523 2631/3128/2540
f 2634/3131/2543 2635/3132/2544 2629/3126/2538 2631/3128/2540
f 2628/3125/2537 2629/3126/2538 2635/3132/2544 2626/3123/2535
f 2636/3133/2545 2637/3134/2546 2634/3131/2543 2631/3128/2540
f 2607/3097/2516 2636/3133/2545 2631/3128/2540 2614/3109/2523
f 2637/3134/2546 2636/3133/2545 2638/3135/2547 2639/3136/2548
f 2592/3078/2501 2545/3020/2454 2548/3023/2457 2638/3137/2547
f 2636/3133/2545 2607/3097/2516 2592/3096/2501 2638/3135/2547
f 2552/3027/2461 2640/3138/2549 2641/3139/2550 2550/3025/2459
f 2638/3137/2547 2548/3023/2457 2550/3025/2459 2641/3139/2550
f 2640/3140/2549 2642/3141/2551 2643/3142/2552 2641/3143/2550
f 2641/3143/2550 2643/3142/2552 2639/3136/2548 2638/3135/2547
f 2640/3144/2549 2552/3145/2461 2644/3146/2553 2645/3147/2554
f 2551/3148/2460 2549/3045/2458 2646/3149/2555 2647/3150/2556
f 2647/3150/2556 2644/3146/2553 2552/3145/2461 2551/3148/2460
f 2549/3045/2458 2563/3038/2472 2562/3037/2471 2646/3149/2555
f 2587/3073/2496 2648/3151/2557 2649/3152/2558 2585/3071/2494
f 2587/3073/2496 2595/3082/2504 2650/3153/2559 2648/3151/2557
f 2602/3089/2511 2601/3088/2510 2651/3154/2560 2652/3155/2561
f 2601/3088/2510 2585/3071/2494 2649/3152/2558 2651/3154/2560
f 2615/3110/2524 2653/3156/2562 2650/3153/2559 2595/3082/2504
f 2616/3111/2525 2654/3157/2563 2655/3158/2564 2617/3112/2526
f 2617/3112/2526 2655/3158/2564 2653/3159/2562 2615/3113/2524
f 2616/3111/2525 2618/3114/2527 2656/3160/2565 2654/3157/2563
f 2619/3115/2528 2657/3161/2566 2658/3162/2567 2620/3116/2529
f 2620/3116/2529 2658/3162/2567 2656/3163/2565 2618/3117/2527
f 2621/3118/2530 2659/3164/2568 2657/3161/2566 2619/3115/2528
f 2621/3118/2530 2622/3119/2531 2660/3165/2569 2659/3164/2568
f 2624/3121/2533 2661/3166/2570 2662/3167/2571 2623/3120/2532
f 2624/3121/2533 2602/3089/2511 2652/3155/2561 2661/3166/2570
f 2633/3130/2542 2632/3129/2541 2663/3168/2572 2664/3169/2573
f 2633/3130/2542 2664/3169/2573 2660/3165/2569 2622/3119/2531
f 2623/3120/2532 2662/3167/2571 2663/3168/2572 2632/3129/2541
f 2665/3170/2574 2666/3171/2575 2649/3172/2558 2648/3173/2557
f 2651/3174/2560 2649/3172/2558 2666/3171/2575 2652/3175/2561
f 2648/3173/2557 2667/3176/2576 2665/3170/2574
f 2648/3173/2557 2668/3177/2577 2667/3176/2576
f 2650/3178/2559 2669/3179/2578 2668/3177/2577 2648/3173/2557
f 2653/3180/2562 2655/3181/2564 2669/3179/2578 2650/3178/2559
f 2656/3182/2565 2658/3183/2567 2670/3184/2579 2654/3185/2563
f 2670/3184/2579 2658/3183/2567 2657/3186/2566 2671/3187/2580
f 2671/3187/2580 2657/3186/2566 2659/3188/2568 2672/3189/2576
f 2672/3189/2576 2659/3188/2568 2660/3190/2569 2673/3191/2581
f 2673/3191/2581 2660/3190/2569 2664/3192/2573 2674/3193/2582
f 2674/3193/2582 2664/3192/2573 2663/3194/2572 2662/3195/2571
f 2654/3185/2563 2670/3184/2579 2669/3179/2578 2655/3181/2564
f 2669/3179/2578 2670/3184/2579 2671/3187/2580 2668/3177/2577
f 2668/3177/2577 2671/3187/2580 2672/3189/2576 2667/3176/2576
f 2667/3176/2576 2672/3189/2576 2673/3191/2581 2665/3170/2574
f 2665/3170/2574 2673/3191/2581 2675/3196/2583 2666/3171/2575
f 2666/3171/2575 2675/3196/2583 2661/3197/2570 2652/3175/2561
f 2661/3197/2570 2675/3196/2583 2674/3193/2582 2662/3195/2571
f 2674/3193/2582 2675/3196/2583 2673/3191/2581
f 2676/3198/2584 2579/3065/2488 2580/3066/2489 2597/3084/2506
f 2677/3199/2585 2676/3198/2584 2597/3084/2506 2678/3200/2586
f 2678/3200/2586 2597/3084/2506 2626/3123/2535
f 2564/3039/2473 2579/3065/2488 2679/3201/2587 2561/3036/2470
f 2635/3132/2544 2634/3131/2543 2680/3202/2588 2681/3203/2589
f 2626/3123/2535 2635/3132/2544 2681/3203/2589 2682/3204/2590
f 2637/3134/2546 2683/3205/2591 2680/3202/2588 2634/3131/2543
f 2639/3136/2548 2684/3206/2592 2683/3205/2591 2637/3134/2546
f 2642/3141/2551 2685/3207/2593 2686/3208/2594 2643/3142/2552
f 2643/3142/2552 2686/3208/2594 2684/3206/2592 2639/3136/2548
f 2676/3198/2584 2687/3209/2595 2679/3201/2587 2579/3065/2488
f 2677/3199/2585 2678/3200/2586 2688/3210/2596 2689/3211/2597
f 2677/3199/2585 2689/3211/2597 2687/3209/2595 2676/3198/2584
f 2678/3200/2586 2626/3123/2535 2682/3204/2590 2688/3210/2596
f 2642/3212/2551 2640/3144/2549 2645/3147/2554 2685/3213/2593
f 2561/3036/2470 2690/3214/2598 2691/3215/714 2562/3037/2471
f 2644/3146/2553 2692/3216/2599 2693/3217/2600 2645/3147/2554
f 2646/3149/2555 2694/3218/2601 2695/3219/2602 2647/3150/2556
f 2647/3150/2556 2695/3219/2602 2692/3216/2599 2644/3146/2553
f 2562/3037/2471 2691/3215/714 2694/3218/2601 2646/3149/2555
f 2679/3201/2587 2696/3220/2603 2690/3214/2598 2561/3036/2470
f 2681/3203/2589 2680/3202/2588 2697/3221/2604 2698/3222/2605
f 2682/3204/2590 2681/3203/2589 2698/3222/2605 2699/3223/2606
f 2680/3202/2588 2683/3205/2591 2700/3224/2607 2697/3221/2604
f 2684/3206/2592 2701/3225/2608 2700/3224/2607 2683/3205/2591
f 2685/3207/2593 2702/3226/2609 2703/3227/2610 2686/3208/2594
f 2686/3208/2594 2703/3227/2610 2701/3225/2608 2684/3206/2592
f 2687/3209/2595 2704/3228/2611 2696/3220/2603 2679/3201/2587
f 2689/3211/2597 2688/3210/2596 2705/3229/2612 2706/3230/2613
f 2689/3211/2597 2706/3230/2613 2704/3228/2611 2687/3209/2595
f 2688/3210/2596 2682/3204/2590 2699/3223/2606 2705/3229/2612
f 2645/3147/2554 2693/3217/2600 2702/3231/2609 2685/3213/2593
f 2707/3018/2614 2708/3021/2615 2709/3020/2616 2710/3019/2617
f 2711/3022/2618 2710/3019/2617 2709/3020/2616 2712/3023/2619
f 2712/3023/2619 2713/3025/2620 2714/3024/2621 2711/3022/2618
f 2713/3025/2620 2715/3027/2622 2716/3026/2623 2714/3024/2621
f 2708/3021/2615 2707/3018/2614 2717/3029/2624 2718/3028/2625
f 2719/3030/2626 2720/3033/2627 2721/3032/2628 2722/3031/2629
f 2718/3028/2625 2717/3029/2624 2719/3030/2626 2723/3034/2630
f 2719/3030/2626 2717/3029/2624 2720/3033/2627
f 2722/3031/2629 2724/3035/2631 2723/3034/2630 2719/3030/2626
f 2725/3036/2632 2726/3039/2633 2727/3038/2634 2728/3037/2635
f 2726/3039/2633 2729/3041/2636 2730/3040/2637 2727/3038/2634
f 2727/3038/2634 2730/3040/2637 2731/3043/2638 2732/3042/2639
f 2711/3044/2618 2714/3045/2621 2727/3038/2634 2732/3042/2639
f 2733/3046/2640 2732/3042/2639 2731/3043/2638 2734/3047/2641
f 2733/3046/2640 2710/3048/2617 2711/3044/2618 2732/3042/2639
f 2735/3049/2642 2707/3050/2614 2710/3048/2617 2733/3046/2640
f 2707/3050/2614 2735/3049/2642 2736/3052/2643 2717/3051/2624
f 2737/3053/2644 2720/3054/2627 2717/3051/2624 2736/3052/2643
f 2738/3055/2645 2739/3057/2646 2740/3056/2647 2737/3053/2644
f 2721/3058/2628 2720/3054/2627 2737/3053/2644 2740/3056/2647
f 2741/3059/2648 2722/3062/2629 2721/3061/2628 2740/3060/2647
f 2742/3063/2649 2724/3064/2631 2722/3062/2629 2741/3059/2648
f 2743/3065/2650 2744/3066/2651 2729/3041/2636 2726/3039/2633
f 2729/3041/2636 2744/3066/2651 2745/3067/2652 2730/3040/2637
f 2731/3043/2638 2746/3069/2653 2747/3068/2654 2734/3047/2641
f 2730/3040/2637 2745/3067/2652 2746/3069/2653 2731/3043/2638
f 2748/3070/2655 2734/3047/2641 2747/3068/2654 2749/3071/2656
f 2734/3047/2641 2748/3070/2655 2735/3049/2642 2733/3046/2640
f 2750/3072/2657 2748/3070/2655 2749/3071/2656 2751/3073/2658
f 2750/3072/2657 2736/3052/2643 2735/3049/2642 2748/3070/2655
f 2750/3072/2657 2738/3055/2645 2737/3053/2644 2736/3052/2643
f 2724/3035/2631 2752/3075/2659 2753/3074/2660 2723/3034/2630
f 2754/3076/2661 2718/3028/2625 2723/3034/2630 2753/3074/2660
f 2755/3077/2662 2708/3021/2615 2718/3028/2625 2754/3076/2661
f 2708/3021/2615 2755/3077/2662 2756/3078/2663 2709/3020/2616
f 2741/3059/2648 2740/3060/2647 2739/3080/2646 2757/3079/2664
f 2758/3081/2665 2742/3063/2649 2741/3059/2648 2757/3079/2664
f 2751/3073/2658 2759/3082/2666 2738/3055/2645 2750/3072/2657
f 2744/3066/2651 2760/3084/2667 2761/3083/2668 2745/3067/2652
f 2762/3085/2669 2746/3069/2653 2745/3067/2652 2761/3083/2668
f 2763/3086/2670 2749/3071/2656 2747/3068/2654 2764/3087/2671
f 2746/3069/2653 2762/3085/2669 2764/3087/2671 2747/3068/2654
f 2765/3088/2672 2749/3071/2656 2763/3086/2670 2766/3089/2673
f 2764/3087/2671 2767/3091/2674 2768/3090/2675 2763/3086/2670
f 2769/3092/2676 2770/3095/2677 2755/3094/2662 2754/3093/2661
f 2770/3095/2677 2771/3097/2678 2756/3096/2663 2755/3094/2662
f 2772/3098/2679 2753/3101/2660 2752/3100/2659 2773/3099/2680
f 2752/3102/2659 2724/3064/2631 2742/3063/2649 2773/3103/2680
f 2772/3098/2679 2769/3092/2676 2754/3093/2661 2753/3101/2660
f 2773/3099/2680 2774/3105/2681 2775/3104/2682 2772/3098/2679
f 2774/3106/2681 2773/3103/2680 2742/3063/2649 2758/3081/2665
f 2776/3107/2683 2769/3092/2676 2772/3098/2679 2775/3104/2682
f 2770/3095/2677 2769/3092/2676 2776/3107/2683 2777/3108/2684
f 2778/3109/2685 2771/3097/2678 2770/3095/2677 2777/3108/2684
f 2759/3082/2666 2779/3110/2686 2739/3057/2646 2738/3055/2645
f 2757/3079/2664 2780/3112/2687 2781/3111/2688 2758/3081/2665
f 2757/3079/2664 2739/3080/2646 2779/3113/2686 2780/3112/2687
f 2782/3114/2689 2774/3106/2681 2758/3081/2665 2781/3111/2688
f 2783/3115/2690 2776/3107/2683 2775/3104/2682 2784/3116/2691
f 2784/3116/2691 2775/3104/2682 2774/3105/2681 2782/3117/2689
f 2776/3107/2683 2783/3115/2690 2785/3118/2692 2777/3108/2684
f 2786/3119/2693 2778/3109/2685 2777/3108/2684 2785/3118/2692
f 2787/3120/2694 2788/3121/2695 2768/3090/2675 2767/3091/2674
f 2788/3121/2695 2766/3089/2673 2763/3086/2670 2768/3090/2675
f 2764/3087/2671 2762/3085/2669 2789/3122/2696 2767/3091/2674
f 2790/3123/2697 2791/3125/2698 2789/3122/2696 2792/3124/2699
f 2792/3124/2699 2789/3122/2696 2762/3085/2669 2761/3083/2668
f 2761/3083/2668 2760/3084/2667 2790/3123/2697 2792/3124/2699
f 2793/3126/2700 2794/3128/2701 2795/3127/2702 2791/3125/2698
f 2786/3119/2693 2796/3130/2703 2797/3129/2704 2795/3127/2702
f 2797/3129/2704 2787/3120/2694 2767/3091/2674 2795/3127/2702
f 2767/3091/2674 2789/3122/2696 2791/3125/2698 2795/3127/2702
f 2795/3127/2702 2794/3128/2701 2778/3109/2685 2786/3119/2693
f 2798/3131/2705 2794/3128/2701 2793/3126/2700 2799/3132/2706
f 2791/3125/2698 2790/3123/2697 2799/3132/2706 2793/3126/2700
f 2800/3133/2707 2794/3128/2701 2798/3131/2705 2801/3134/2708
f 2771/3097/2678 2778/3109/2685 2794/3128/2701 2800/3133/2707
f 2801/3134/2708 2802/3136/2709 2803/3135/2710 2800/3133/2707
f 2756/3078/2663 2803/3137/2710 2712/3023/2619 2709/3020/2616
f 2800/3133/2707 2803/3135/2710 2756/3096/2663 2771/3097/2678
f 2715/3027/2622 2713/3025/2620 2804/3139/2711 2805/3138/2712
f 2803/3137/2710 2804/3139/2711 2713/3025/2620 2712/3023/2619
f 2805/3140/2712 2804/3143/2711 2806/3142/2713 2807/3141/2714
f 2804/3143/2711 2803/3135/2710 2802/3136/2709 2806/3142/2713
f 2805/3144/2712 2808/3147/2715 2809/3146/2716 2715/3145/2622
f 2716/3148/2623 2810/3150/2717 2811/3149/2718 2714/3045/2621
f 2810/3150/2717 2716/3148/2623 2715/3145/2622 2809/3146/2716
f 2714/3045/2621 2811/3149/2718 2728/3037/2635 2727/3038/2634
f 2751/3073/2658 2749/3071/2656 2812/3152/2719 2813/3151/2720
f 2751/3073/2658 2813/3151/2720 2814/3153/2721 2759/3082/2666
f 2766/3089/2673 2815/3155/2722 2816/3154/2723 2765/3088/2672
f 2765/3088/2672 2816/3154/2723 2812/3152/2719 2749/3071/2656
f 2779/3110/2686 2759/3082/2666 2814/3153/2721 2817/3156/2724
f 2781/3111/2688 2780/3112/2687 2818/3158/2725 2819/3157/2726
f 2780/3112/2687 2779/3113/2686 2817/3159/2724 2818/3158/2725
f 2781/3111/2688 2819/3157/2726 2820/3160/2727 2782/3114/2689
f 2783/3115/2690 2784/3116/2691 2821/3162/2728 2822/3161/2729
f 2784/3116/2691 2782/3117/2689 2820/3163/2727 2821/3162/2728
f 2785/3118/2692 2783/3115/2690 2822/3161/2729 2823/3164/2730
f 2785/3118/2692 2823/3164/2730 2824/3165/2731 2786/3119/2693
f 2788/3121/2695 2787/3120/2694 2825/3167/2732 2826/3166/2733
f 2788/3121/2695 2826/3166/2733 2815/3155/2722 2766/3089/2673
f 2796/3130/2703 2827/3169/2734 2828/3168/2735 2797/3129/2704
f 2796/3130/2703 2786/3119/2693 2824/3165/2731 2827/3169/2734
f 2787/3120/2694 2797/3129/2704 2828/3168/2735 2825/3167/2732
f 2829/3170/2736 2813/3173/2720 2812/3172/2719 2830/3171/2737
f 2816/3174/2723 2815/3175/2722 2830/3171/2737 2812/3172/2719
f 2813/3173/2720 2829/3170/2736 2831/3176/2738
f 2813/3173/2720 2831/3176/2738 2832/3177/2739
f 2814/3178/2721 2813/3173/2720 2832/3177/2739 2833/3179/2740
f 2817/3180/2724 2814/3178/2721 2833/3179/2740 2818/3181/2725
f 2820/3182/2727 2819/3185/2726 2834/3184/2741 2821/3183/2728
f 2834/3184/2741 2835/3187/2742 2822/3186/2729 2821/3183/2728
f 2835/3187/2742 2836/3189/2738 2823/3188/2730 2822/3186/2729
f 2836/3189/2738 2837/3191/2743 2824/3190/2731 2823/3188/2730
f 2837/3191/2743 2838/3193/2744 2827/3192/2734 2824/3190/2731
f 2838/3193/2744 2825/3195/2732 2828/3194/2735 2827/3192/2734
f 2819/3185/2726 2818/3181/2725 2833/3179/2740 2834/3184/2741
f 2833/3179/2740 2832/3177/2739 2835/3187/2742 2834/3184/2741
f 2832/3177/2739 2831/3176/2738 2836/3189/2738 2835/3187/2742
f 2831/3176/2738 2829/3170/2736 2837/3191/2743 2836/3189/2738
f 2829/3170/2736 2830/3171/2737 2839/3196/2745 2837/3191/2743
f 2830/3171/2737 2815/3175/2722 2826/3197/2733 2839/3196/2745
f 2826/3197/2733 2825/3195/2732 2838/3193/2744 2839/3196/2745
f 2838/3193/2744 2837/3191/2743 2839/3196/2745
f 2840/3198/2746 2760/3084/2667 2744/3066/2651 2743/3065/2650
f 2841/3199/2747 2842/3200/2748 2760/3084/2667 2840/3198/2746
f 2842/3200/2748 2790/3123/2697 2760/3084/2667
f 2726/3039/2633 2725/3036/2632 2843/3201/2749 2743/3065/2650
f 2799/3132/2706 2844/3203/2750 2845/3202/2751 2798/3131/2705
f 2790/3123/2697 2846/3204/2752 2844/3203/2750 2799/3132/2706
f 2801/3134/2708 2798/3131/2705 2845/3202/2751 2847/3205/2753
f 2802/3136/2709 2801/3134/2708 2847/3205/2753 2848/3206/2754
f 2807/3141/2714 2806/3142/2713 2849/3208/2755 2850/3207/2756
f 2806/3142/2713 2802/3136/2709 2848/3206/2754 2849/3208/2755
f 2840/3198/2746 2743/3065/2650 2843/3201/2749 2851/3209/2757
f 2841/3199/2747 2852/3211/2758 2853/3210/2759 2842/3200/2748
f 2841/3199/2747 2840/3198/2746 2851/3209/2757 2852/3211/2758
f 2842/3200/2748 2853/3210/2759 2846/3204/2752 2790/3123/2697
f 2807/3212/2714 2850/3213/2756 2808/3147/2715 2805/3144/2712
f 2725/3036/2632 2728/3037/2635 2854/3215/714 2855/3214/2598
f 2809/3146/2716 2808/3147/2715 2856/3217/2600 2857/3216/2599
f 2811/3149/2718 2810/3150/2717 2858/3219/2602 2859/3218/2601
f 2810/3150/2717 2809/3146/2716 2857/3216/2599 2858/3219/2602
f 2728/3037/2635 2811/3149/2718 2859/3218/2601 2854/3215/714
f 2843/3201/2749 2725/3036/2632 2855/3214/2598 2860/3220/2603
f 2844/3203/2750 2861/3222/2605 2862/3221/2760 2845/3202/2751
f 2846/3204/2752 2863/3223/2606 2861/3222/2605 2844/3203/2750
f 2845/3202/2751 2862/3221/2760 2864/3224/2761 2847/3205/2753
f 2848/3206/2754 2847/3205/2753 2864/3224/2761 2865/3225/2762
f 2850/3207/2756 2849/3208/2755 2866/3227/2763 2867/3226/2609
f 2849/3208/2755 2848/3206/2754 2865/3225/2762 2866/3227/2763
f 2851/3209/2757 2843/3201/2749 2860/3220/2603 2868/3228/2611
f 2852/3211/2758 2869/3230/2613 2870/3229/2612 2853/3210/2759
f 2852/3211/2758 2851/3209/2757 2868/3228/2611 2869/3230/2613
f 2853/3210/2759 2870/3229/2612 2863/3223/2606 2846/3204/2752
f 2808/3147/2715 2850/3213/2756 2867/3231/2609 2856/3217/2600
f 2871/3232/2764 2872/3233/2765 2873/3234/2766 2874/3235/2767
f 2875/3236/2768 2874/3235/2767 2873/3234/2766 2876/3237/2769
f 2871/3232/2764 2874/3235/2767 2877/3238/2770 2878/3239/2771
f 2874/3235/2767 2875/3236/2768 2879/3240/2772 2877/3238/2770
f 2880/3241/2773 2881/3242/2774 2877/3238/2770 2879/3240/2772
f 2882/3243/2775 2881/3242/2774 2880/3241/2773 2883/3244/2776
f 2884/3245/2777 2882/3243/2775 2883/3244/2776 2885/3246/2778
f 2886/3247/2779 2878/3239/2771 2877/3238/2770 2887/3248/2780
f 2888/3249/2781 2873/3234/2766 2872/3233/2765 2889/3250/2782
f 2888/3249/2781 2890/3251/2783 2876/3237/2769 2873/3234/2766
f 2891/3252/2784 2892/3253/2785 2876/3237/2769 2890/3251/2783
f 2893/3254/2786 2892/3253/2785 2891/3252/2784 2894/3255/2787
f 2895/3256/2788 2896/3257/2789 2893/3254/2786 2894/3255/2787
f 2897/3258/2790 2896/3257/2789 2895/3256/2788 2898/3259/2791
f 2899/3260/2792 2888/3249/2781 2889/3250/2782 2900/3261/2793
f 2898/3259/2791 2895/3256/2788 2901/3262/2794 2902/3263/2795
f 2894/3255/2787 2903/3264/2796 2901/3262/2794 2895/3256/2788
f 2891/3252/2784 2904/3265/2797 2903/3264/2796 2894/3255/2787
f 2890/3251/2783 2905/3266/2798 2904/3265/2797 2891/3252/2784
f 2890/3251/2783 2888/3249/2781 2899/3260/2792 2905/3266/2798
f 2902/3263/2795 2901/3262/2794 2906/3267/2799 2907/3268/2800
f 2901/3262/2794 2903/3264/2796 2908/3269/2801 2906/3267/2799
f 2904/3265/2797 2909/3270/2802 2908/3269/2801 2903/3264/2796
f 2905/3266/2798 2910/3271/2803 2909/3270/2802 2904/3265/2797
f 2905/3266/2798 2899/3260/2792 2911/3272/2804 2910/3271/2803
f 2900/3261/2793 2912/3273/2805 2911/3272/2804 2899/3260/2792
f 2907/3268/2800 2906/3267/2799 2913/3274/2806 2914/3275/2807
f 2906/3267/2799 2908/3269/2801 2915/3276/2808 2913/3274/2806
f 2909/3270/2802 2916/3277/2809 2915/3276/2808 2908/3269/2801
f 2910/3271/2803 2917/3278/2810 2916/3277/2809 2909/3270/2802
f 2910/3271/2803 2911/3272/2804 2918/3279/2811 2917/3278/2810
f 2912/3273/2805 2919/3280/2812 2918/3279/2811 2911/3272/2804
f 2914/3281/2807 2913/3282/2806 2920/3283/2813 2921/3284/2814
f 2915/3276/2808 2922/3285/2815 2920/3286/2813 2913/3274/2806
f 2916/3277/2809 2923/3287/2816 2922/3285/2815 2915/3276/2808
f 2917/3278/2810 2924/3288/2817 2923/3287/2816 2916/3277/2809
f 2918/3279/2811 2925/3289/2818 2924/3288/2817 2917/3278/2810
f 2919/3280/2812 2926/3290/2819 2925/3289/2818 2918/3279/2811
f 2919/3280/2812 2927/3291/2820 2928/3292/2821 2926/3290/2819
f 2912/3273/2805 2929/3293/2822 2927/3291/2820 2919/3280/2812
f 2900/3261/2793 2930/3294/2823 2929/3293/2822 2912/3273/2805
f 2900/3261/2793 2889/3250/2782 2931/3295/2824 2930/3294/2823
f 2889/3250/2782 2872/3233/2765 2932/3296/2825 2931/3295/2824
f 2871/3232/2764 2933/3297/2826 2932/3296/2825 2872/3233/2765
f 2878/3239/2771 2934/3298/2827 2933/3297/2826 2871/3232/2764
f 2878/3239/2771 2886/3247/2779 2935/3299/2828 2934/3298/2827
f 2897/3258/2790 2898/3259/2791 2936/3300/2829 2937/3301/2830
f 2898/3259/2791 2902/3263/2795 2938/3302/2831 2936/3300/2829
f 2902/3303/2795 2907/3304/2800 2939/3305/2832 2938/3306/2831
f 2907/3304/2800 2914/3281/2807 2940/3307/2833 2939/3305/2832
f 2921/3284/2814 2941/3308/2834 2940/3307/2833 2914/3281/2807
f 2942/3309/2835 2896/3257/2789 2897/3258/2790 2937/3301/2830
f 2892/3253/2785 2943/3310/2836 2875/3236/2768 2876/3237/2769
f 2943/3310/2836 2880/3241/2773 2879/3240/2772 2875/3236/2768
f 2880/3241/2773 2943/3310/2836 2944/3311/2837 2883/3244/2776
f 2943/3310/2836 2892/3253/2785 2893/3254/2786 2944/3311/2837
f 2944/3311/2837 2945/3312/2838 2885/3246/2778 2883/3244/2776
f 2893/3254/2786 2896/3257/2789 2945/3312/2838 2944/3311/2837
f 2945/3312/2838 2946/3313/2839 2947/3314/2840 2885/3246/2778
f 2896/3257/2789 2942/3309/2835 2946/3313/2839 2945/3312/2838
f 2947/3314/2840 2948/3315/2841 2884/3245/2777 2885/3246/2778
f 2949/3316/2842 2884/3245/2777 2948/3315/2841 2950/3317/2843
f 2951/3318/2844 2949/3316/2842 2950/3317/2843 2952/3319/2845
f 2953/3320/2846 2887/3248/2780 2951/3318/2844 2952/3319/2845
f 2881/3242/2774 2951/3318/2844 2887/3248/2780 2877/3238/2770
f 2953/3320/2846 2954/3321/2847 2886/3247/2779 2887/3248/2780
f 2955/3322/2848 2956/3323/2849 2935/3299/2828 2886/3247/2779
f 2949/3316/2842 2951/3318/2844 2881/3242/2774 2882/3243/2775
f 2882/3243/2775 2884/3245/2777 2949/3316/2842
f 2921/3284/2814 2920/3283/2813 2957/3324/2850 2958/3325/2851
f 2922/3285/2815 2959/3326/2852 2957/3327/2850 2920/3286/2813
f 2923/3287/2816 2960/3328/2853 2959/3326/2852 2922/3285/2815
f 2924/3288/2817 2961/3329/2854 2960/3328/2853 2923/3287/2816
f 2925/3289/2818 2962/3330/2855 2961/3329/2854 2924/3288/2817
f 2926/3290/2819 2963/3331/2856 2962/3330/2855 2925/3289/2818
f 2928/3292/2821 2964/3332/2857 2963/3331/2856 2926/3290/2819
f 2921/3284/2814 2958/3325/2851 2965/3333/2858 2941/3308/2834
f 2957/3327/2850 2959/3326/2852 2960/3328/2853 2966/3334/2859
f 2958/3325/2851 2957/3324/2850 2966/3335/2859 2967/3336/2860
f 2968/3337/2861 2965/3333/2858 2958/3325/2851 2967/3336/2860
f 2966/3334/2859 2960/3328/2853 2961/3329/2854 2967/3338/2860
f 2969/3339/2862 2968/3337/2861 2967/3336/2860 2970/3340/2863
f 2970/3341/2863 2967/3338/2860 2961/3329/2854 2962/3330/2855
f 2971/3342/2864 2970/3341/2863 2962/3330/2855 2972/3343/2865
f 2973/3344/2866 2972/3343/2865 2962/3330/2855 2963/3331/2856
f 2974/3345/2867 2969/3339/2862 2970/3340/2863 2971/3346/2864
f 2975/3347/2868 2976/3348/2869 2969/3339/2862 2974/3345/2867
f 2977/3349/2870 2978/3350/2871 2968/3337/2861 2969/3339/2862
f 2977/3349/2870 2969/3339/2862 2976/3348/2869 2979/3351/2872
f 2979/3351/2872 2976/3348/2869 2980/3352/2873 2981/3353/2874
f 2976/3348/2869 2975/3347/2868 2982/3354/2875 2980/3352/2873
f 2980/3352/2873 2983/3355/2876 2984/3356/2877 2981/3353/2874
f 2980/3352/2873 2982/3354/2875 2985/3357/2878 2983/3355/2876
f 2965/3333/2858 2968/3337/2861 2978/3350/2871 2941/3308/2834
f 2978/3350/2871 2977/3349/2870 2986/3358/2879
f 2977/3349/2870 2979/3351/2872 2986/3358/2879
f 2979/3351/2872 2981/3353/2874 2986/3358/2879
f 2984/3356/2877 2987/3359/2880 2986/3358/2879 2981/3353/2874
f 2978/3350/2871 2986/3358/2879 2940/3307/2833 2941/3308/2834
f 2982/3354/2875 2975/3347/2868 2988/3360/2881 2989/3361/2882
f 2974/3345/2867 2990/3362/2883 2988/3360/2881 2975/3347/2868
f 2971/3346/2864 2991/3363/2884 2990/3362/2883 2974/3345/2867
f 2972/3343/2865 2992/3364/2885 2991/3365/2884 2971/3342/2864
f 2973/3344/2866 2993/3366/2886 2992/3364/2885 2972/3343/2865
f 2989/3361/2882 2988/3360/2881 2994/3367/2887 2995/3368/2888
f 2988/3360/2881 2990/3362/2883 2996/3369/2889 2994/3367/2887
f 2990/3362/2883 2991/3363/2884 2997/3370/2890 2996/3369/2889
f 2991/3365/2884 2992/3364/2885 2998/3371/2891 2997/3372/2890
f 2993/3366/2886 2999/3373/2892 2998/3371/2891 2992/3364/2885
f 2999/3373/2892 2993/3366/2886 3000/3374/2893 3001/3375/2894
f 2993/3366/2886 2973/3344/2866 3002/3376/2895 3000/3374/2893
f 2963/3331/2856 2964/3332/2857 3002/3376/2895 2973/3344/2866
f 3003/3377/2896 2997/3372/2890 2998/3371/2891 3004/3378/2897
f 3003/3377/2896 2994/3379/2887 2996/3380/2889 2997/3372/2890
f 3005/3381/2898 2998/3371/2891 2999/3373/2892 3006/3382/2899
f 3007/3383/2900 3003/3377/2896 3005/3381/2898 3006/3382/2899
f 2995/3384/2888 2994/3379/2887 3003/3377/2896 3007/3383/2900
f 3007/3383/2900 3008/3385/2901 3009/3386/2902 2995/3384/2888
f 3006/3382/2899 3010/3387/2903 3008/3385/2901 3007/3383/2900
f 3006/3382/2899 2999/3373/2892 3001/3375/2894 3010/3387/2903
f 2985/3357/2878 2982/3354/2875 2989/3361/2882 3011/3388/2904
f 3011/3388/2904 2989/3361/2882 2995/3368/2888 3009/3389/2902
f 3012/3390/2905 3013/3391/2906 3014/3392/2907 3015/3393/2908
f 3012/3390/2905 3015/3393/2908 3016/3394/2909 3017/3395/2910
f 3014/3392/2907 3018/3396/2911 3019/3397/2912 3015/3393/2908
f 3015/3393/2908 3019/3397/2912 3020/3398/2913 3016/3394/2909
f 3021/3399/2914 3020/3398/2913 3019/3397/2912 3022/3400/2915
f 3021/3399/2914 3022/3400/2915 3023/3401/2916 3024/3402/2917
f 3024/3403/2917 3023/3404/2916 3025/3405/2918 3026/3406/2919
f 3019/3397/2912 3018/3396/2911 3027/3407/2920 3028/3408/2921
f 3013/3391/2906 3012/3390/2905 3029/3409/2922 3030/3410/2923
f 3029/3409/2922 3012/3390/2905 3017/3395/2910 3031/3411/2924
f 3032/3412/2925 3031/3411/2924 3017/3395/2910 3033/3413/2926
f 3032/3412/2925 3033/3413/2926 3034/3414/2927 3035/3415/2928
f 3036/3416/2929 3035/3417/2928 3034/3418/2927 3037/3419/2930
f 3036/3416/2929 3037/3419/2930 3038/3420/2931 3039/3421/2932
f 3030/3410/2923 3029/3409/2922 3040/3422/2933 3041/3423/2934
f 3039/3421/2932 3042/3424/2935 3043/3425/2936 3036/3416/2929
f 3043/3425/2936 3044/3426/2937 3035/3417/2928 3036/3416/2929
f 3044/3427/2937 3045/3428/2938 3032/3412/2925 3035/3415/2928
f 3045/3428/2938 3046/3429/2939 3031/3411/2924 3032/3412/2925
f 3031/3411/2924 3046/3429/2939 3040/3422/2933 3029/3409/2922
f 3042/3424/2935 3047/3430/2940 3048/3431/2941 3043/3425/2936
f 3043/3432/2936 3048/3433/2941 3049/3434/2942 3044/3427/2937
f 3049/3434/2942 3050/3435/2943 3045/3428/2938 3044/3427/2937
f 3050/3435/2943 3051/3436/2944 3046/3429/2939 3045/3428/2938
f 3046/3429/2939 3051/3436/2944 3052/3437/2945 3040/3422/2933
f 3052/3437/2945 3053/3438/2946 3041/3423/2934 3040/3422/2933
f 3047/3430/2940 3054/3439/2947 3055/3440/2948 3048/3431/2941
f 3048/3433/2941 3055/3441/2948 3056/3442/2949 3049/3434/2942
f 3056/3442/2949 3057/3443/2950 3050/3435/2943 3049/3434/2942
f 3057/3443/2950 3058/3444/2951 3051/3436/2944 3050/3435/2943
f 3051/3436/2944 3058/3444/2951 3059/3445/2952 3052/3437/2945
f 3059/3445/2952 3060/3446/2953 3053/3438/2946 3052/3437/2945
f 3054/3439/2947 3061/3447/2954 3062/3448/2955 3055/3440/2948
f 3062/3449/2955 3063/3450/2956 3056/3442/2949 3055/3441/2948
f 3063/3450/2956 3064/3451/2957 3057/3443/2950 3056/3442/2949
f 3064/3451/2957 3065/3452/2958 3058/3444/2951 3057/3443/2950
f 3065/3452/2958 3066/3453/2959 3059/3445/2952 3058/3444/2951
f 3066/3453/2959 3067/3454/2960 3060/3446/2953 3059/3445/2952
f 2928/3292/2821 2927/3291/2820 3060/3446/2953 3067/3454/2960
f 2927/3291/2820 2929/3293/2822 3053/3438/2946 3060/3446/2953
f 2929/3293/2822 2930/3294/2823 3041/3423/2934 3053/3438/2946
f 3041/3423/2934 2930/3294/2823 2931/3295/2824 3030/3410/2923
f 3030/3410/2923 2931/3295/2824 2932/3296/2825 3013/3391/2906
f 2932/3296/2825 2933/3297/2826 3014/3392/2907 3013/3391/2906
f 2933/3297/2826 2934/3298/2827 3018/3396/2911 3014/3392/2907
f 3018/3396/2911 2934/3298/2827 2935/3299/2828 3027/3407/2920
f 3038/3420/2931 3068/3455/2961 3069/3456/2962 3039/3421/2932
f 3039/3421/2932 3069/3456/2962 3070/3457/2963 3042/3424/2935
f 3042/3424/2935 3070/3457/2963 3071/3458/2964 3047/3430/2940
f 3047/3430/2940 3071/3458/2964 3072/3459/2965 3054/3439/2947
f 3072/3459/2965 3073/3460/2966 3061/3447/2954 3054/3439/2947
f 3038/3420/2931 3037/3419/2930 3074/3461/2967 3068/3455/2961
f 3033/3413/2926 3017/3395/2910 3016/3394/2909 3075/3462/2968
f 3075/3462/2968 3016/3394/2909 3020/3398/2913 3021/3399/2914
f 3021/3399/2914 3024/3402/2917 3076/3463/2969 3075/3462/2968
f 3075/3462/2968 3076/3463/2969 3034/3414/2927 3033/3413/2926
f 3026/3406/2919 3077/3464/2970 3076/3465/2969 3024/3403/2917
f 3077/3464/2970 3037/3419/2930 3034/3418/2927 3076/3465/2969
f 3078/3466/2971 3079/3467/2972 3077/3464/2970 3026/3406/2919
f 3079/3467/2972 3074/3461/2967 3037/3419/2930 3077/3464/2970
f 3078/3466/2971 3026/3406/2919 3025/3405/2918 3080/3468/2973
f 3080/3468/2973 3025/3405/2918 3081/3469/2974 3082/3470/2975
f 3082/3471/2975 3081/3472/2974 3083/3473/2976 3084/3474/2977
f 3085/3475/2978 3084/3474/2977 3083/3473/2976 3028/3408/2921
f 3022/3400/2915 3019/3397/2912 3028/3408/2921 3083/3473/2976
f 3085/3475/2978 3028/3408/2921 3027/3407/2920 3086/3476/2979
f 3087/3477/2980 3027/3407/2920 2935/3299/2828 2956/3323/2849
f 3022/3400/2915 3083/3473/2976 3081/3472/2974 3023/3401/2916
f 3023/3404/2916 3081/3469/2974 3025/3405/2918
f 3061/3478/2954 3088/3479/2981 3089/3480/2982 3062/3449/2955
f 3089/3480/2982 3090/3481/2983 3063/3450/2956 3062/3449/2955
f 3090/3481/2983 3091/3482/2984 3064/3451/2957 3063/3450/2956
f 3091/3482/2984 3092/3483/2985 3065/3452/2958 3064/3451/2957
f 3092/3483/2985 3093/3484/2986 3066/3453/2959 3065/3452/2958
f 3093/3484/2986 3094/3485/2987 3067/3454/2960 3066/3453/2959
f 3094/3485/2987 2964/3332/2857 2928/3292/2821 3067/3454/2960
f 3095/3486/2988 3088/3479/2981 3061/3478/2954 3073/3487/2966
f 3091/3482/2984 3090/3481/2983 3089/3480/2982 3096/3488/2989
f 3096/3488/2989 3089/3480/2982 3088/3479/2981 3097/3489/2990
f 3098/3490/2991 3097/3489/2990 3088/3479/2981 3095/3486/2988
f 3092/3483/2985 3091/3482/2984 3096/3488/2989 3097/3489/2990
f 3097/3489/2990 3098/3490/2991 3099/3491/2992 3100/3492/2993
f 3100/3492/2993 3093/3484/2986 3092/3483/2985 3097/3489/2990
f 3093/3484/2986 3100/3492/2993 3101/3493/2994 3102/3494/2995
f 3103/3495/2996 3094/3485/2987 3093/3484/2986 3102/3494/2995
f 3100/3496/2993 3099/3497/2992 3104/3498/2997 3101/3499/2994
f 3105/3500/2998 3104/3498/2997 3099/3497/2992 3106/3501/2999
f 3107/3502/3000 3099/3491/2992 3098/3490/2991 3108/3503/3001
f 3106/3501/2999 3099/3497/2992 3107/3504/3000 3109/3505/3002
f 3109/3505/3002 3110/3506/3003 3111/3507/3004 3106/3501/2999
f 3112/3508/3005 3105/3500/2998 3106/3501/2999 3111/3507/3004
f 2984/3356/2877 2983/3355/2876 3111/3507/3004 3110/3506/3003
f 2983/3355/2876 2985/3357/2878 3112/3508/3005 3111/3507/3004
f 3108/3503/3001 3098/3490/2991 3095/3486/2988 3073/3487/2966
f 3108/3509/3001 3113/3510/3006 3107/3511/3000
f 3107/3511/3000 3113/3510/3006 3109/3512/3002
f 3109/3512/3002 3113/3510/3006 3110/3513/3003
f 3113/3514/3006 2987/3359/2880 2984/3356/2877 3110/3506/3003
f 3072/3459/2965 3113/3510/3006 3108/3509/3001 3073/3460/2966
f 3114/3515/3007 3115/3516/3008 3105/3500/2998 3112/3508/3005
f 3115/3516/3008 3116/3517/3009 3104/3498/2997 3105/3500/2998
f 3116/3517/3009 3117/3518/3010 3101/3499/2994 3104/3498/2997
f 3117/3519/3010 3118/3520/3011 3102/3494/2995 3101/3493/2994
f 3118/3520/3011 3119/3521/3012 3103/3495/2996 3102/3494/2995
f 3114/3515/3007 3120/3522/3013 3121/3523/3014 3115/3516/3008
f 3115/3516/3008 3121/3523/3014 3122/3524/3015 3116/3517/3009
f 3116/3517/3009 3122/3524/3015 3123/3525/3016 3117/3518/3010
f 3117/3519/3010 3123/3526/3016 3124/3527/3017 3118/3520/3011
f 3124/3527/3017 3125/3528/3018 3119/3521/3012 3118/3520/3011
f 3125/3528/3018 3001/3375/2894 3000/3374/2893 3119/3521/3012
f 3119/3521/3012 3000/3374/2893 3002/3376/2895 3103/3495/2996
f 3002/3376/2895 2964/3332/2857 3094/3485/2987 3103/3495/2996
f 3124/3527/3017 3123/3526/3016 3126/3529/3019 3127/3530/3020
f 3126/3529/3019 3123/3526/3016 3122/3531/3015 3121/3532/3014
f 3125/3528/3018 3124/3527/3017 3128/3533/3021 3129/3534/3022
f 3130/3535/3023 3129/3534/3022 3128/3533/3021 3126/3529/3019
f 3120/3536/3013 3130/3535/3023 3126/3529/3019 3121/3532/3014
f 3009/3386/2902 3008/3385/2901 3130/3535/3023 3120/3536/3013
f 3008/3385/2901 3010/3387/2903 3129/3534/3022 3130/3535/3023
f 3129/3534/3022 3010/3387/2903 3001/3375/2894 3125/3528/3018
f 3011/3388/2904 3114/3515/3007 3112/3508/3005 2985/3357/2878
f 3011/3388/2904 3009/3389/2902 3120/3522/3013 3114/3515/3007
f 3131/3232/2907 3132/3235/2908 3133/3234/2905 3134/3233/2906
f 3135/3236/2909 3136/3237/2910 3133/3234/2905 3132/3235/2908
f 3131/3232/2907 3137/3239/2911 3138/3238/2912 3132/3235/2908
f 3132/3235/2908 3138/3238/2912 3139/3240/2913 3135/3236/2909
f 3140/3241/2914 3139/3240/2913 3138/3238/2912 3141/3242/2915
f 3142/3243/2916 3143/3244/2917 3140/3241/2914 3141/3242/2915
f 3144/3245/2918 3145/3246/2919 3143/3244/2917 3142/3243/2916
f 3146/3247/2920 3147/3248/2921 3138/3238/2912 3137/3239/2911
f 3148/3249/2922 3149/3250/2923 3134/3233/2906 3133/3234/2905
f 3148/3249/2922 3133/3234/2905 3136/3237/2910 3150/3251/2924
f 3151/3252/2925 3150/3251/2924 3136/3237/2910 3152/3253/2926
f 3153/3254/2927 3154/3255/2928 3151/3252/2925 3152/3253/2926
f 3155/3256/2929 3154/3255/2928 3153/3254/2927 3156/3257/2930
f 3157/3258/2931 3158/3259/2932 3155/3256/2929 3156/3257/2930
f 3159/3260/2933 3160/3261/2934 3149/3250/2923 3148/3249/2922
f 3158/3259/2932 3161/3263/2935 3162/3262/2936 3155/3256/2929
f 3154/3255/2928 3155/3256/2929 3162/3262/2936 3163/3264/2937
f 3151/3252/2925 3154/3255/2928 3163/3264/2937 3164/3265/2938
f 3150/3251/2924 3151/3252/2925 3164/3265/2938 3165/3266/2939
f 3150/3251/2924 3165/3266/2939 3159/3260/2933 3148/3249/2922
f 3161/3263/2935 3166/3268/2940 3167/3267/3024 3162/3262/2936
f 3162/3262/2936 3167/3267/3024 3168/3269/2942 3163/3264/2937
f 3164/3265/2938 3163/3264/2937 3168/3269/2942 3169/3270/2943
f 3165/3266/2939 3164/3265/2938 3169/3270/2943 3170/3271/2944
f 3165/3266/2939 3170/3271/2944 3171/3272/2945 3159/3260/2933
f 3160/3261/2934 3159/3260/2933 3171/3272/2945 3172/3273/2946
f 3166/3268/2940 3173/3275/2947 3174/3274/2948 3167/3267/3024
f 3167/3267/3024 3174/3274/2948 3175/3276/2949 3168/3269/2942
f 3169/3270/2943 3168/3269/2942 3175/3276/2949 3176/3277/2950
f 3170/3271/2944 3169/3270/2943 3176/3277/2950 3177/3278/3025
f 3170/3271/2944 3177/3278/3025 3178/3279/3026 3171/3272/2945
f 3172/3273/2946 3171/3272/2945 3178/3279/3026 3179/3280/3027
f 3173/3281/2947 3180/3284/2954 3181/3283/3028 3174/3282/2948
f 3175/3276/2949 3174/3274/2948 3181/3286/3028 3182/3285/2956
f 3176/3277/2950 3175/3276/2949 3182/3285/2956 3183/3287/3029
f 3177/3278/3025 3176/3277/2950 3183/3287/3029 3184/3288/3030
f 3178/3279/3026 3177/3278/3025 3184/3288/3030 3185/3289/3031
f 3179/3280/3027 3178/3279/3026 3185/3289/3031 3186/3290/3032
f 3179/3280/3027 3186/3290/3032 3187/3292/2821 3188/3291/2820
f 3172/3273/2946 3179/3280/3027 3188/3291/2820 3189/3293/2822
f 3160/3261/2934 3172/3273/2946 3189/3293/2822 3190/3294/2823
f 3160/3261/2934 3190/3294/2823 3191/3295/2824 3149/3250/2923
f 3149/3250/2923 3191/3295/2824 3192/3296/3033 3134/3233/2906
f 3131/3232/2907 3134/3233/2906 3192/3296/3033 3193/3297/2826
f 3137/3239/2911 3131/3232/2907 3193/3297/2826 3194/3298/2827
f 3137/3239/2911 3194/3298/2827 3195/3299/2828 3146/3247/2920
f 3157/3258/2931 3196/3301/2961 3197/3300/2962 3158/3259/2932
f 3158/3259/2932 3197/3300/2962 3198/3302/2963 3161/3263/2935
f 3161/3303/2935 3198/3306/2963 3199/3305/2964 3166/3304/2940
f 3166/3304/2940 3199/3305/2964 3200/3307/2965 3173/3281/2947
f 3180/3284/2954 3173/3281/2947 3200/3307/2965 3201/3308/3034
f 3202/3309/2967 3196/3301/2961 3157/3258/2931 3156/3257/2930
f 3152/3253/2926 3136/3237/2910 3135/3236/2909 3203/3310/2968
f 3203/3310/2968 3135/3236/2909 3139/3240/2913 3140/3241/2914
f 3140/3241/2914 3143/3244/2917 3204/3311/2969 3203/3310/2968
f 3203/3310/2968 3204/3311/2969 3153/3254/2927 3152/3253/2926
f 3204/3311/2969 3143/3244/2917 3145/3246/2919 3205/3312/2970
f 3153/3254/2927 3204/3311/2969 3205/3312/2970 3156/3257/2930
f 3205/3312/2970 3145/3246/2919 3206/3314/2971 3207/3313/2972
f 3156/3257/2930 3205/3312/2970 3207/3313/2972 3202/3309/2967
f 3206/3314/2971 3145/3246/2919 3144/3245/2918 3208/3315/2973
f 3209/3316/2974 3210/3317/2975 3208/3315/2973 3144/3245/2918
f 3211/3318/2976 3212/3319/2977 3210/3317/2975 3209/3316/2974
f 3213/3320/2978 3212/3319/2977 3211/3318/2976 3147/3248/2921
f 3141/3242/2915 3138/3238/2912 3147/3248/2921 3211/3318/2976
f 3213/3320/2978 3147/3248/2921 3146/3247/2920 3214/3321/2979
f 3215/3322/2980 3146/3247/2920 3195/3299/2828 3216/3323/2849
f 3209/3316/2974 3142/3243/2916 3141/3242/2915 3211/3318/2976
f 3142/3243/2916 3209/3316/2974 3144/3245/2918
f 3180/3284/2954 3217/3325/3035 3218/3324/3036 3181/3283/3028
f 3182/3285/2956 3181/3286/3028 3218/3327/3036 3219/3326/2983
f 3183/3287/3029 3182/3285/2956 3219/3326/2983 3220/3328/3037
f 3184/3288/3030 3183/3287/3029 3220/3328/3037 3221/3329/3038
f 3185/3289/3031 3184/3288/3030 3221/3329/3038 3222/3330/3039
f 3186/3290/3032 3185/3289/3031 3222/3330/3039 3223/3331/3040
f 3187/3292/2821 3186/3290/3032 3223/3331/3040 3224/3332/3041
f 3180/3284/2954 3201/3308/3034 3225/3333/3042 3217/3325/3035
f 3218/3327/3036 3226/3334/3043 3220/3328/3037 3219/3326/2983
f 3217/3325/3035 3227/3336/3044 3226/3335/3043 3218/3324/3036
f 3228/3337/3045 3227/3336/3044 3217/3325/3035 3225/3333/3042
f 3226/3334/3043 3227/3338/3044 3221/3329/3038 3220/3328/3037
f 3229/3339/2992 3230/3340/2993 3227/3336/3044 3228/3337/3045
f 3230/3341/2993 3222/3330/3039 3221/3329/3038 3227/3338/3044
f 3231/3342/2994 3232/3343/3046 3222/3330/3039 3230/3341/2993
f 3233/3344/3047 3223/3331/3040 3222/3330/3039 3232/3343/3046
f 3234/3345/2997 3231/3346/2994 3230/3340/2993 3229/3339/2992
f 3235/3347/2998 3234/3345/2997 3229/3339/2992 3236/3348/3048
f 3237/3349/3049 3229/3339/2992 3228/3337/3045 3238/3350/3050
f 3237/3349/3049 3239/3351/3051 3236/3348/3048 3229/3339/2992
f 3239/3351/3051 3240/3353/3052 3241/3352/3053 3236/3348/3048
f 3236/3348/3048 3241/3352/3053 3242/3354/3054 3235/3347/2998
f 3241/3352/3053 3240/3353/3052 3243/3356/2877 3244/3355/2876
f 3241/3352/3053 3244/3355/2876 3245/3357/2878 3242/3354/3054
f 3225/3333/3042 3201/3308/3034 3238/3350/3050 3228/3337/3045
f 3238/3350/3050 3246/3358/3055 3237/3349/3049
f 3237/3349/3049 3246/3358/3055 3239/3351/3051
f 3239/3351/3051 3246/3358/3055 3240/3353/3052
f 3243/3356/2877 3240/3353/3052 3246/3358/3055 3247/3359/2880
f 3238/3350/3050 3201/3308/3034 3200/3307/2965 3246/3358/3055
f 3242/3354/3054 3248/3361/3056 3249/3360/3057 3235/3347/2998
f 3234/3345/2997 3235/3347/2998 3249/3360/3057 3250/3362/3009
f 3231/3346/2994 3234/3345/2997 3250/3362/3009 3251/3363/3010
f 3232/3343/3046 3231/3342/2994 3251/3365/3010 3252/3364/3058
f 3233/3344/3047 3232/3343/3046 3252/3364/3058 3253/3366/3059
f 3248/3361/3056 3254/3368/3060 3255/3367/3061 3249/3360/3057
f 3249/3360/3057 3255/3367/3061 3256/3369/3062 3250/3362/3009
f 3250/3362/3009 3256/3369/3062 3257/3370/3016 3251/3363/3010
f 3251/3365/3010 3257/3372/3016 3258/3371/3063 3252/3364/3058
f 3253/3366/3059 3252/3364/3058 3258/3371/3063 3259/3373/3064
f 3259/3373/3064 3260/3375/2894 3261/3374/2893 3253/3366/3059
f 3253/3366/3059 3261/3374/2893 3262/3376/2895 3233/3344/3047
f 3223/3331/3040 3233/3344/3047 3262/3376/2895 3224/3332/3041
f 3263/3377/3065 3264/3378/3020 3258/3371/3063 3257/3372/3016
f 3263/3377/3065 3257/3372/3016 3256/3380/3062 3255/3379/3061
f 3265/3381/3066 3266/3382/3067 3259/3373/3064 3258/3371/3063
f 3267/3383/3068 3266/3382/3067 3265/3381/3066 3263/3377/3065
f 3254/3384/3060 3267/3383/3068 3263/3377/3065 3255/3379/3061
f 3267/3383/3068 3254/3384/3060 3268/3386/2902 3269/3385/2901
f 3266/3382/3067 3267/3383/3068 3269/3385/2901 3270/3387/2903
f 3266/3382/3067 3270/3387/2903 3260/3375/2894 3259/3373/3064
f 3245/3357/2878 3271/3388/2904 3248/3361/3056 3242/3354/3054
f 3271/3388/2904 3268/3389/2902 3254/3368/3060 3248/3361/3056
f 3272/3390/2766 3273/3393/2767 3274/3392/2764 3275/3391/2765
f 3272/3390/2766 3276/3395/2769 3277/3394/2768 3273/3393/2767
f 3274/3392/2764 3273/3393/2767 3278/3397/2770 3279/3396/2771
f 3273/3393/2767 3277/3394/2768 3280/3398/2772 3278/3397/2770
f 3281/3399/2773 3282/3400/2774 3278/3397/2770 3280/3398/2772
f 3281/3399/2773 3283/3402/2776 3284/3401/2775 3282/3400/2774
f 3283/3403/2776 3285/3406/2778 3286/3405/2777 3284/3404/2775
f 3278/3397/2770 3287/3408/2780 3288/3407/2779 3279/3396/2771
f 3275/3391/2765 3289/3410/2782 3290/3409/2781 3272/3390/2766
f 3290/3409/2781 3291/3411/2783 3276/3395/2769 3272/3390/2766
f 3292/3412/2784 3293/3413/2785 3276/3395/2769 3291/3411/2783
f 3292/3412/2784 3294/3415/2787 3295/3414/2786 3293/3413/2785
f 3296/3416/2788 3297/3419/2789 3295/3418/2786 3294/3417/2787
f 3296/3416/2788 3298/3421/2791 3299/3420/2790 3297/3419/2789
f 3289/3410/2782 3300/3423/3069 3301/3422/2792 3290/3409/2781
f 3298/3421/2791 3296/3416/2788 3302/3425/2794 3303/3424/2795
f 3302/3425/2794 3296/3416/2788 3294/3417/2787 3304/3426/2796
f 3304/3427/2796 3294/3415/2787 3292/3412/2784 3305/3428/2797
f 3305/3428/2797 3292/3412/2784 3291/3411/2783 3306/3429/2798
f 3291/3411/2783 3290/3409/2781 3301/3422/2792 3306/3429/2798
f 3303/3424/2795 3302/3425/2794 3307/3431/2799 3308/3430/2800
f 3302/3432/2794 3304/3427/2796 3309/3434/2801 3307/3433/2799
f 3309/3434/2801 3304/3427/2796 3305/3428/2797 3310/3435/2802
f 3310/3435/2802 3305/3428/2797 3306/3429/2798 3311/3436/2803
f 3306/3429/2798 3301/3422/2792 3312/3437/2804 3311/3436/2803
f 3312/3437/2804 3301/3422/2792 3300/3423/3069 3313/3438/2805
f 3308/3430/2800 3307/3431/2799 3314/3440/2806 3315/3439/2807
f 3307/3433/2799 3309/3434/2801 3316/3442/2808 3314/3441/2806
f 3316/3442/2808 3309/3434/2801 3310/3435/2802 3317/3443/2809
f 3317/3443/2809 3310/3435/2802 3311/3436/2803 3318/3444/3070
f 3311/3436/2803 3312/3437/2804 3319/3445/3071 3318/3444/3070
f 3319/3445/3071 3312/3437/2804 3313/3438/2805 3320/3446/2812
f 3315/3439/2807 3314/3440/2806 3321/3448/3072 3322/3447/2814
f 3321/3449/3072 3314/3441/2806 3316/3442/2808 3323/3450/2815
f 3323/3450/2815 3316/3442/2808 3317/3443/2809 3324/3451/3073
f 3324/3451/3073 3317/3443/2809 3318/3444/3070 3325/3452/3074
f 3325/3452/3074 3318/3444/3070 3319/3445/3071 3326/3453/3075
f 3326/3453/3075 3319/3445/3071 3320/3446/2812 3327/3454/3076
f 3187/3292/2821 3327/3454/3076 3320/3446/2812 3188/3291/2820
f 3188/3291/2820 3320/3446/2812 3313/3438/2805 3189/3293/2822
f 3189/3293/2822 3313/3438/2805 3300/3423/3069 3190/3294/2823
f 3300/3423/3069 3289/3410/2782 3191/3295/2824 3190/3294/2823
f 3289/3410/2782 3275/3391/2765 3192/3296/3033 3191/3295/2824
f 3192/3296/3033 3275/3391/2765 3274/3392/2764 3193/3297/2826
f 3193/3297/2826 3274/3392/2764 3279/3396/2771 3194/3298/2827
f 3279/3396/2771 3288/3407/2779 3195/3299/2828 3194/3298/2827
f 3299/3420/2790 3298/3421/2791 3328/3456/2829 3329/3455/2830
f 3298/3421/2791 3303/3424/2795 3330/3457/2831 3328/3456/2829
f 3303/3424/2795 3308/3430/2800 3331/3458/2832 3330/3457/2831
f 3308/3430/2800 3315/3439/2807 3332/3459/2833 3331/3458/2832
f 3332/3459/2833 3315/3439/2807 3322/3447/2814 3333/3460/3077
f 3299/3420/2790 3329/3455/2830 3334/3461/2835 3297/3419/2789
f 3293/3413/2785 3335/3462/2836 3277/3394/2768 3276/3395/2769
f 3335/3462/2836 3281/3399/2773 3280/3398/2772 3277/3394/2768
f 3281/3399/2773 3335/3462/2836 3336/3463/2837 3283/3402/2776
f 3335/3462/2836 3293/3413/2785 3295/3414/2786 3336/3463/2837
f 3285/3406/2778 3283/3403/2776 3336/3465/2837 3337/3464/2838
f 3337/3464/2838 3336/3465/2837 3295/3418/2786 3297/3419/2789
f 3338/3466/2840 3285/3406/2778 3337/3464/2838 3339/3467/2839
f 3339/3467/2839 3337/3464/2838 3297/3419/2789 3334/3461/2835
f 3338/3466/2840 3340/3468/2841 3286/3405/2777 3285/3406/2778
f 3340/3468/2841 3341/3470/2843 3342/3469/2842 3286/3405/2777
f 3341/3471/2843 3343/3474/2845 3344/3473/2844 3342/3472/2842
f 3345/3475/2846 3287/3408/2780 3344/3473/2844 3343/3474/2845
f 3282/3400/2774 3344/3473/2844 3287/3408/2780 3278/3397/2770
f 3345/3475/2846 3346/3476/2847 3288/3407/2779 3287/3408/2780
f 3347/3477/2848 3216/3323/2849 3195/3299/2828 3288/3407/2779
f 3282/3400/2774 3284/3401/2775 3342/3472/2842 3344/3473/2844
f 3284/3404/2775 3286/3405/2777 3342/3469/2842
f 3322/3478/2814 3321/3449/3072 3348/3480/3078 3349/3479/3079
f 3348/3480/3078 3321/3449/3072 3323/3450/2815 3350/3481/2852
f 3350/3481/2852 3323/3450/2815 3324/3451/3073 3351/3482/3080
f 3351/3482/3080 3324/3451/3073 3325/3452/3074 3352/3483/3081
f 3352/3483/3081 3325/3452/3074 3326/3453/3075 3353/3484/3082
f 3353/3484/3082 3326/3453/3075 3327/3454/3076 3354/3485/3083
f 3354/3485/3083 3327/3454/3076 3187/3292/2821 3224/3332/3041
f 3355/3486/3084 3333/3487/3077 3322/3478/2814 3349/3479/3079
f 3351/3482/3080 3356/3488/3085 3348/3480/3078 3350/3481/2852
f 3356/3488/3085 3357/3489/3086 3349/3479/3079 3348/3480/3078
f 3358/3490/3087 3355/3486/3084 3349/3479/3079 3357/3489/3086
f 3352/3483/3081 3357/3489/3086 3356/3488/3085 3351/3482/3080
f 3357/3489/3086 3359/3492/2863 3360/3491/2862 3358/3490/3087
f 3359/3492/2863 3357/3489/3086 3352/3483/3081 3353/3484/3082
f 3353/3484/3082 3361/3494/3088 3362/3493/2864 3359/3492/2863
f 3363/3495/3089 3361/3494/3088 3353/3484/3082 3354/3485/3083
f 3359/3496/2863 3362/3499/2864 3364/3498/2867 3360/3497/2862
f 3365/3500/2868 3366/3501/3090 3360/3497/2862 3364/3498/2867
f 3367/3502/3091 3368/3503/3092 3358/3490/3087 3360/3491/2862
f 3366/3501/3090 3369/3505/3093 3367/3504/3091 3360/3497/2862
f 3369/3505/3093 3366/3501/3090 3370/3507/3094 3371/3506/3095
f 3372/3508/3096 3370/3507/3094 3366/3501/3090 3365/3500/2868
f 3243/3356/2877 3371/3506/3095 3370/3507/3094 3244/3355/2876
f 3244/3355/2876 3370/3507/3094 3372/3508/3096 3245/3357/2878
f 3368/3503/3092 3333/3487/3077 3355/3486/3084 3358/3490/3087
f 3368/3509/3092 3367/3511/3091 3373/3510/3097
f 3367/3511/3091 3369/3512/3093 3373/3510/3097
f 3369/3512/3093 3371/3513/3095 3373/3510/3097
f 3373/3514/3097 3371/3506/3095 3243/3356/2877 3247/3359/2880
f 3332/3459/2833 3333/3460/3077 3368/3509/3092 3373/3510/3097
f 3374/3515/3098 3372/3508/3096 3365/3500/2868 3375/3516/3099
f 3375/3516/3099 3365/3500/2868 3364/3498/2867 3376/3517/2883
f 3376/3517/2883 3364/3498/2867 3362/3499/2864 3377/3518/2884
f 3377/3519/2884 3362/3493/2864 3361/3494/3088 3378/3520/3100
f 3378/3520/3100 3361/3494/3088 3363/3495/3089 3379/3521/3101
f 3374/3515/3098 3375/3516/3099 3380/3523/3102 3381/3522/3103
f 3375/3516/3099 3376/3517/2883 3382/3524/2889 3380/3523/3102
f 3376/3517/2883 3377/3518/2884 3383/3525/2890 3382/3524/2889
f 3377/3519/2884 3378/3520/3100 3384/3527/3104 3383/3526/2890
f 3384/3527/3104 3378/3520/3100 3379/3521/3101 3385/3528/3105
f 3385/3528/3105 3379/3521/3101 3261/3374/2893 3260/3375/2894
f 3379/3521/3101 3363/3495/3089 3262/3376/2895 3261/3374/2893
f 3262/3376/2895 3363/3495/3089 3354/3485/3083 3224/3332/3041
f 3384/3527/3104 3386/3530/2897 3387/3529/3106 3383/3526/2890
f 3387/3529/3106 3380/3532/3102 3382/3531/2889 3383/3526/2890
f 3385/3528/3105 3388/3534/3107 3389/3533/3108 3384/3527/3104
f 3390/3535/3109 3387/3529/3106 3389/3533/3108 3388/3534/3107
f 3381/3536/3103 3380/3532/3102 3387/3529/3106 3390/3535/3109
f 3268/3386/2902 3381/3536/3103 3390/3535/3109 3269/3385/2901
f 3269/3385/2901 3390/3535/3109 3388/3534/3107 3270/3387/2903
f 3388/3534/3107 3385/3528/3105 3260/3375/2894 3270/3387/2903
f 3271/3388/2904 3245/3357/2878 3372/3508/3096 3374/3515/3098
f 3271/3388/2904 3374/3515/3098 3381/3522/3103 3268/3389/2902
f 3391/3537/3110 3392/3538/3110 3393/3539/3110 3394/3540/3110
f 3395/3537/905 3396/3538/905 3397/3539/905 3398/3540/905
o LowGlass
v 36.615021 126.030807 52.622852
v 37.112320 109.220909 59.962505
v 69.821861 111.402802 59.287586
v 81.669289 127.278900 52.162350
v 164.883408 124.066200 46.981510
v 167.566513 121.987503 49.130913
v 168.840103 122.460403 44.266895
v 164.265915 125.704506 43.178982
v 144.269394 123.154808 54.212963
v 140.158401 125.528107 53.085987
v 144.298004 112.948311 57.764355
v 151.905899 115.391014 57.510925
v -36.316269 90.400871 58.335346
v -30.526220 94.800056 56.509686
v -32.206799 95.320488 51.926060
v -38.608334 90.405746 54.296154
v 96.143768 127.307114 52.182228
v 94.330528 108.894501 60.272297
v 127.730301 108.328110 59.293293
v 130.277405 127.067017 52.222542
v 92.468254 86.290199 67.780617
v 124.782707 86.643036 67.475700
v 126.608902 100.078613 62.406040
v 147.042709 104.607506 60.866253
v 163.529800 101.786613 62.756420
v 152.872299 86.892143 67.454521
v 149.837997 96.113007 64.025337
v 169.063797 86.884552 67.637573
v 169.013901 93.110107 65.753273
v 70.881844 98.990089 63.601135
v 66.093292 106.128708 61.248375
v 37.335880 101.821411 62.737339
v 12.245840 91.966614 65.843643
v 84.889000 108.944000 60.275181
v 89.357033 127.301010 52.173409
v 28.035902 125.143806 53.120609
v 24.134251 118.858505 56.292870
v 17.131571 106.829712 60.771534
v 12.007360 98.027649 64.048782
v -16.955730 89.917809 66.551453
v -21.658560 84.776077 67.766457
v -6.174510 84.731499 68.124184
v 79.374123 86.329948 67.773643
v 23.703711 123.853905 53.837852
v 17.613371 119.922714 55.865452
v -0.537540 105.028511 61.936260
v -12.551600 94.349159 65.320389
v -33.211922 91.047867 61.004162
v -28.133139 93.871307 61.701214
v -43.258312 90.915619 33.090313
v -42.168240 90.685844 40.417652
v -34.167740 96.208702 39.632912
v -35.319721 96.547462 30.818502
v -45.558403 91.875816 -2.108417
v -44.276810 91.240059 24.177753
v -35.701420 97.112640 23.123724
v -36.513611 97.754753 -2.108418
v 13.260539 126.939903 46.557178
v 14.202150 128.186508 42.334839
v 8.599720 124.423401 44.093674
v 10.570681 124.470703 49.594551
v 13.760539 128.678406 34.894939
v 7.108280 124.528008 35.567600
v 12.487010 129.240799 17.199810
v 5.235010 124.683708 18.089130
v 12.092210 129.566513 -2.105320
v 7.393690 126.610001 -2.108420
v 4.671020 124.896706 -2.108420
v -9.815150 111.191299 49.955853
v -7.356970 110.115913 56.594585
v -11.110150 111.458611 44.074043
v -12.147580 111.623207 37.481724
v -14.127940 111.550308 24.750662
v -14.367889 111.729507 20.500044
v -15.469729 111.827003 -2.108418
v -24.603231 99.795441 54.674400
v -21.829250 98.268883 61.066296
v -25.960112 100.327301 49.601933
v -27.390640 101.070396 38.977913
v -28.415480 101.550705 28.835583
v -29.013321 101.777802 22.301344
v -29.374161 102.594994 -2.108418
v 165.502914 126.723099 34.510468
v 171.172409 122.918007 33.766693
v 207.013901 90.807220 61.586430
v 210.795410 90.892410 54.744293
v 190.225815 106.994202 49.617973
v 187.892303 106.542114 56.487011
v 215.258408 91.487122 27.743252
v 193.982300 107.440910 30.754042
v 216.009918 91.606407 15.035574
v 194.512909 107.649597 23.555662
v 216.184311 91.659088 -2.108417
v 194.923401 108.123207 -2.108418
v 178.715012 113.552704 53.492664
v 179.816299 114.700096 47.011951
v 182.815903 115.236305 32.261192
v 183.132996 115.448402 27.922562
v 184.438507 115.646706 -2.108419
v 172.536804 123.793205 -2.108419
v 167.043396 127.233902 -2.108420
v 69.821861 111.402786 -63.504398
v 37.112320 109.220894 -64.179329
v 36.615021 126.030792 -56.839680
v 81.669289 127.278885 -56.379181
v 168.840103 122.460403 -48.483727
v 167.566513 121.987495 -53.347736
v 164.883408 124.066193 -51.198338
v 164.265915 125.704506 -47.395809
v 144.298004 112.948296 -61.981178
v 140.158401 125.528091 -57.302811
v 144.269394 123.154793 -58.429798
v 151.905899 115.390999 -61.727760
v -32.206799 95.320473 -56.142887
v -30.526220 94.800041 -60.726509
v -36.316269 90.400856 -62.552181
v -38.608334 90.405731 -58.512989
v 127.730301 108.328094 -63.510117
v 94.330528 108.894485 -64.489120
v 96.143768 127.307098 -56.399059
v 130.277405 127.067001 -56.439373
v 126.608902 100.078598 -66.622864
v 124.782707 86.643021 -71.692528
v 92.468254 86.290184 -71.997429
v 147.042709 104.607491 -65.083076
v 163.529800 101.786598 -66.973259
v 149.837997 96.112991 -68.242157
v 152.872299 86.892128 -71.671349
v 169.013901 93.110092 -69.970100
v 169.063797 86.884537 -71.854401
v 37.335880 101.821396 -66.954178
v 66.093292 106.128693 -65.465202
v 70.881844 98.990074 -67.817947
v 12.245840 91.966599 -70.060471
v 84.889000 108.943985 -64.492004
v 89.357033 127.300995 -56.390240
v 24.134251 118.858490 -60.509708
v 28.035902 125.143791 -57.337440
v 17.131571 106.829697 -64.988358
v 12.007360 98.027634 -68.265625
v -16.955730 89.917793 -70.768288
v -6.174510 84.731483 -72.341003
v -21.658560 84.776062 -71.983276
v 79.374123 86.329933 -71.990456
v 17.613371 119.922699 -60.082291
v 23.703711 123.853889 -58.054691
v -0.537540 105.028496 -66.153099
v -12.551600 94.349144 -69.537201
v -28.133139 93.871292 -65.918037
v -33.211922 91.047852 -65.220985
v -34.167740 96.208702 -43.849739
v -42.168240 90.685844 -44.634487
v -43.258312 90.915619 -37.307137
v -35.319721 96.547462 -35.035328
v -35.701420 97.112640 -27.340557
v -44.276810 91.240059 -28.394579
v 8.599720 124.423401 -48.310497
v 14.202150 128.186508 -46.551682
v 13.260539 126.939896 -50.774010
v 10.570681 124.470695 -53.811386
v 7.108280 124.528008 -39.784439
v 13.760539 128.678406 -39.111774
v 5.235010 124.683708 -22.305969
v 12.487010 129.240799 -21.416649
v 12.092210 129.566513 -2.111510
v -9.815150 111.191292 -54.172676
v -7.356970 110.115898 -60.811417
v -11.110150 111.458611 -48.290867
v -12.147580 111.623207 -41.698551
v -14.127940 111.550308 -28.967497
v -14.367889 111.729507 -24.716867
v -24.603231 99.795425 -58.891224
v -21.829250 98.268867 -65.283119
v -25.960112 100.327293 -53.818760
v -27.390640 101.070396 -43.194736
v -28.415480 101.550705 -33.052406
v -29.013321 101.777802 -26.518179
v 165.502914 126.723099 -38.727303
v 171.172409 122.918007 -37.983521
v 190.225815 106.994194 -53.834797
v 210.795410 90.892395 -58.961117
v 207.013901 90.807205 -65.803253
v 187.892303 106.542099 -60.703842
v 193.982300 107.440910 -34.970867
v 215.258408 91.487122 -31.960089
v 194.512909 107.649597 -27.772499
v 216.009918 91.606407 -19.252409
v 178.715012 113.552689 -57.709488
v 179.816299 114.700089 -51.228779
v 182.815903 115.236305 -36.478031
v 183.132996 115.448402 -32.139389
v 36.680302 132.704803 34.695190
v 40.236610 132.793106 36.637939
v 40.613590 133.176697 30.531000
v 35.068909 132.972504 30.459772
v 34.716549 133.928513 15.832250
v 40.488018 134.159592 15.533279
v 34.874752 134.324997 -2.108420
v 39.916424 134.511505 -2.108420
v 79.795341 134.331100 36.392807
v 79.901329 134.623703 31.035721
v 79.283569 135.713104 13.523659
v 78.866776 135.952805 -2.108420
v 84.208763 134.558899 34.549332
v 86.019127 134.848999 31.114309
v 86.676659 136.009094 13.140700
v 86.600456 136.238998 -2.108420
v 40.613590 133.176697 -34.747833
v 40.236610 132.793106 -40.854774
v 36.680302 132.704803 -38.912022
v 35.068909 132.972504 -34.676601
v 34.716549 133.928513 -20.049080
v 40.488018 134.159592 -19.750120
v 79.901329 134.623703 -35.252552
v 79.795341 134.331100 -40.609642
v 79.283569 135.713104 -17.740501
v 86.019127 134.848999 -35.331154
v 84.208763 134.558899 -38.766163
v 86.676659 136.009094 -17.357529
v -148.439102 69.286438 52.332893
v -148.996399 68.658875 52.696297
v -148.361908 69.015152 58.923477
v -147.737000 69.680634 59.222801
v -147.744614 67.287605 61.736435
v -147.054001 67.769249 62.335136
v -147.748001 65.195801 63.215111
v -147.057800 65.454834 63.971165
v -147.751801 63.169323 63.873070
v -147.061996 63.212681 64.699142
v -147.636307 60.700321 63.944057
v -146.934204 60.480896 64.777695
v -147.722397 58.082127 63.014091
v -147.029404 57.584061 63.748745
v -147.732407 56.479691 61.837559
v -147.040512 55.811108 62.447018
v -147.832397 55.046307 59.951035
v -147.151291 54.225159 60.359718
v -148.403793 54.122074 56.532059
v -147.783401 53.202576 56.576866
v -148.668610 55.268265 52.243324
v -148.076401 54.470734 51.831730
v -148.676498 57.167694 50.131226
v -148.085098 56.572311 49.494835
v -148.822800 59.236137 49.017448
v -148.246994 58.860893 48.262520
v -148.879898 61.006927 48.620338
v -148.310104 60.820122 47.823147
v -148.844803 62.806015 48.633259
v -148.271408 62.810703 47.837437
v -149.160507 64.891556 49.215645
v -148.620712 65.118187 48.481808
v -148.953003 66.681961 50.302048
v -148.391098 67.099144 49.683826
v -149.049500 56.594463 45.583576
v -149.860214 57.369934 44.790768
v -149.986099 55.505005 42.663818
v -149.196106 54.422794 43.106789
v -150.176697 54.514507 38.852325
v -149.418106 53.269402 38.668396
v -150.703903 55.669456 35.106647
v -150.031906 54.614292 34.306648
v -150.755203 57.519634 33.125755
v -150.091705 56.768784 31.999949
v -151.090500 61.332706 31.785875
v -150.482101 61.209007 30.439688
v -151.208115 64.519241 32.315926
v -150.619110 64.919647 31.056925
v -151.139008 66.500092 33.531258
v -150.538498 67.226303 32.472157
v -150.877914 68.369522 35.993599
v -150.234604 69.403198 35.339485
v -150.381104 68.907784 39.919758
v -149.656006 70.029999 39.911400
v -149.837814 67.895180 42.890739
v -149.023300 68.850853 43.371025
v -149.678604 66.257774 44.715027
v -148.837906 66.944122 45.495377
v -149.598206 64.673828 45.659058
v -148.744308 65.099686 46.594666
v -149.608994 62.141613 46.258354
v -148.756897 62.150986 47.292557
v -149.656601 60.665619 46.200417
v -148.812408 60.432205 47.225075
v -149.680008 59.013870 45.720695
v -148.839600 58.508774 46.666458
v -149.491699 66.723610 53.614220
v -149.027695 66.984100 58.167427
v -148.576294 65.720978 60.224209
v -148.578796 64.191475 61.305386
v -148.581604 62.709763 61.786465
v -148.497208 60.904465 61.838371
v -148.560104 58.990086 61.158394
v -148.567398 57.818424 60.298134
v -148.640610 56.770367 58.918758
v -149.058304 56.094585 56.418869
v -149.251999 56.932648 53.283016
v -149.257706 58.321476 51.738701
v -149.364700 59.833874 50.924316
v -149.406403 61.128643 50.633949
v -149.380798 62.444115 50.643410
v -149.611694 63.969025 51.069237
v -149.459900 65.278137 51.863590
v -149.273300 61.459747 56.110958
v -150.883804 58.794853 43.284065
v -150.970306 57.512882 41.821968
v -151.101410 56.831993 39.201885
v -151.463791 57.625927 36.627048
v -151.499100 58.897778 35.265358
v -151.729507 61.518932 34.344296
v -151.810303 63.709393 34.708668
v -151.762802 65.071060 35.544106
v -151.583405 66.356140 37.236759
v -151.241806 66.726151 39.935646
v -150.868393 66.030075 41.977959
v -150.758896 64.904495 43.231998
v -150.703705 63.815674 43.880936
v -150.711105 62.074993 44.292908
v -150.743805 61.060364 44.253067
v -150.759903 59.924938 43.923317
v -151.162003 61.928478 39.475334
v -157.975510 38.831253 49.601429
v -157.900101 39.457977 49.890968
v -158.428009 39.478897 48.067940
v -158.534103 38.856186 47.672585
v -158.461212 44.544052 47.996716
v -158.569199 44.893776 47.597218
v -157.790604 44.936646 49.362988
v -157.859711 45.361736 49.042809
v -157.174698 44.898285 52.416996
v -157.207993 45.316006 52.274101
v -155.990097 44.886204 57.351799
v -155.954605 45.301617 57.495358
v -155.318298 44.920555 60.047714
v -155.243896 45.342556 60.347771
v -154.677002 44.852295 62.554680
v -154.565292 45.261196 63.000259
v -154.500900 39.472694 62.576176
v -154.379013 38.848797 63.023018
v -155.711105 39.450405 58.651363
v -155.659500 38.822224 58.870388
v -156.664597 39.455872 54.750923
v -156.668304 38.828747 54.743496
v -150.061401 26.444145 49.652367
v -151.477402 34.640816 53.456844
v -152.350311 34.619446 49.744007
v -145.443298 26.417007 67.431343
v -147.219498 34.532124 67.594101
v -147.942108 34.553295 65.774544
v -150.125107 34.612495 58.705177
v -148.439102 69.286423 -56.549713
v -147.737000 69.680618 -63.439617
v -148.361908 69.015137 -63.140305
v -148.996399 68.658859 -56.913116
v -147.054001 67.769234 -66.551956
v -147.744614 67.287590 -65.953270
v -147.057800 65.454819 -68.187988
v -147.748001 65.195786 -67.431938
v -147.061996 63.212673 -68.915970
v -147.751801 63.169315 -68.089890
v -146.934204 60.480888 -68.994522
v -147.636307 60.700314 -68.160881
v -147.029404 57.584053 -67.965569
v -147.722397 58.082119 -67.230911
v -147.040512 55.811100 -66.663849
v -147.732407 56.479683 -66.054382
v -147.151291 54.225151 -64.576538
v -147.832397 55.046299 -64.167862
v -147.783401 53.202568 -60.793686
v -148.403793 54.122066 -60.748875
v -148.076401 54.470726 -56.048546
v -148.668610 55.268257 -56.460144
v -148.085098 56.572304 -53.711655
v -148.676498 57.167686 -54.348057
v -148.246994 58.860886 -52.479332
v -148.822800 59.236130 -53.234276
v -148.310104 60.820114 -52.039963
v -148.879898 61.006920 -52.837158
v -148.271408 62.810696 -52.054253
v -148.844803 62.806007 -52.850071
v -148.620712 65.118179 -52.698639
v -149.160507 64.891548 -53.432465
v -148.391098 67.099136 -53.900650
v -148.953003 66.681953 -54.518864
v -149.049500 56.594456 -49.800396
v -149.196106 54.422787 -47.323605
v -149.986099 55.504997 -46.880634
v -149.860214 57.369926 -49.007595
v -149.418106 53.269394 -42.885216
v -150.176697 54.514500 -43.069145
v -150.031906 54.614285 -38.523464
v -150.703903 55.669449 -39.323463
v -150.091705 56.768776 -36.216766
v -150.755203 57.519627 -37.342575
v -150.482101 61.209000 -34.656506
v -151.090500 61.332699 -36.002693
v -150.619110 64.919647 -35.273743
v -151.208115 64.519241 -36.532745
v -150.538498 67.226303 -36.688976
v -151.139008 66.500092 -37.748077
v -150.234604 69.403198 -39.556305
v -150.877914 68.369522 -40.210423
v -149.656006 70.029999 -44.128216
v -150.381104 68.907784 -44.136585
v -149.023300 68.850853 -47.587845
v -149.837814 67.895180 -47.107555
v -148.837906 66.944122 -49.712193
v -149.678604 66.257774 -48.931843
v -148.744308 65.099678 -50.811485
v -149.598206 64.673828 -49.875885
v -148.756897 62.150978 -51.509384
v -149.608994 62.141605 -50.475185
v -148.812408 60.432198 -51.441895
v -149.656601 60.665611 -50.417236
v -148.839600 58.508766 -50.883274
v -149.680008 59.013863 -49.937527
v -149.027695 66.984085 -62.384247
v -149.491699 66.723595 -57.831036
v -148.576294 65.720963 -64.441032
v -148.578796 64.191460 -65.522209
v -148.581604 62.709755 -66.003288
v -148.497208 60.904457 -66.055191
v -148.560104 58.990078 -65.375214
v -148.567398 57.818417 -64.514954
v -148.640610 56.770359 -63.135574
v -149.058304 56.094578 -60.635685
v -149.251999 56.932640 -57.499847
v -149.257706 58.321468 -55.955517
v -149.364700 59.833866 -55.141144
v -149.406403 61.128635 -54.850773
v -149.380798 62.444107 -54.860222
v -149.611694 63.969017 -55.286064
v -149.459900 65.278122 -56.080406
v -149.273300 61.459740 -60.327763
v -150.970306 57.512875 -46.038784
v -150.883804 58.794846 -47.500896
v -151.101410 56.831985 -43.418705
v -151.463791 57.625919 -40.843864
v -151.499100 58.897770 -39.482174
v -151.729507 61.518925 -38.561115
v -151.810303 63.709385 -38.925495
v -151.762802 65.071060 -39.760925
v -151.583405 66.356140 -41.453575
v -151.241806 66.726151 -44.152473
v -150.868393 66.030075 -46.194775
v -150.758896 64.904495 -47.448822
v -150.703705 63.815666 -48.097755
v -150.711105 62.074986 -48.509735
v -150.743805 61.060356 -48.469894
v -150.759903 59.924931 -48.140137
v -151.162003 61.928471 -43.692154
v -157.975510 38.831245 -53.818253
v -158.534103 38.856178 -51.889404
v -158.428009 39.478889 -52.284763
v -157.900101 39.457970 -54.107788
v -158.569199 44.893768 -51.814037
v -158.461212 44.544044 -52.213535
v -157.859711 45.361729 -53.259636
v -157.790604 44.936638 -53.579815
v -157.207993 45.315998 -56.490921
v -157.174698 44.898277 -56.633812
v -155.954605 45.301609 -61.712173
v -155.990097 44.886196 -61.568615
v -155.243896 45.342548 -64.564590
v -155.318298 44.920547 -64.264534
v -154.565292 45.261189 -67.217079
v -154.677002 44.852287 -66.771477
v -154.379013 38.848789 -67.239830
v -154.500900 39.472687 -66.792992
v -155.659500 38.822216 -63.087193
v -155.711105 39.450397 -62.868195
v -156.668304 38.828739 -58.960312
v -156.664597 39.455864 -58.967747
v -150.061401 26.444138 -53.869194
v -152.350311 34.619438 -53.960827
v -151.477402 34.640808 -57.673660
v -145.443298 26.416996 -71.648155
v -147.942108 34.553288 -69.991356
v -147.219498 34.532116 -71.810905
v -150.125107 34.612488 -62.922001
v 247.395615 73.144936 72.710594
v 248.015091 72.153954 72.710594
v 249.007690 72.801918 72.080574
v 249.007797 73.897972 72.080574
v 250.951004 72.787598 71.127823
v 250.951096 73.881325 71.127831
v 252.346603 72.811157 69.240189
v 252.346710 73.908707 69.240189
v 253.822998 72.734398 54.617184
v 253.823105 73.819496 54.617184
v 255.115219 72.760681 34.532978
v 255.115219 73.850044 34.532978
v 255.546906 72.726158 25.860664
v 255.546997 73.809929 25.860676
v 253.983200 71.184387 26.015415
v 252.654495 72.018211 26.015415
v 254.832016 59.525085 26.218767
v 254.319611 58.173035 26.218777
v 255.452103 59.425682 26.240475
v 255.452194 58.353104 26.240475
v 255.190414 59.395458 35.375046
v 255.190414 58.317986 35.375046
v 254.172897 59.389103 58.403305
v 254.172897 58.310608 58.403305
v 253.442795 59.399193 67.862961
v 253.442795 58.322327 67.862976
v 252.468002 59.382675 71.213181
v 252.468002 58.303123 71.213196
v 249.532700 59.467716 73.153313
v 249.532791 58.401951 73.153328
v 248.013107 60.093304 73.898102
v 247.210312 59.128971 73.898125
v 247.271606 61.164494 74.108826
v 246.314804 60.373825 74.108826
v 247.482407 70.117859 73.298569
v 246.634018 70.778755 73.298584
v 249.122803 69.878860 72.315735
v 252.572708 70.044273 68.956070
v 253.191406 62.474407 68.178734
v 251.268799 69.979950 71.145691
v 249.425705 62.186741 72.934563
v 252.093994 62.687462 71.192131
v 247.395615 73.144920 -76.927422
v 249.007797 73.897957 -76.297409
v 249.007690 72.801903 -76.297409
v 248.015091 72.153938 -76.927422
v 250.951096 73.881310 -75.344658
v 250.951004 72.787582 -75.344650
v 252.346710 73.908691 -73.457024
v 252.346603 72.811142 -73.457024
v 253.823105 73.819481 -58.834007
v 253.822998 72.734383 -58.834007
v 255.115219 73.850044 -38.749802
v 255.115219 72.760681 -38.749794
v 255.546997 73.809929 -30.077496
v 255.546906 72.726158 -30.077488
v 252.654495 72.018211 -30.232235
v 253.983200 71.184387 -30.232235
v 254.319611 58.173027 -30.435595
v 254.832016 59.525078 -30.435595
v 255.452194 58.353096 -30.457294
v 255.452103 59.425674 -30.457294
v 255.190414 58.317978 -39.591873
v 255.190414 59.395451 -39.591866
v 254.172897 58.310600 -62.620121
v 254.172897 59.389095 -62.620121
v 253.442795 58.322319 -72.079803
v 253.442795 59.399185 -72.079788
v 252.468002 58.303116 -75.430008
v 252.468002 59.382668 -75.430008
v 249.532791 58.401939 -77.370148
v 249.532700 59.467705 -77.370140
v 247.210312 59.128960 -78.114952
v 248.013107 60.093292 -78.114929
v 246.314804 60.373814 -78.325653
v 247.271606 61.164482 -78.325638
v 246.634018 70.778740 -77.515411
v 247.482407 70.117844 -77.515396
v 249.122803 69.878845 -76.532570
v 253.191406 62.474400 -72.395561
v 252.572708 70.044258 -73.172897
v 251.268799 69.979935 -75.362518
v 249.425705 62.186729 -77.151390
v 252.093994 62.687454 -75.408958
vn 0.0048 0.4003 0.9164
vn 0.0010 0.3700 0.9290
vn -0.0039 0.3840 0.9233
vn -0.0024 0.4109 0.9117
vn 0.4224 0.8553 0.2999
vn 0.5149 0.8297 0.2155
vn 0.5368 0.8226 0.1875
vn 0.5321 0.8204 0.2094
vn -0.0628 0.3372 0.9393
vn -0.0395 0.3369 0.9407
vn -0.0416 0.3362 0.9409
vn -0.0697 0.3154 0.9464
vn -0.5056 0.7998 0.3235
vn -0.5245 0.7845 0.3308
vn -0.5509 0.8058 0.2172
vn -0.5392 0.8113 0.2260
vn 0.0017 0.4021 0.9156
vn 0.0289 0.3576 0.9334
vn 0.0117 0.3510 0.9363
vn -0.0127 0.3545 0.9350
vn 0.0055 0.3148 0.9491
vn 0.0016 0.3528 0.9357
vn 0.0143 0.3513 0.9362
vn -0.0304 0.3396 0.9401
vn -0.0582 0.2984 0.9527
vn -0.0072 0.3465 0.9380
vn -0.0189 0.3430 0.9391
vn -0.0107 0.2896 0.9571
vn -0.0400 0.2943 0.9549
vn 0.0005 0.3133 0.9496
vn 0.0083 0.3330 0.9429
vn 0.0015 0.3178 0.9482
vn 0.0027 0.2922 0.9564
vn 0.0012 0.3638 0.9315
vn -0.0025 0.4043 0.9146
vn 0.0084 0.4464 0.8948
vn 0.0182 0.3991 0.9167
vn 0.0120 0.3428 0.9393
vn 0.0073 0.2325 0.9726
vn -0.0217 0.2486 0.9684
vn -0.0184 0.3429 0.9392
vn -0.0002 0.3129 0.9498
vn 0.0201 0.4336 0.9009
vn 0.0041 0.3941 0.9191
vn 0.0346 0.2811 0.9591
vn 0.0103 0.2647 0.9643
vn -0.4889 0.7861 0.3781
vn -0.4993 0.7833 0.3703
vn -0.5561 0.8249 0.1017
vn -0.5543 0.8218 0.1322
vn -0.5626 0.8169 0.1268
vn -0.5614 0.8219 0.0965
vn -0.5450 0.8385 -0.0000
vn -0.5576 0.8270 0.0712
vn -0.5621 0.8246 0.0637
vn -0.5530 0.8332 -0.0000
vn -0.6129 0.7844 0.0949
vn -0.5322 0.8404 0.1029
vn -0.5346 0.8330 0.1429
vn -0.5553 0.8092 0.1920
vn -0.5223 0.8494 0.0755
vn -0.5355 0.8403 0.0844
vn -0.5277 0.8483 0.0440
vn -0.5375 0.8421 0.0444
vn -0.5324 0.8461 0.0252
vn -0.5326 0.8463 -0.0001
vn -0.5387 0.8425 -0.0000
vn -0.5300 0.8138 0.2384
vn -0.5258 0.7872 0.3222
vn -0.5493 0.8250 0.1330
vn -0.5540 0.8271 0.0946
vn -0.5503 0.8317 0.0734
vn -0.5519 0.8325 0.0485
vn -0.5489 0.8359 -0.0000
vn -0.5328 0.7842 0.3181
vn -0.5000 0.7679 0.4004
vn -0.5596 0.8085 0.1820
vn -0.5648 0.8173 0.1144
vn -0.5611 0.8231 0.0878
vn -0.5614 0.8255 0.0579
vn -0.5571 0.8304 -0.0000
vn 0.5639 0.8182 0.1120
vn 0.5583 0.8233 0.1026
vn 0.5517 0.7724 0.3146
vn 0.5701 0.7947 0.2084
vn 0.5653 0.8034 0.1872
vn 0.5580 0.7938 0.2418
vn 0.6050 0.7926 0.0757
vn 0.5929 0.7988 0.1021
vn 0.6036 0.7970 0.0223
vn 0.5932 0.8038 0.0459
vn 0.6123 0.7907 -0.0000
vn 0.5977 0.8017 -0.0000
vn 0.5347 0.8118 0.2346
vn 0.5439 0.8176 0.1888
vn 0.5686 0.8148 0.1135
vn 0.5632 0.8245 0.0549
vn 0.5741 0.8188 -0.0000
vn 0.5481 0.8364 -0.0000
vn 0.5308 0.8475 -0.0000
vn -0.0039 0.3840 -0.9233
vn 0.0010 0.3700 -0.9290
vn 0.0048 0.4003 -0.9164
vn -0.0024 0.4109 -0.9117
vn 0.5368 0.8226 -0.1875
vn 0.5149 0.8297 -0.2155
vn 0.4224 0.8553 -0.2999
vn 0.5321 0.8204 -0.2094
vn -0.0416 0.3362 -0.9409
vn -0.0395 0.3369 -0.9407
vn -0.0628 0.3372 -0.9393
vn -0.0698 0.3154 -0.9464
vn -0.5509 0.8058 -0.2172
vn -0.5245 0.7845 -0.3308
vn -0.5056 0.7998 -0.3235
vn -0.5392 0.8113 -0.2260
vn 0.0117 0.3510 -0.9363
vn 0.0289 0.3576 -0.9334
vn 0.0017 0.4021 -0.9156
vn -0.0127 0.3545 -0.9350
vn 0.0143 0.3513 -0.9362
vn 0.0016 0.3528 -0.9357
vn 0.0055 0.3148 -0.9491
vn -0.0304 0.3396 -0.9401
vn -0.0582 0.2984 -0.9527
vn -0.0189 0.3430 -0.9391
vn -0.0072 0.3465 -0.9380
vn -0.0400 0.2943 -0.9549
vn -0.0107 0.2896 -0.9571
vn 0.0015 0.3178 -0.9482
vn 0.0083 0.3330 -0.9429
vn 0.0005 0.3133 -0.9496
vn 0.0027 0.2922 -0.9564
vn 0.0012 0.3638 -0.9315
vn -0.0025 0.4043 -0.9146
vn 0.0182 0.3991 -0.9167
vn 0.0084 0.4464 -0.8948
vn 0.0120 0.3428 -0.9393
vn 0.0073 0.2325 -0.9726
vn -0.0184 0.3429 -0.9392
vn -0.0217 0.2486 -0.9684
vn -0.0002 0.3129 -0.9498
vn 0.0041 0.3941 -0.9191
vn 0.0201 0.4336 -0.9009
vn 0.0346 0.2811 -0.9591
vn 0.0103 0.2647 -0.9643
vn -0.4993 0.7833 -0.3703
vn -0.4889 0.7861 -0.3781
vn -0.5626 0.8169 -0.1268
vn -0.5543 0.8218 -0.1322
vn -0.5561 0.8249 -0.1017
vn -0.5614 0.8219 -0.0965
vn -0.5621 0.8246 -0.0637
vn -0.5576 0.8270 -0.0712
vn -0.5346 0.8330 -0.1429
vn -0.5322 0.8404 -0.1029
vn -0.6129 0.7844 -0.0949
vn -0.5553 0.8092 -0.1920
vn -0.5355 0.8403 -0.0844
vn -0.5223 0.8494 -0.0755
vn -0.5375 0.8421 -0.0444
vn -0.5277 0.8483 -0.0440
vn -0.5324 0.8461 -0.0252
vn -0.5300 0.8138 -0.2384
vn -0.5258 0.7872 -0.3222
vn -0.5493 0.8250 -0.1330
vn -0.5540 0.8271 -0.0946
vn -0.5503 0.8317 -0.0734
vn -0.5519 0.8325 -0.0484
vn -0.5328 0.7842 -0.3181
vn -0.5000 0.7679 -0.4004
vn -0.5597 0.8085 -0.1820
vn -0.5648 0.8173 -0.1144
vn -0.5611 0.8231 -0.0878
vn -0.5614 0.8255 -0.0579
vn 0.5639 0.8182 -0.1120
vn 0.5583 0.8233 -0.1026
vn 0.5653 0.8034 -0.1872
vn 0.5701 0.7947 -0.2084
vn 0.5517 0.7724 -0.3146
vn 0.5580 0.7938 -0.2418
vn 0.5929 0.7988 -0.1021
vn 0.6050 0.7926 -0.0757
vn 0.5932 0.8038 -0.0459
vn 0.6036 0.7970 -0.0223
vn 0.5347 0.8118 -0.2346
vn 0.5439 0.8176 -0.1888
vn 0.5686 0.8148 -0.1135
vn 0.5632 0.8245 -0.0549
vn -0.0744 0.9931 0.0911
vn -0.0464 0.9971 0.0598
vn -0.0375 0.9973 0.0630
vn -0.0376 0.9968 0.0709
vn -0.0378 0.9983 0.0447
vn -0.0377 0.9984 0.0433
vn -0.0370 0.9993 -0.0000
vn -0.0371 0.9993 -0.0000
vn -0.0345 0.9980 0.0538
vn -0.0375 0.9976 0.0586
vn -0.0379 0.9985 0.0399
vn -0.0209 0.9971 0.0732
vn -0.0375 0.9973 0.0636
vn -0.0380 0.9986 0.0381
vn -0.0375 0.9973 -0.0630
vn -0.0464 0.9971 -0.0598
vn -0.0744 0.9931 -0.0911
vn -0.0376 0.9968 -0.0709
vn -0.0378 0.9983 -0.0447
vn -0.0377 0.9984 -0.0433
vn -0.0375 0.9976 -0.0586
vn -0.0345 0.9980 -0.0538
vn -0.0379 0.9985 -0.0399
vn -0.0375 0.9973 -0.0636
vn -0.0209 0.9971 -0.0732
vn -0.0380 0.9986 -0.0381
vn -0.7875 0.5822 -0.2022
vn -0.8846 0.4497 -0.1238
vn -0.8591 0.4584 0.2277
vn -0.7593 0.5815 0.2921
vn -0.8381 0.3432 0.4241
vn -0.7436 0.4322 0.5101
vn -0.8490 0.2417 0.4699
vn -0.7542 0.2902 0.5891
vn -0.8546 0.0744 0.5140
vn -0.7670 0.0855 0.6360
vn -0.8507 -0.0851 0.5187
vn -0.7742 -0.1086 0.6235
vn -0.8592 -0.2225 0.4607
vn -0.7859 -0.2807 0.5510
vn -0.8614 -0.3402 0.3773
vn -0.7933 -0.4141 0.4463
vn -0.8626 -0.4081 0.2989
vn -0.8001 -0.4951 0.3388
vn -0.8872 -0.4514 0.0954
vn -0.8268 -0.5527 0.1048
vn -0.8978 -0.3985 -0.1873
vn -0.8345 -0.4978 -0.2363
vn -0.8965 -0.2943 -0.3311
vn -0.8273 -0.3709 -0.4218
vn -0.9017 -0.1864 -0.3900
vn -0.8257 -0.2387 -0.5112
vn -0.9030 -0.0472 -0.4270
vn -0.8193 -0.0713 -0.5689
vn -0.8950 0.0056 -0.4459
vn -0.8111 0.0291 -0.5842
vn -0.9112 0.1521 -0.3829
vn -0.8177 0.2011 -0.5394
vn -0.8920 0.3248 -0.3143
vn -0.7943 0.4212 -0.4377
vn -0.8025 -0.3326 0.4953
vn -0.8469 -0.2865 0.4480
vn -0.8642 -0.4229 0.2726
vn -0.8252 -0.4815 0.2953
vn -0.8810 -0.4670 0.0756
vn -0.8477 -0.5263 0.0660
vn -0.9166 -0.3768 -0.1337
vn -0.8854 -0.4300 -0.1766
vn -0.9266 -0.2440 -0.2863
vn -0.8970 -0.2809 -0.3413
vn -0.9390 -0.0851 -0.3331
vn -0.9105 -0.0931 -0.4029
vn -0.9437 0.1142 -0.3103
vn -0.9132 0.1371 -0.3837
vn -0.9338 0.2790 -0.2240
vn -0.9009 0.3241 -0.2885
vn -0.9078 0.4149 -0.0616
vn -0.8725 0.4774 -0.1037
vn -0.8694 0.4612 0.1771
vn -0.8259 0.5350 0.1781
vn -0.8351 0.4156 0.3605
vn -0.7882 0.4752 0.3910
vn -0.8264 0.3220 0.4619
vn -0.7759 0.3666 0.5134
vn -0.8189 0.2003 0.5379
vn -0.7686 0.2267 0.5982
vn -0.8200 0.0711 0.5679
vn -0.7700 0.0732 0.6338
vn -0.8277 -0.0704 0.5568
vn -0.7784 -0.0845 0.6221
vn -0.8303 -0.1732 0.5297
vn -0.7832 -0.2020 0.5881
vn -0.9911 0.1328 0.0001
vn -0.9744 0.1378 0.1776
vn -0.9632 0.1225 0.2394
vn -0.9679 0.1138 0.2243
vn -0.9671 0.0211 0.2534
vn -0.9620 -0.0510 0.2681
vn -0.9645 -0.1085 0.2407
vn -0.9639 -0.1704 0.2046
vn -0.9620 -0.1854 0.2005
vn -0.9752 -0.1938 0.1066
vn -0.9852 -0.1638 -0.0509
vn -0.9864 -0.1254 -0.1059
vn -0.9893 -0.0926 -0.1126
vn -0.9921 -0.0199 -0.1239
vn -0.9891 -0.0441 -0.1404
vn -0.9957 0.0133 -0.0915
vn -0.9924 0.1080 -0.0597
vn -0.9961 -0.0211 0.0859
vn -0.9587 -0.1203 0.2577
vn -0.9647 -0.2057 0.1642
vn -0.9681 -0.2340 0.0899
vn -0.9850 -0.1728 -0.0050
vn -0.9895 -0.1169 -0.0851
vn -0.9936 -0.0691 -0.0895
vn -0.9972 0.0241 -0.0713
vn -0.9940 0.1064 -0.0270
vn -0.9829 0.1777 0.0477
vn -0.9658 0.1964 0.1694
vn -0.9515 0.1874 0.2438
vn -0.9514 0.1521 0.2679
vn -0.9478 0.1010 0.3026
vn -0.9487 0.0488 0.3124
vn -0.9524 -0.0265 0.3035
vn -0.9523 -0.0682 0.2976
vn -0.9943 -0.0134 0.1061
vn -0.9638 -0.0072 0.2667
vn -0.9655 0.0207 0.2596
vn -0.9623 -0.0061 0.2720
vn -0.9622 -0.0089 0.2722
vn -0.9309 0.0588 0.3605
vn -0.9391 0.0892 0.3319
vn -0.9562 0.0478 0.2888
vn -0.9368 0.1002 0.3352
vn -0.9766 -0.0020 0.2151
vn -0.9773 -0.0055 0.2116
vn -0.9715 0.0041 0.2369
vn -0.9711 0.0005 0.2385
vn -0.9697 0.0023 0.2445
vn -0.9693 -0.0039 0.2459
vn -0.9666 -0.0209 0.2554
vn -0.9661 -0.0168 0.2576
vn -0.9639 -0.0114 0.2660
vn -0.9635 0.0035 0.2677
vn -0.9653 0.0064 0.2610
vn -0.9621 0.0159 0.2723
vn -0.9704 0.0076 0.2413
vn -0.9703 0.0029 0.2420
vn -0.9331 -0.2709 0.2364
vn -0.9346 -0.2693 0.2324
vn -0.9383 -0.2652 0.2221
vn -0.9291 -0.2467 0.2757
vn -0.9102 -0.2064 0.3591
vn -0.9232 -0.2192 0.3158
vn -0.9310 -0.2667 0.2491
vn -0.7875 0.5822 0.2022
vn -0.7593 0.5815 -0.2921
vn -0.8591 0.4584 -0.2277
vn -0.8846 0.4497 0.1238
vn -0.7436 0.4322 -0.5101
vn -0.8381 0.3432 -0.4241
vn -0.7542 0.2902 -0.5891
vn -0.8490 0.2417 -0.4699
vn -0.7670 0.0855 -0.6360
vn -0.8546 0.0744 -0.5140
vn -0.7742 -0.1086 -0.6235
vn -0.8507 -0.0851 -0.5187
vn -0.7859 -0.2807 -0.5510
vn -0.8592 -0.2225 -0.4607
vn -0.7933 -0.4141 -0.4463
vn -0.8614 -0.3402 -0.3773
vn -0.8001 -0.4951 -0.3388
vn -0.8626 -0.4081 -0.2989
vn -0.8268 -0.5527 -0.1048
vn -0.8872 -0.4514 -0.0954
vn -0.8345 -0.4978 0.2363
vn -0.8978 -0.3985 0.1873
vn -0.8273 -0.3709 0.4218
vn -0.8965 -0.2943 0.3311
vn -0.8257 -0.2387 0.5112
vn -0.9017 -0.1864 0.3900
vn -0.8193 -0.0713 0.5689
vn -0.9030 -0.0472 0.4270
vn -0.8111 0.0291 0.5842
vn -0.8950 0.0056 0.4459
vn -0.8177 0.2011 0.5394
vn -0.9112 0.1521 0.3829
vn -0.7943 0.4212 0.4377
vn -0.8920 0.3248 0.3143
vn -0.8025 -0.3326 -0.4953
vn -0.8252 -0.4815 -0.2953
vn -0.8642 -0.4229 -0.2726
vn -0.8469 -0.2865 -0.4480
vn -0.8477 -0.5263 -0.0660
vn -0.8810 -0.4670 -0.0756
vn -0.8854 -0.4300 0.1766
vn -0.9166 -0.3768 0.1337
vn -0.8970 -0.2809 0.3413
vn -0.9266 -0.2440 0.2863
vn -0.9105 -0.0931 0.4029
vn -0.9390 -0.0851 0.3331
vn -0.9132 0.1371 0.3837
vn -0.9437 0.1142 0.3103
vn -0.9009 0.3241 0.2885
vn -0.9338 0.2790 0.2240
vn -0.8725 0.4774 0.1037
vn -0.9078 0.4149 0.0616
vn -0.8259 0.5350 -0.1781
vn -0.8694 0.4612 -0.1771
vn -0.7882 0.4752 -0.3910
vn -0.8351 0.4156 -0.3605
vn -0.7759 0.3666 -0.5134
vn -0.8264 0.3220 -0.4619
vn -0.7686 0.2267 -0.5982
vn -0.8189 0.2003 -0.5379
vn -0.7700 0.0732 -0.6338
vn -0.8200 0.0711 -0.5679
vn -0.7784 -0.0845 -0.6221
vn -0.8277 -0.0704 -0.5568
vn -0.7832 -0.2020 -0.5881
vn -0.8303 -0.1732 -0.5297
vn -0.9744 0.1378 -0.1776
vn -0.9911 0.1328 -0.0001
vn -0.9632 0.1225 -0.2394
vn -0.9679 0.1138 -0.2243
vn -0.9671 0.0211 -0.2534
vn -0.9620 -0.0510 -0.2681
vn -0.9645 -0.1085 -0.2407
vn -0.9639 -0.1704 -0.2046
vn -0.9620 -0.1854 -0.2005
vn -0.9752 -0.1938 -0.1066
vn -0.9852 -0.1638 0.0509
vn -0.9864 -0.1254 0.1059
vn -0.9893 -0.0926 0.1126
vn -0.9921 -0.0199 0.1239
vn -0.9891 -0.0441 0.1404
vn -0.9957 0.0133 0.0915
vn -0.9924 0.1080 0.0597
vn -0.9961 -0.0211 -0.0859
vn -0.9647 -0.2057 -0.1642
vn -0.9587 -0.1203 -0.2577
vn -0.9681 -0.2340 -0.0899
vn -0.9850 -0.1728 0.0050
vn -0.9895 -0.1169 0.0851
vn -0.9936 -0.0691 0.0895
vn -0.9972 0.0241 0.0713
vn -0.9940 0.1064 0.0270
vn -0.9829 0.1777 -0.0477
vn -0.9658 0.1964 -0.1694
vn -0.9515 0.1874 -0.2438
vn -0.9514 0.1521 -0.2679
vn -0.9478 0.1010 -0.3026
vn -0.9487 0.0488 -0.3124
vn -0.9524 -0.0265 -0.3035
vn -0.9523 -0.0682 -0.2976
vn -0.9943 -0.0134 -0.1061
vn -0.9638 -0.0072 -0.2667
vn -0.9622 -0.0089 -0.2723
vn -0.9623 -0.0061 -0.2720
vn -0.9655 0.0207 -0.2596
vn -0.9391 0.0892 -0.3319
vn -0.9309 0.0588 -0.3605
vn -0.9368 0.1002 -0.3352
vn -0.9562 0.0478 -0.2888
vn -0.9773 -0.0055 -0.2116
vn -0.9766 -0.0020 -0.2151
vn -0.9712 0.0008 -0.2385
vn -0.9715 0.0041 -0.2369
vn -0.9693 -0.0039 -0.2459
vn -0.9697 0.0023 -0.2445
vn -0.9661 -0.0168 -0.2576
vn -0.9666 -0.0209 -0.2554
vn -0.9635 0.0035 -0.2677
vn -0.9639 -0.0114 -0.2660
vn -0.9621 0.0159 -0.2723
vn -0.9653 0.0064 -0.2610
vn -0.9703 0.0029 -0.2420
vn -0.9704 0.0076 -0.2413
vn -0.9331 -0.2709 -0.2364
vn -0.9383 -0.2652 -0.2221
vn -0.9346 -0.2693 -0.2324
vn -0.9291 -0.2467 -0.2757
vn -0.9232 -0.2192 -0.3158
vn -0.9102 -0.2064 -0.3591
vn -0.9310 -0.2667 -0.2491
vn 0.2719 0.1700 0.9472
vn 0.3931 0.1818 0.9013
vn 0.4813 0.0373 0.8758
vn 0.4081 -0.0000 0.9129
vn 0.6349 0.0385 0.7716
vn 0.6406 -0.0001 0.7679
vn 0.9288 0.0182 0.3701
vn 0.9330 -0.0001 0.3599
vn 0.9965 0.0246 0.0801
vn 0.9966 -0.0001 0.0824
vn 0.9984 0.0046 0.0568
vn 0.9984 -0.0000 0.0570
vn 0.6895 -0.0075 -0.7242
vn 0.8511 -0.0001 -0.5250
vn -0.0426 -0.0323 -0.9986
vn -0.0194 -0.0309 -0.9993
vn 0.0353 -0.0141 -0.9993
vn 0.0232 -0.0088 -0.9997
vn 0.7310 -0.0113 -0.6823
vn 0.6906 0.0001 -0.7232
vn 0.9993 0.0040 0.0366
vn 0.9993 -0.0000 0.0364
vn 0.9977 0.0238 0.0638
vn 0.9982 -0.0000 0.0606
vn 0.9840 0.0314 0.1754
vn 0.9838 -0.0000 0.1793
vn 0.8082 0.0469 0.5871
vn 0.8067 -0.0000 0.5910
vn 0.5023 0.0398 0.8638
vn 0.4461 0.0001 0.8950
vn 0.3456 -0.0447 0.9373
vn 0.1722 -0.1433 0.9746
vn 0.1764 0.0444 0.9833
vn 0.0349 -0.0422 0.9985
vn 0.3044 0.1165 0.9454
vn 0.1203 0.1544 0.9807
vn 0.4977 0.0890 0.8628
vn 0.9485 0.0453 0.3134
vn 0.9760 0.0582 0.2099
vn 0.6891 0.0826 0.7200
vn 0.4890 0.0891 0.8677
vn 0.7786 0.0921 0.6207
vn 0.2719 0.1700 -0.9472
vn 0.4081 -0.0000 -0.9129
vn 0.4813 0.0373 -0.8758
vn 0.3931 0.1818 -0.9014
vn 0.6406 -0.0001 -0.7679
vn 0.6349 0.0385 -0.7716
vn 0.9330 -0.0001 -0.3599
vn 0.9288 0.0182 -0.3701
vn 0.9966 -0.0001 -0.0824
vn 0.9965 0.0246 -0.0801
vn 0.9984 -0.0000 -0.0570
vn 0.9984 0.0046 -0.0568
vn 0.8511 -0.0001 0.5250
vn 0.6895 -0.0075 0.7242
vn -0.0194 -0.0309 0.9993
vn -0.0426 -0.0323 0.9986
vn 0.0232 -0.0088 0.9997
vn 0.0353 -0.0141 0.9993
vn 0.6906 0.0001 0.7232
vn 0.7310 -0.0113 0.6823
vn 0.9993 -0.0000 -0.0364
vn 0.9993 0.0040 -0.0366
vn 0.9982 -0.0000 -0.0606
vn 0.9977 0.0238 -0.0638
vn 0.9838 -0.0000 -0.1793
vn 0.9840 0.0314 -0.1754
vn 0.8067 -0.0000 -0.5910
vn 0.8082 0.0469 -0.5871
vn 0.4461 0.0001 -0.8950
vn 0.5023 0.0398 -0.8638
vn 0.1722 -0.1433 -0.9746
vn 0.3456 -0.0447 -0.9373
vn 0.0349 -0.0422 -0.9985
vn 0.1764 0.0444 -0.9833
vn 0.1203 0.1544 -0.9807
vn 0.3044 0.1165 -0.9454
vn 0.4977 0.0890 -0.8628
vn 0.9760 0.0582 -0.2099
vn 0.9485 0.0453 -0.3134
vn 0.6891 0.0826 -0.7200
vn 0.4890 0.0891 -0.8677
vn 0.7786 0.0921 -0.6207
vt 0.900476 0.877225
vt 0.917036 0.877125
vt 0.915856 0.951075
vt 0.900476 0.978925
vt 0.867736 0.533825
vt 0.870816 0.529025
vt 0.871516 0.540275
vt 0.866456 0.542725
vt 0.805836 0.911975
vt 0.803436 0.902775
vt 0.815596 0.911825
vt 0.813496 0.929075
vt 0.858176 0.783725
vt 0.851616 0.779475
vt 0.852616 0.768675
vt 0.859896 0.774125
vt 0.801316 0.803475
vt 0.819456 0.798975
vt 0.819856 0.874375
vt 0.801796 0.880475
vt 0.840936 0.794375
vt 0.840756 0.867325
vt 0.827816 0.871675
vt 0.823636 0.917875
vt 0.826736 0.955075
vt 0.840736 0.930675
vt 0.831836 0.924025
vt 0.840936 0.967225
vt 0.835056 0.967225
vt 0.927736 0.952575
vt 0.920836 0.942275
vt 0.924176 0.877075
vt 0.932816 0.819825
vt 0.918636 0.984875
vt 0.900656 0.996275
vt 0.901156 0.857825
vt 0.907396 0.848525
vt 0.918776 0.831875
vt 0.927116 0.819675
vt 0.933976 0.753775
vt 0.938616 0.742825
vt 0.939176 0.777775
vt 0.939996 0.970825
vt 0.902356 0.847975
vt 0.906176 0.833925
vt 0.920176 0.791875
vt 0.929956 0.764025
vt 0.855516 0.790275
vt 0.850296 0.792125
vt 0.863136 0.725775
vt 0.862436 0.742425
vt 0.853656 0.740625
vt 0.854356 0.720625
vt 0.864396 0.646175
vt 0.863736 0.705575
vt 0.854356 0.703175
vt 0.854656 0.646175
vt 0.802656 0.756275
vt 0.801316 0.746675
vt 0.807416 0.750625
vt 0.805896 0.763275
vt 0.801396 0.729775
vt 0.808476 0.731275
vt 0.802076 0.689775
vt 0.809816 0.691725
vt 0.802216 0.646175
vt 0.807236 0.646175
vt 0.810136 0.646175
vt 0.827856 0.763975
vt 0.826536 0.779825
vt 0.828696 0.750575
vt 0.829396 0.735575
vt 0.830936 0.706775
vt 0.831016 0.697175
vt 0.831816 0.646175
vt 0.844676 0.774975
vt 0.843356 0.790725
vt 0.845416 0.763225
vt 0.846136 0.739075
vt 0.846656 0.716075
vt 0.846996 0.701275
vt 0.846876 0.646175
vt 0.866836 0.562575
vt 0.872996 0.564275
vt 0.916176 0.500175
vt 0.918916 0.516425
vt 0.895356 0.528225
vt 0.893856 0.512275
vt 0.921876 0.577825
vt 0.897876 0.571175
vt 0.922376 0.606575
vt 0.898156 0.587425
vt 0.922476 0.645325
vt 0.898216 0.645325
vt 0.883436 0.519075
vt 0.883656 0.534125
vt 0.885596 0.567725
vt 0.885716 0.577575
vt 0.886556 0.645325
vt 0.873556 0.645325
vt 0.867696 0.645325
vt 0.948916 0.708425
vt 0.947736 0.634475
vt 0.964296 0.634575
vt 0.964296 0.736275
vt 0.871516 0.750375
vt 0.870816 0.761625
vt 0.867736 0.756775
vt 0.866456 0.747925
vt 0.868456 0.912525
vt 0.880616 0.903475
vt 0.878216 0.912725
vt 0.870556 0.929825
vt 0.852616 0.523625
vt 0.851616 0.512825
vt 0.858176 0.508625
vt 0.859896 0.518175
vt 0.864196 0.875075
vt 0.864596 0.799675
vt 0.882736 0.804175
vt 0.882256 0.881175
vt 0.856236 0.872375
vt 0.843296 0.868025
vt 0.843116 0.795075
vt 0.860416 0.918575
vt 0.857316 0.955775
vt 0.852216 0.924725
vt 0.843316 0.931375
vt 0.848996 0.967925
vt 0.843116 0.967925
vt 0.940596 0.634425
vt 0.943936 0.699625
vt 0.937036 0.709925
vt 0.931936 0.577175
vt 0.946116 0.742225
vt 0.964096 0.753625
vt 0.957376 0.605875
vt 0.963616 0.615175
vt 0.945996 0.589225
vt 0.937656 0.577025
vt 0.930776 0.511125
vt 0.925596 0.535075
vt 0.926136 0.500175
vt 0.924776 0.728175
vt 0.958596 0.591275
vt 0.962416 0.605325
vt 0.944596 0.549225
vt 0.934816 0.521375
vt 0.850296 0.500175
vt 0.855516 0.502025
vt 0.853656 0.551725
vt 0.862436 0.549925
vt 0.863136 0.566525
vt 0.854356 0.571725
vt 0.854356 0.589175
vt 0.863736 0.586775
vt 0.807416 0.541725
vt 0.801316 0.545675
vt 0.802656 0.536075
vt 0.805896 0.529075
vt 0.808476 0.561075
vt 0.801396 0.562525
vt 0.809816 0.600575
vt 0.802076 0.602575
vt 0.827856 0.528325
vt 0.826536 0.512525
vt 0.828696 0.541775
vt 0.829396 0.556725
vt 0.830936 0.585525
vt 0.831016 0.595125
vt 0.844676 0.517325
vt 0.843356 0.501575
vt 0.845416 0.529075
vt 0.846136 0.553275
vt 0.846656 0.576275
vt 0.846996 0.591025
vt 0.866836 0.728025
vt 0.872996 0.726325
vt 0.895356 0.762425
vt 0.918916 0.774175
vt 0.916176 0.790475
vt 0.893856 0.778375
vt 0.897876 0.719475
vt 0.921876 0.712775
vt 0.898156 0.703225
vt 0.922376 0.684075
vt 0.883436 0.771525
vt 0.883656 0.756525
vt 0.885596 0.722875
vt 0.885716 0.713075
vt 0.943996 0.761575
vt 0.947216 0.757225
vt 0.947556 0.771025
vt 0.942556 0.771175
vt 0.942276 0.804275
vt 0.947476 0.804925
vt 0.942436 0.844775
vt 0.946976 0.844775
vt 0.982936 0.757775
vt 0.983056 0.769875
vt 0.982536 0.809475
vt 0.982156 0.844775
vt 0.986936 0.761925
vt 0.988576 0.769725
vt 0.989216 0.810325
vt 0.989156 0.844775
vt 0.947556 0.918475
vt 0.947216 0.932275
vt 0.943996 0.927925
vt 0.942556 0.918325
vt 0.942276 0.885225
vt 0.947476 0.884575
vt 0.983056 0.919625
vt 0.982936 0.931725
vt 0.982536 0.880025
vt 0.988576 0.919775
vt 0.986936 0.927575
vt 0.989216 0.879175
vt 0.999196 0.691925
vt 0.998416 0.691175
vt 0.998416 0.677075
vt 0.999196 0.676075
vt 0.996796 0.670625
vt 0.997336 0.668725
vt 0.994796 0.667625
vt 0.995076 0.665375
vt 0.992916 0.666425
vt 0.992936 0.664025
vt 0.990656 0.666475
vt 0.990376 0.664075
vt 0.988296 0.668975
vt 0.987716 0.666875
vt 0.986876 0.671825
vt 0.986116 0.670125
vt 0.985656 0.676325
vt 0.984716 0.675225
vt 0.985076 0.684375
vt 0.984076 0.684325
vt 0.986316 0.694025
vt 0.985476 0.695225
vt 0.988136 0.698675
vt 0.987516 0.700525
vt 0.990096 0.700925
vt 0.989716 0.703075
vt 0.991736 0.701625
vt 0.991576 0.703825
vt 0.993376 0.701425
vt 0.993456 0.703625
vt 0.995236 0.699575
vt 0.995556 0.701525
vt 0.996836 0.696925
vt 0.997396 0.698525
vt 0.984736 0.663325
vt 0.984236 0.660475
vt 0.986456 0.657175
vt 0.987396 0.659375
vt 0.988436 0.649625
vt 0.989716 0.650375
vt 0.988436 0.640525
vt 0.989716 0.639625
vt 0.987416 0.634875
vt 0.988516 0.632875
vt 0.984456 0.629275
vt 0.984996 0.626225
vt 0.981516 0.628225
vt 0.981516 0.624975
vt 0.979456 0.629475
vt 0.979036 0.626475
vt 0.977116 0.633625
vt 0.976256 0.631375
vt 0.975536 0.641825
vt 0.974376 0.641125
vt 0.975536 0.649125
vt 0.974356 0.649825
vt 0.976476 0.654275
vt 0.975456 0.655925
vt 0.977596 0.657425
vt 0.976796 0.659725
vt 0.979656 0.660475
vt 0.979256 0.663325
vt 0.980956 0.661325
vt 0.980816 0.664375
vt 0.982536 0.661475
vt 0.982696 0.664525
vt 0.996576 0.689425
vt 0.996576 0.679175
vt 0.995376 0.674575
vt 0.993936 0.672375
vt 0.992576 0.671525
vt 0.990956 0.671575
vt 0.989256 0.673375
vt 0.988236 0.675425
vt 0.987376 0.678675
vt 0.986936 0.684525
vt 0.987856 0.691475
vt 0.989156 0.694775
vt 0.990576 0.696425
vt 0.991756 0.696925
vt 0.992936 0.696775
vt 0.994276 0.695525
vt 0.995416 0.693575
vt 0.991736 0.684525
vt 0.983416 0.655775
vt 0.984896 0.653525
vt 0.986216 0.648425
vt 0.986216 0.642325
vt 0.985536 0.638525
vt 0.983536 0.634775
vt 0.981556 0.634025
vt 0.980176 0.634925
vt 0.978636 0.637675
vt 0.977576 0.643225
vt 0.977576 0.648125
vt 0.978216 0.651575
vt 0.978956 0.653675
vt 0.980336 0.655725
vt 0.981216 0.656325
vt 0.982276 0.656425
vt 0.981776 0.645525
vt 0.963736 0.537925
vt 0.963156 0.538575
vt 0.963156 0.534325
vt 0.963716 0.533425
vt 0.958576 0.534075
vt 0.958276 0.533125
vt 0.958216 0.537475
vt 0.957816 0.536725
vt 0.958236 0.544525
vt 0.957856 0.544175
vt 0.958236 0.555975
vt 0.957876 0.556275
vt 0.958216 0.562225
vt 0.957816 0.562925
vt 0.958256 0.568075
vt 0.957896 0.569075
vt 0.963116 0.568225
vt 0.963676 0.569275
vt 0.963156 0.558975
vt 0.963716 0.559475
vt 0.963156 0.549925
vt 0.963716 0.549875
vt 0.987876 0.707475
vt 0.980176 0.714975
vt 0.980236 0.706375
vt 0.987876 0.748925
vt 0.980376 0.748275
vt 0.980316 0.743875
vt 0.980196 0.727175
vt 0.966576 0.693925
vt 0.966576 0.678075
vt 0.967356 0.679075
vt 0.967356 0.693175
vt 0.968416 0.670775
vt 0.968976 0.672675
vt 0.970696 0.667375
vt 0.970976 0.669675
vt 0.972836 0.666025
vt 0.972856 0.668475
vt 0.975396 0.666125
vt 0.975116 0.668525
vt 0.978056 0.668925
vt 0.977476 0.671025
vt 0.979656 0.672175
vt 0.978896 0.673875
vt 0.981036 0.677225
vt 0.980116 0.678375
vt 0.981696 0.686325
vt 0.980696 0.686425
vt 0.980296 0.697225
vt 0.979436 0.696075
vt 0.978256 0.702525
vt 0.977636 0.700725
vt 0.976036 0.705075
vt 0.975676 0.702975
vt 0.974176 0.705875
vt 0.974036 0.703625
vt 0.972316 0.705675
vt 0.972376 0.703425
vt 0.970216 0.703575
vt 0.970536 0.701625
vt 0.968376 0.700575
vt 0.968936 0.698975
vt 0.946296 0.538525
vt 0.943636 0.534575
vt 0.944556 0.532425
vt 0.946796 0.535725
vt 0.941296 0.525625
vt 0.942596 0.524825
vt 0.941296 0.514875
vt 0.942596 0.515775
vt 0.942496 0.508075
vt 0.943596 0.510075
vt 0.946016 0.501475
vt 0.946576 0.504525
vt 0.949516 0.500175
vt 0.949516 0.503425
vt 0.951996 0.501675
vt 0.951576 0.504725
vt 0.954756 0.506575
vt 0.953896 0.508825
vt 0.956656 0.516375
vt 0.955476 0.517075
vt 0.956676 0.525075
vt 0.955476 0.524375
vt 0.955556 0.531175
vt 0.954556 0.529475
vt 0.954216 0.534925
vt 0.953436 0.532675
vt 0.951776 0.538525
vt 0.951376 0.535675
vt 0.950196 0.539575
vt 0.950056 0.536575
vt 0.948316 0.539775
vt 0.948476 0.536725
vt 0.969196 0.681175
vt 0.969196 0.691425
vt 0.970396 0.676575
vt 0.971836 0.674375
vt 0.973196 0.673525
vt 0.974816 0.673625
vt 0.976496 0.675375
vt 0.977516 0.677475
vt 0.978396 0.680725
vt 0.978836 0.686525
vt 0.977916 0.693475
vt 0.976616 0.696825
vt 0.975196 0.698475
vt 0.974016 0.698975
vt 0.972836 0.698775
vt 0.971496 0.697525
vt 0.970356 0.695575
vt 0.974036 0.686525
vt 0.946116 0.528775
vt 0.947616 0.530975
vt 0.944816 0.523625
vt 0.944796 0.517525
vt 0.945496 0.513775
vt 0.947496 0.509975
vt 0.949456 0.509275
vt 0.950836 0.510125
vt 0.952396 0.512875
vt 0.953456 0.518425
vt 0.953436 0.523325
vt 0.952816 0.526775
vt 0.952056 0.528925
vt 0.950676 0.530975
vt 0.949796 0.531525
vt 0.948756 0.531625
vt 0.949236 0.520725
vt 0.900536 0.818725
vt 0.900536 0.823225
vt 0.899956 0.822325
vt 0.899976 0.818025
vt 0.895076 0.823525
vt 0.895396 0.822575
vt 0.894636 0.819925
vt 0.895016 0.819175
vt 0.894676 0.812475
vt 0.895056 0.812125
vt 0.894676 0.800375
vt 0.895056 0.800675
vt 0.894636 0.793725
vt 0.895016 0.794425
vt 0.894716 0.787525
vt 0.895076 0.788575
vt 0.900496 0.787325
vt 0.899936 0.788375
vt 0.900536 0.797175
vt 0.899956 0.797675
vt 0.900536 0.806725
vt 0.899956 0.806725
vt 0.892616 0.824075
vt 0.884956 0.825175
vt 0.884916 0.816575
vt 0.892616 0.782625
vt 0.885056 0.787675
vt 0.885116 0.783225
vt 0.884936 0.804375
vt 0.980216 0.619075
vt 0.979276 0.617875
vt 0.979816 0.615175
vt 0.980796 0.615075
vt 0.979716 0.610225
vt 0.980696 0.610175
vt 0.979696 0.604875
vt 0.980676 0.604875
vt 0.979676 0.571625
vt 0.980656 0.571675
vt 0.979816 0.526225
vt 0.980796 0.526225
vt 0.979816 0.506675
vt 0.980796 0.506675
vt 0.978396 0.503225
vt 0.979136 0.500175
vt 0.967876 0.505875
vt 0.966656 0.504775
vt 0.967796 0.507275
vt 0.966836 0.507275
vt 0.967736 0.527925
vt 0.966776 0.527925
vt 0.967596 0.579925
vt 0.966636 0.579925
vt 0.967556 0.601275
vt 0.966576 0.601275
vt 0.967556 0.609075
vt 0.966576 0.609175
vt 0.967776 0.616975
vt 0.966816 0.617125
vt 0.968456 0.620625
vt 0.967616 0.622525
vt 0.969456 0.622175
vt 0.968816 0.624475
vt 0.977456 0.619725
vt 0.978136 0.621525
vt 0.977176 0.615425
vt 0.977196 0.604175
vt 0.970336 0.602075
vt 0.977156 0.609925
vt 0.970236 0.616525
vt 0.970536 0.609275
vt 0.983696 0.619075
vt 0.983096 0.615075
vt 0.984096 0.615175
vt 0.984636 0.617875
vt 0.983196 0.610175
vt 0.984196 0.610225
vt 0.983216 0.604875
vt 0.984216 0.604875
vt 0.983236 0.571675
vt 0.984216 0.571625
vt 0.983116 0.526225
vt 0.984096 0.526225
vt 0.983096 0.506675
vt 0.984076 0.506675
vt 0.984776 0.500175
vt 0.985496 0.503225
vt 0.997256 0.504775
vt 0.996016 0.505875
vt 0.997076 0.507275
vt 0.996096 0.507275
vt 0.997136 0.527925
vt 0.996156 0.527925
vt 0.997276 0.579925
vt 0.996296 0.579925
vt 0.997316 0.601275
vt 0.996356 0.601275
vt 0.997316 0.609175
vt 0.996356 0.609075
vt 0.997076 0.617125
vt 0.996116 0.616975
vt 0.996296 0.622525
vt 0.995456 0.620625
vt 0.995076 0.624475
vt 0.994436 0.622175
vt 0.985776 0.621525
vt 0.986436 0.619725
vt 0.986716 0.615425
vt 0.993556 0.602075
vt 0.986716 0.604175
vt 0.986736 0.609925
vt 0.993656 0.616525
vt 0.993356 0.609275
s 1
usemtl Glass
f 3399/3541/3111 3400/3542/3112 3401/3543/3113 3402/3544/3114
f 3403/3545/3115 3404/3546/3116 3405/3547/3117 3406/3548/3118
f 3407/3549/3119 3408/3550/3120 3409/3551/3121 3410/3552/3122
f 3411/3553/3123 3412/3554/3124 3413/3555/3125 3414/3556/3126
f 3415/3557/3127 3416/3558/3128 3417/3559/3129 3418/3560/3130
f 3418/3560/3130 3417/3559/3129 3409/3551/3121 3408/3550/3120
f 3419/3561/3131 3420/3562/3132 3421/3563/3133 3416/3558/3128
f 3417/3559/3129 3422/3564/3134 3409/3551/3121
f 3422/3564/3134 3423/3565/3135 3410/3552/3122 3409/3551/3121
f 3420/3562/3132 3424/3566/3136 3425/3567/3137 3421/3563/3133
f 3424/3566/3136 3426/3568/3138 3427/3569/3139 3425/3567/3137
f 3423/3565/3135 3422/3564/3134 3425/3567/3137 3427/3569/3139
f 3422/3564/3134 3417/3559/3129 3421/3563/3133 3425/3567/3137
f 3421/3563/3133 3417/3559/3129 3416/3558/3128
f 3428/3570/3140 3429/3571/3141 3430/3572/3142 3431/3573/3143
f 3429/3571/3141 3401/3543/3113 3400/3542/3112 3430/3572/3142
f 3428/3570/3140 3432/3574/3144 3401/3543/3113 3429/3571/3141
f 3432/3574/3144 3433/3575/3145 3402/3544/3114 3401/3543/3113
f 3399/3541/3111 3434/3576/3146 3435/3577/3147 3400/3542/3112
f 3400/3542/3112 3435/3577/3147 3436/3578/3148
f 3430/3572/3142 3437/3579/3142 3431/3573/3143
f 3438/3580/3149 3439/3581/3150 3440/3582/3151 3431/3573/3143
f 3431/3573/3143 3440/3582/3151 3441/3583/3152 3428/3570/3140
f 3428/3570/3140 3441/3583/3152 3432/3574/3144
f 3442/3584/3153 3443/3585/3154 3435/3577/3147 3434/3576/3146
f 3443/3585/3154 3444/3586/3155 3436/3578/3148 3435/3577/3147
f 3445/3587/3156 3438/3580/3149 3431/3573/3143 3437/3579/3142
f 3444/3586/3155 3445/3587/3156 3437/3579/3142 3436/3578/3148
f 3436/3578/3148 3437/3579/3142 3430/3572/3142 3400/3542/3112
f 3446/3588/3157 3447/3589/3158 3412/3554/3124 3411/3553/3123
f 3448/3590/3159 3449/3591/3160 3450/3592/3161 3451/3593/3162
f 3449/3591/3160 3414/3556/3126 3413/3555/3125 3450/3592/3161
f 3452/3594/3163 3453/3595/3164 3454/3596/3165 3455/3597/3166
f 3453/3595/3164 3448/3590/3159 3451/3593/3162 3454/3596/3165
f 3456/3598/3167 3457/3599/3168 3458/3600/3169 3459/3601/3170
f 3457/3599/3168 3460/3602/3171 3461/3603/3172 3458/3600/3169
f 3460/3602/3171 3462/3604/3173 3463/3605/3174 3461/3603/3172
f 3464/3606/3175 3465/3607/3176 3466/3608/3177 3463/3605/3174 3462/3604/3173
f 3459/3601/3170 3458/3600/3169 3467/3609/3178 3468/3610/3179
f 3458/3600/3169 3461/3603/3172 3469/3611/3180 3467/3609/3178
f 3469/3611/3180 3461/3603/3172 3470/3612/3181
f 3461/3603/3172 3463/3605/3174 3471/3613/3182 3470/3612/3181
f 3471/3613/3182 3463/3605/3174 3472/3614/3183
f 3463/3605/3174 3466/3608/3177 3473/3615/3184 3472/3614/3183
f 3468/3610/3179 3467/3609/3178 3474/3616/3185 3475/3617/3186
f 3467/3609/3178 3469/3611/3180 3476/3618/3187 3474/3616/3185
f 3469/3611/3180 3470/3612/3181 3477/3619/3188 3476/3618/3187
f 3470/3612/3181 3471/3613/3182 3478/3620/3189 3477/3619/3188
f 3471/3613/3182 3472/3614/3183 3479/3621/3190 3478/3620/3189
f 3472/3614/3183 3473/3615/3184 3480/3622/3191 3479/3621/3190
f 3447/3589/3158 3475/3617/3186 3474/3616/3185 3412/3554/3124
f 3474/3616/3185 3476/3618/3187 3413/3555/3125 3412/3554/3124
f 3476/3618/3187 3477/3619/3188 3450/3592/3161 3413/3555/3125
f 3477/3619/3188 3478/3620/3189 3451/3593/3162 3450/3592/3161
f 3478/3620/3189 3479/3621/3190 3454/3596/3165 3451/3593/3162
f 3479/3621/3190 3480/3622/3191 3455/3597/3166 3454/3596/3165
f 3481/3623/3192 3406/3548/3118 3405/3547/3117 3482/3624/3193
f 3483/3625/3194 3484/3626/3195 3485/3627/3196 3486/3628/3197
f 3484/3626/3195 3487/3629/3198 3488/3630/3199 3485/3627/3196
f 3487/3629/3198 3489/3631/3200 3490/3632/3201 3488/3630/3199
f 3489/3631/3200 3491/3633/3202 3492/3634/3203 3490/3632/3201
f 3493/3635/3204 3486/3628/3197 3485/3627/3196 3494/3636/3205
f 3485/3627/3196 3488/3630/3199 3495/3637/3206 3494/3636/3205
f 3488/3630/3199 3490/3632/3201 3496/3638/3207 3495/3637/3206
f 3490/3632/3201 3492/3634/3203 3497/3639/3208 3496/3638/3207
f 3404/3546/3116 3493/3635/3204 3494/3636/3205 3405/3547/3117
f 3494/3636/3205 3495/3637/3206 3482/3624/3193 3405/3547/3117
f 3482/3624/3193 3495/3637/3206 3496/3638/3207
f 3496/3638/3207 3497/3639/3208 3498/3640/3209 3482/3624/3193
f 3499/3641/3210 3481/3623/3192 3482/3624/3193 3498/3640/3209
f 3500/3642/3211 3501/3643/3212 3502/3644/3213 3503/3645/3214
f 3504/3646/3215 3505/3647/3216 3506/3648/3217 3507/3649/3218
f 3508/3650/3219 3509/3651/3220 3510/3652/3221 3511/3653/3222
f 3512/3654/3223 3513/3655/3224 3514/3656/3225 3515/3657/3226
f 3516/3658/3227 3517/3659/3228 3518/3660/3229 3519/3661/3230
f 3508/3650/3219 3516/3658/3227 3519/3661/3230 3509/3651/3220
f 3520/3662/3231 3521/3663/3232 3522/3664/3233 3517/3659/3228
f 3516/3658/3227 3508/3650/3219 3523/3665/3234
f 3511/3653/3222 3524/3666/3235 3523/3665/3234 3508/3650/3219
f 3525/3667/3236 3526/3668/3237 3521/3663/3232 3520/3662/3231
f 3527/3669/3238 3528/3670/3239 3526/3668/3237 3525/3667/3236
f 3525/3667/3236 3523/3665/3234 3524/3666/3235 3527/3669/3238
f 3520/3662/3231 3516/3658/3227 3523/3665/3234 3525/3667/3236
f 3520/3662/3231 3517/3659/3228 3516/3658/3227
f 3529/3671/3240 3530/3672/3241 3531/3673/3242 3532/3674/3243
f 3501/3643/3212 3500/3642/3211 3530/3672/3241 3529/3671/3240
f 3500/3642/3211 3533/3675/3244 3531/3673/3242 3530/3672/3241
f 3503/3645/3214 3534/3676/3245 3533/3675/3244 3500/3642/3211
f 3502/3644/3213 3501/3643/3212 3535/3677/3246 3536/3678/3247
f 3501/3643/3212 3537/3679/3248 3535/3677/3246
f 3529/3671/3240 3532/3674/3243 3538/3680/3240
f 3539/3681/3249 3532/3674/3243 3540/3682/3250 3541/3683/3251
f 3532/3674/3243 3531/3673/3242 3542/3684/3252 3540/3682/3250
f 3531/3673/3242 3533/3675/3244 3542/3684/3252
f 3535/3677/3246 3543/3685/3253 3544/3686/3254 3536/3678/3247
f 3537/3679/3248 3545/3687/3255 3543/3685/3253 3535/3677/3246
f 3532/3674/3243 3539/3681/3249 3546/3688/3256 3538/3680/3240
f 3545/3687/3255 3537/3679/3248 3538/3680/3240 3546/3688/3256
f 3537/3679/3248 3501/3643/3212 3529/3671/3240 3538/3680/3240
f 3513/3655/3224 3547/3689/3257 3548/3690/3258 3514/3656/3225
f 3549/3691/3259 3550/3692/3260 3551/3693/3261 3552/3694/3262
f 3550/3692/3260 3549/3691/3259 3512/3654/3223 3515/3657/3226
f 3553/3695/3263 3554/3696/3264 3452/3594/3163 3455/3597/3166
f 3554/3696/3264 3553/3695/3263 3552/3694/3262 3551/3693/3261
f 3555/3697/3265 3556/3698/3266 3557/3699/3267 3558/3700/3268
f 3559/3701/3269 3560/3702/3270 3556/3698/3266 3555/3697/3265
f 3561/3703/3271 3562/3704/3272 3560/3702/3270 3559/3701/3269
f 3466/3608/3177 3465/3607/3176 3563/3606/3273 3562/3704/3272 3561/3703/3271
f 3564/3705/3274 3555/3697/3265 3558/3700/3268 3565/3706/3275
f 3566/3707/3276 3559/3701/3269 3555/3697/3265 3564/3705/3274
f 3566/3707/3276 3567/3708/3277 3559/3701/3269
f 3568/3709/3278 3561/3703/3271 3559/3701/3269 3567/3708/3277
f 3568/3709/3278 3569/3710/3279 3561/3703/3271
f 3473/3615/3184 3466/3608/3177 3561/3703/3271 3569/3710/3279
f 3570/3711/3280 3564/3705/3274 3565/3706/3275 3571/3712/3281
f 3572/3713/3282 3566/3707/3276 3564/3705/3274 3570/3711/3280
f 3573/3714/3283 3567/3708/3277 3566/3707/3276 3572/3713/3282
f 3574/3715/3284 3568/3709/3278 3567/3708/3277 3573/3714/3283
f 3575/3716/3285 3569/3710/3279 3568/3709/3278 3574/3715/3284
f 3480/3622/3191 3473/3615/3184 3569/3710/3279 3575/3716/3285
f 3547/3689/3257 3513/3655/3224 3570/3711/3280 3571/3712/3281
f 3512/3654/3223 3572/3713/3282 3570/3711/3280 3513/3655/3224
f 3549/3691/3259 3573/3714/3283 3572/3713/3282 3512/3654/3223
f 3552/3694/3262 3574/3715/3284 3573/3714/3283 3549/3691/3259
f 3553/3695/3263 3575/3716/3285 3574/3715/3284 3552/3694/3262
f 3455/3597/3166 3480/3622/3191 3575/3716/3285 3553/3695/3263
f 3504/3646/3215 3507/3649/3218 3576/3717/3286 3577/3718/3287
f 3578/3719/3288 3579/3720/3289 3580/3721/3290 3581/3722/3291
f 3582/3723/3292 3583/3724/3293 3579/3720/3289 3578/3719/3288
f 3584/3725/3294 3585/3726/3295 3583/3724/3293 3582/3723/3292
f 3492/3634/3203 3491/3633/3202 3585/3726/3295 3584/3725/3294
f 3586/3727/3296 3587/3728/3297 3578/3719/3288 3581/3722/3291
f 3588/3729/3298 3582/3723/3292 3578/3719/3288 3587/3728/3297
f 3589/3730/3299 3584/3725/3294 3582/3723/3292 3588/3729/3298
f 3497/3639/3208 3492/3634/3203 3584/3725/3294 3589/3730/3299
f 3505/3647/3216 3504/3646/3215 3587/3728/3297 3586/3727/3296
f 3577/3718/3287 3588/3729/3298 3587/3728/3297 3504/3646/3215
f 3577/3718/3287 3589/3730/3299 3588/3729/3298
f 3498/3640/3209 3497/3639/3208 3589/3730/3299 3577/3718/3287
f 3499/3641/3210 3498/3640/3209 3577/3718/3287 3576/3717/3286
f 3590/3731/3300 3591/3732/3301 3592/3733/3302 3593/3734/3303
f 3594/3735/3304 3593/3734/3303 3592/3733/3302 3595/3736/3305
f 3596/3737/3306 3594/3735/3304 3595/3736/3305 3597/3738/3307
f 3598/3739/3308 3599/3740/3309 3592/3733/3302 3591/3732/3301
f 3599/3740/3309 3600/3741/3310 3595/3736/3305 3592/3733/3302
f 3600/3741/3310 3601/3742/3307 3597/3738/3307 3595/3736/3305
f 3602/3743/3311 3603/3744/3312 3599/3740/3309 3598/3739/3308
f 3603/3744/3312 3604/3745/3313 3600/3741/3310 3599/3740/3309
f 3604/3745/3313 3605/3746/3306 3601/3742/3307 3600/3741/3310
f 3606/3747/3314 3607/3748/3315 3608/3749/3316 3609/3750/3317
f 3606/3747/3314 3609/3750/3317 3610/3751/3318 3611/3752/3319
f 3596/3737/3306 3597/3738/3307 3611/3752/3319 3610/3751/3318
f 3606/3747/3314 3612/3753/3320 3613/3754/3321 3607/3748/3315
f 3611/3752/3319 3614/3755/3322 3612/3753/3320 3606/3747/3314
f 3597/3738/3307 3601/3742/3307 3614/3755/3322 3611/3752/3319
f 3612/3753/3320 3615/3756/3323 3616/3757/3324 3613/3754/3321
f 3614/3755/3322 3617/3758/3325 3615/3756/3323 3612/3753/3320
f 3601/3742/3307 3605/3746/3306 3617/3758/3325 3614/3755/3322
f 3618/3759/3326 3619/3760/3327 3620/3761/3328 3621/3762/3329
f 3621/3762/3329 3620/3761/3328 3622/3763/3330 3623/3764/3331
f 3623/3764/3331 3622/3763/3330 3624/3765/3332 3625/3766/3333
f 3625/3766/3333 3624/3765/3332 3626/3767/3334 3627/3768/3335
f 3627/3768/3335 3626/3767/3334 3628/3769/3336 3629/3770/3337
f 3629/3770/3337 3628/3769/3336 3630/3771/3338 3631/3772/3339
f 3631/3772/3339 3630/3771/3338 3632/3773/3340 3633/3774/3341
f 3633/3774/3341 3632/3773/3340 3634/3775/3342 3635/3776/3343
f 3634/3775/3342 3636/3777/3344 3637/3778/3345 3635/3776/3343
f 3636/3777/3344 3638/3779/3346 3639/3780/3347 3637/3778/3345
f 3638/3779/3346 3640/3781/3348 3641/3782/3349 3639/3780/3347
f 3640/3781/3348 3642/3783/3350 3643/3784/3351 3641/3782/3349
f 3642/3783/3350 3644/3785/3352 3645/3786/3353 3643/3784/3351
f 3644/3785/3352 3646/3787/3354 3647/3788/3355 3645/3786/3353
f 3646/3787/3354 3648/3789/3356 3649/3790/3357 3647/3788/3355
f 3648/3789/3356 3650/3791/3358 3651/3792/3359 3649/3790/3357
f 3650/3791/3358 3619/3760/3327 3618/3759/3326 3651/3792/3359
f 3652/3793/3360 3653/3794/3361 3654/3795/3362 3655/3796/3363
f 3655/3796/3363 3654/3795/3362 3656/3797/3364 3657/3798/3365
f 3657/3798/3365 3656/3797/3364 3658/3799/3366 3659/3800/3367
f 3659/3800/3367 3658/3799/3366 3660/3801/3368 3661/3802/3369
f 3660/3801/3368 3662/3803/3370 3663/3804/3371 3661/3802/3369
f 3662/3803/3370 3664/3805/3372 3665/3806/3373 3663/3804/3371
f 3664/3805/3372 3666/3807/3374 3667/3808/3375 3665/3806/3373
f 3666/3807/3374 3668/3809/3376 3669/3810/3377 3667/3808/3375
f 3668/3809/3376 3670/3811/3378 3671/3812/3379 3669/3810/3377
f 3671/3812/3379 3670/3811/3378 3672/3813/3380 3673/3814/3381
f 3672/3813/3380 3674/3815/3382 3675/3816/3383 3673/3814/3381
f 3674/3815/3382 3676/3817/3384 3677/3818/3385 3675/3816/3383
f 3677/3818/3385 3676/3817/3384 3678/3819/3386 3679/3820/3387
f 3679/3820/3387 3678/3819/3386 3680/3821/3388 3681/3822/3389
f 3681/3822/3389 3680/3821/3388 3682/3823/3390 3683/3824/3391
f 3683/3824/3391 3682/3823/3390 3653/3794/3361 3652/3793/3360
f 3619/3760/3327 3684/3825/3392 3685/3826/3393 3620/3761/3328
f 3620/3761/3328 3685/3826/3393 3686/3827/3394 3622/3763/3330
f 3686/3827/3394 3687/3828/3395 3624/3765/3332 3622/3763/3330
f 3687/3828/3395 3688/3829/3396 3626/3767/3334 3624/3765/3332
f 3688/3829/3396 3689/3830/3397 3628/3769/3336 3626/3767/3334
f 3689/3830/3397 3690/3831/3398 3630/3771/3338 3628/3769/3336
f 3690/3831/3398 3691/3832/3399 3632/3773/3340 3630/3771/3338
f 3691/3832/3399 3692/3833/3400 3634/3775/3342 3632/3773/3340
f 3692/3833/3400 3693/3834/3401 3636/3777/3344 3634/3775/3342
f 3693/3834/3401 3694/3835/3402 3638/3779/3346 3636/3777/3344
f 3638/3779/3346 3694/3835/3402 3695/3836/3403 3640/3781/3348
f 3640/3781/3348 3695/3836/3403 3696/3837/3404 3642/3783/3350
f 3642/3783/3350 3696/3837/3404 3697/3838/3405 3644/3785/3352
f 3644/3785/3352 3697/3838/3405 3698/3839/3406 3646/3787/3354
f 3646/3787/3354 3698/3839/3406 3699/3840/3407 3648/3789/3356
f 3648/3789/3356 3699/3840/3407 3700/3841/3408 3650/3791/3358
f 3650/3791/3358 3700/3841/3408 3684/3825/3392 3619/3760/3327
f 3684/3825/3392 3701/3842/3409 3685/3826/3393
f 3685/3826/3393 3701/3842/3409 3686/3827/3394
f 3686/3827/3394 3701/3842/3409 3687/3828/3395
f 3687/3828/3395 3701/3842/3409 3688/3829/3396
f 3688/3829/3396 3701/3842/3409 3689/3830/3397
f 3689/3830/3397 3701/3842/3409 3690/3831/3398
f 3690/3831/3398 3701/3842/3409 3691/3832/3399
f 3691/3832/3399 3701/3842/3409 3692/3833/3400
f 3692/3833/3400 3701/3842/3409 3693/3834/3401
f 3693/3834/3401 3701/3842/3409 3694/3835/3402
f 3694/3835/3402 3701/3842/3409 3695/3836/3403
f 3695/3836/3403 3701/3842/3409 3696/3837/3404
f 3696/3837/3404 3701/3842/3409 3697/3838/3405
f 3697/3838/3405 3701/3842/3409 3698/3839/3406
f 3698/3839/3406 3701/3842/3409 3699/3840/3407
f 3699/3840/3407 3701/3842/3409 3700/3841/3408
f 3700/3841/3408 3701/3842/3409 3684/3825/3392
f 3653/3794/3361 3702/3843/3410 3703/3844/3411 3654/3795/3362
f 3654/3795/3362 3703/3844/3411 3704/3845/3412 3656/3797/3364
f 3656/3797/3364 3704/3845/3412 3705/3846/3413 3658/3799/3366
f 3658/3799/3366 3705/3846/3413 3706/3847/3414 3660/3801/3368
f 3706/3847/3414 3707/3848/3415 3662/3803/3370 3660/3801/3368
f 3707/3848/3415 3708/3849/3416 3664/3805/3372 3662/3803/3370
f 3708/3849/3416 3709/3850/3417 3666/3807/3374 3664/3805/3372
f 3709/3850/3417 3710/3851/3418 3668/3809/3376 3666/3807/3374
f 3710/3851/3418 3711/3852/3419 3670/3811/3378 3668/3809/3376
f 3711/3852/3419 3712/3853/3420 3672/3813/3380 3670/3811/3378
f 3712/3853/3420 3713/3854/3421 3674/3815/3382 3672/3813/3380
f 3713/3854/3421 3714/3855/3422 3676/3817/3384 3674/3815/3382
f 3714/3855/3422 3715/3856/3423 3678/3819/3386 3676/3817/3384
f 3678/3819/3386 3715/3856/3423 3716/3857/3424 3680/3821/3388
f 3680/3821/3388 3716/3857/3424 3717/3858/3425 3682/3823/3390
f 3682/3823/3390 3717/3858/3425 3702/3843/3410 3653/3794/3361
f 3702/3843/3410 3718/3859/3426 3703/3844/3411
f 3703/3844/3411 3718/3859/3426 3704/3845/3412
f 3704/3845/3412 3718/3859/3426 3705/3846/3413
f 3705/3846/3413 3718/3859/3426 3706/3847/3414
f 3706/3847/3414 3718/3859/3426 3707/3848/3415
f 3707/3848/3415 3718/3859/3426 3708/3849/3416
f 3708/3849/3416 3718/3859/3426 3709/3850/3417
f 3709/3850/3417 3718/3859/3426 3710/3851/3418
f 3710/3851/3418 3718/3859/3426 3711/3852/3419
f 3711/3852/3419 3718/3859/3426 3712/3853/3420
f 3712/3853/3420 3718/3859/3426 3713/3854/3421
f 3713/3854/3421 3718/3859/3426 3714/3855/3422
f 3714/3855/3422 3718/3859/3426 3715/3856/3423
f 3715/3856/3423 3718/3859/3426 3716/3857/3424
f 3716/3857/3424 3718/3859/3426 3717/3858/3425
f 3717/3858/3425 3718/3859/3426 3702/3843/3410
f 3719/3860/3427 3720/3861/3428 3721/3862/3429 3722/3863/3430
f 3721/3862/3429 3723/3864/3431 3724/3865/3432 3722/3863/3430
f 3723/3864/3431 3725/3866/3433 3726/3867/3434 3724/3865/3432
f 3725/3866/3433 3727/3868/3435 3728/3869/3436 3726/3867/3434
f 3727/3868/3435 3729/3870/3437 3730/3871/3438 3728/3869/3436
f 3730/3871/3438 3729/3870/3437 3731/3872/3439 3732/3873/3440
f 3732/3873/3440 3731/3872/3439 3733/3874/3441 3734/3875/3442
f 3734/3875/3442 3733/3874/3441 3735/3876/3443 3736/3877/3444
f 3735/3876/3443 3737/3878/3445 3738/3879/3446 3736/3877/3444
f 3737/3878/3445 3739/3880/3447 3740/3881/3448 3738/3879/3446
f 3740/3881/3448 3739/3880/3447 3720/3861/3428 3719/3860/3427
f 3720/3861/3428 3725/3866/3433 3723/3864/3431 3721/3862/3429
f 3735/3876/3443 3733/3874/3441 3731/3872/3439 3737/3878/3445
f 3737/3878/3445 3731/3872/3439 3729/3870/3437
f 3739/3880/3447 3737/3878/3445 3729/3870/3437 3727/3868/3435
f 3720/3861/3428 3739/3880/3447 3727/3868/3435 3725/3866/3433
f 3741/3882/3449 3742/3883/3450 3743/3884/3451
f 3744/3885/3452 3745/3886/3453 3746/3887/3454
f 3744/3885/3452 3746/3887/3454 3747/3888/3455
f 3741/3882/3449 3744/3885/3452 3747/3888/3455 3742/3883/3450
f 3748/3889/3456 3749/3890/3457 3750/3891/3458 3751/3892/3459
f 3749/3890/3457 3752/3893/3460 3753/3894/3461 3750/3891/3458
f 3752/3893/3460 3754/3895/3462 3755/3896/3463 3753/3894/3461
f 3754/3895/3462 3756/3897/3464 3757/3898/3465 3755/3896/3463
f 3756/3897/3464 3758/3899/3466 3759/3900/3467 3757/3898/3465
f 3758/3899/3466 3760/3901/3468 3761/3902/3469 3759/3900/3467
f 3760/3901/3468 3762/3903/3470 3763/3904/3471 3761/3902/3469
f 3762/3903/3470 3764/3905/3472 3765/3906/3473 3763/3904/3471
f 3766/3907/3474 3767/3908/3475 3765/3906/3473 3764/3905/3472
f 3768/3909/3476 3769/3910/3477 3767/3908/3475 3766/3907/3474
f 3770/3911/3478 3771/3912/3479 3769/3910/3477 3768/3909/3476
f 3772/3913/3480 3773/3914/3481 3771/3912/3479 3770/3911/3478
f 3774/3915/3482 3775/3916/3483 3773/3914/3481 3772/3913/3480
f 3776/3917/3484 3777/3918/3485 3775/3916/3483 3774/3915/3482
f 3778/3919/3486 3779/3920/3487 3777/3918/3485 3776/3917/3484
f 3780/3921/3488 3781/3922/3489 3779/3920/3487 3778/3919/3486
f 3748/3889/3456 3751/3892/3459 3781/3922/3489 3780/3921/3488
f 3782/3923/3490 3783/3924/3491 3784/3925/3492 3785/3926/3493
f 3783/3924/3491 3786/3927/3494 3787/3928/3495 3784/3925/3492
f 3786/3927/3494 3788/3929/3496 3789/3930/3497 3787/3928/3495
f 3788/3929/3496 3790/3931/3498 3791/3932/3499 3789/3930/3497
f 3792/3933/3500 3793/3934/3501 3791/3932/3499 3790/3931/3498
f 3794/3935/3502 3795/3936/3503 3793/3934/3501 3792/3933/3500
f 3796/3937/3504 3797/3938/3505 3795/3936/3503 3794/3935/3502
f 3798/3939/3506 3799/3940/3507 3797/3938/3505 3796/3937/3504
f 3800/3941/3508 3801/3942/3509 3799/3940/3507 3798/3939/3506
f 3800/3941/3508 3802/3943/3510 3803/3944/3511 3801/3942/3509
f 3804/3945/3512 3805/3946/3513 3803/3944/3511 3802/3943/3510
f 3806/3947/3514 3807/3948/3515 3805/3946/3513 3804/3945/3512
f 3806/3947/3514 3808/3949/3516 3809/3950/3517 3807/3948/3515
f 3808/3949/3516 3810/3951/3518 3811/3952/3519 3809/3950/3517
f 3810/3951/3518 3812/3953/3520 3813/3954/3521 3811/3952/3519
f 3812/3953/3520 3782/3923/3490 3785/3926/3493 3813/3954/3521
f 3751/3892/3459 3750/3891/3458 3814/3955/3522 3815/3956/3523
f 3750/3891/3458 3753/3894/3461 3816/3957/3524 3814/3955/3522
f 3755/3896/3463 3817/3958/3525 3816/3957/3524 3753/3894/3461
f 3757/3898/3465 3818/3959/3526 3817/3958/3525 3755/3896/3463
f 3759/3900/3467 3819/3960/3527 3818/3959/3526 3757/3898/3465
f 3761/3902/3469 3820/3961/3528 3819/3960/3527 3759/3900/3467
f 3763/3904/3471 3821/3962/3529 3820/3961/3528 3761/3902/3469
f 3765/3906/3473 3822/3963/3530 3821/3962/3529 3763/3904/3471
f 3767/3908/3475 3823/3964/3531 3822/3963/3530 3765/3906/3473
f 3769/3910/3477 3824/3965/3532 3823/3964/3531 3767/3908/3475
f 3769/3910/3477 3771/3912/3479 3825/3966/3533 3824/3965/3532
f 3771/3912/3479 3773/3914/3481 3826/3967/3534 3825/3966/3533
f 3773/3914/3481 3775/3916/3483 3827/3968/3535 3826/3967/3534
f 3775/3916/3483 3777/3918/3485 3828/3969/3536 3827/3968/3535
f 3777/3918/3485 3779/3920/3487 3829/3970/3537 3828/3969/3536
f 3779/3920/3487 3781/3922/3489 3830/3971/3538 3829/3970/3537
f 3781/3922/3489 3751/3892/3459 3815/3956/3523 3830/3971/3538
f 3815/3956/3523 3814/3955/3522 3831/3972/3539
f 3814/3955/3522 3816/3957/3524 3831/3972/3539
f 3816/3957/3524 3817/3958/3525 3831/3972/3539
f 3817/3958/3525 3818/3959/3526 3831/3972/3539
f 3818/3959/3526 3819/3960/3527 3831/3972/3539
f 3819/3960/3527 3820/3961/3528 3831/3972/3539
f 3820/3961/3528 3821/3962/3529 3831/3972/3539
f 3821/3962/3529 3822/3963/3530 3831/3972/3539
f 3822/3963/3530 3823/3964/3531 3831/3972/3539
f 3823/3964/3531 3824/3965/3532 3831/3972/3539
f 3824/3965/3532 3825/3966/3533 3831/3972/3539
f 3825/3966/3533 3826/3967/3534 3831/3972/3539
f 3826/3967/3534 3827/3968/3535 3831/3972/3539
f 3827/3968/3535 3828/3969/3536 3831/3972/3539
f 3828/3969/3536 3829/3970/3537 3831/3972/3539
f 3829/3970/3537 3830/3971/3538 3831/3972/3539
f 3830/3971/3538 3815/3956/3523 3831/3972/3539
f 3785/3926/3493 3784/3925/3492 3832/3973/3540 3833/3974/3541
f 3784/3925/3492 3787/3928/3495 3834/3975/3542 3832/3973/3540
f 3787/3928/3495 3789/3930/3497 3835/3976/3543 3834/3975/3542
f 3789/3930/3497 3791/3932/3499 3836/3977/3544 3835/3976/3543
f 3793/3934/3501 3837/3978/3545 3836/3977/3544 3791/3932/3499
f 3795/3936/3503 3838/3979/3546 3837/3978/3545 3793/3934/3501
f 3797/3938/3505 3839/3980/3547 3838/3979/3546 3795/3936/3503
f 3799/3940/3507 3840/3981/3548 3839/3980/3547 3797/3938/3505
f 3801/3942/3509 3841/3982/3549 3840/3981/3548 3799/3940/3507
f 3803/3944/3511 3842/3983/3550 3841/3982/3549 3801/3942/3509
f 3805/3946/3513 3843/3984/3551 3842/3983/3550 3803/3944/3511
f 3807/3948/3515 3844/3985/3552 3843/3984/3551 3805/3946/3513
f 3809/3950/3517 3845/3986/3553 3844/3985/3552 3807/3948/3515
f 3809/3950/3517 3811/3952/3519 3846/3987/3554 3845/3986/3553
f 3811/3952/3519 3813/3954/3521 3847/3988/3555 3846/3987/3554
f 3813/3954/3521 3785/3926/3493 3833/3974/3541 3847/3988/3555
f 3833/3974/3541 3832/3973/3540 3848/3989/3556
f 3832/3973/3540 3834/3975/3542 3848/3989/3556
f 3834/3975/3542 3835/3976/3543 3848/3989/3556
f 3835/3976/3543 3836/3977/3544 3848/3989/3556
f 3836/3977/3544 3837/3978/3545 3848/3989/3556
f 3837/3978/3545 3838/3979/3546 3848/3989/3556
f 3838/3979/3546 3839/3980/3547 3848/3989/3556
f 3839/3980/3547 3840/3981/3548 3848/3989/3556
f 3840/3981/3548 3841/3982/3549 3848/3989/3556
f 3841/3982/3549 3842/3983/3550 3848/3989/3556
f 3842/3983/3550 3843/3984/3551 3848/3989/3556
f 3843/3984/3551 3844/3985/3552 3848/3989/3556
f 3844/3985/3552 3845/3986/3553 3848/3989/3556
f 3845/3986/3553 3846/3987/3554 3848/3989/3556
f 3846/3987/3554 3847/3988/3555 3848/3989/3556
f 3847/3988/3555 3833/3974/3541 3848/3989/3556
f 3849/3990/3557 3850/3991/3558 3851/3992/3559 3852/3993/3560
f 3853/3994/3561 3854/3995/3562 3851/3992/3559 3850/3991/3558
f 3855/3996/3563 3856/3997/3564 3854/3995/3562 3853/3994/3561
f 3857/3998/3565 3858/3999/3566 3856/3997/3564 3855/3996/3563
f 3859/4000/3567 3860/4001/3568 3858/3999/3566 3857/3998/3565
f 3859/4000/3567 3861/4002/3569 3862/4003/3570 3860/4001/3568
f 3861/4002/3569 3863/4004/3571 3864/4005/3572 3862/4003/3570
f 3863/4004/3571 3865/4006/3573 3866/4007/3574 3864/4005/3572
f 3867/4008/3575 3868/4009/3576 3866/4007/3574 3865/4006/3573
f 3869/4010/3577 3870/4011/3578 3868/4009/3576 3867/4008/3575
f 3869/4010/3577 3849/3990/3557 3852/3993/3560 3870/4011/3578
f 3854/3995/3562 3856/3997/3564 3852/3993/3560 3851/3992/3559
f 3862/4003/3570 3864/4005/3572 3866/4007/3574 3868/4009/3576
f 3868/4009/3576 3860/4001/3568 3862/4003/3570
f 3870/4011/3578 3858/3999/3566 3860/4001/3568 3868/4009/3576
f 3852/3993/3560 3856/3997/3564 3858/3999/3566 3870/4011/3578
f 3871/4012/3579 3872/4013/3580 3873/4014/3581
f 3874/4015/3582 3875/4016/3583 3876/4017/3584
f 3874/4015/3582 3877/4018/3585 3875/4016/3583
f 3871/4012/3579 3873/4014/3581 3877/4018/3585 3874/4015/3582
f 3878/4019/3586 3879/4020/3587 3880/4021/3588 3881/4022/3589
f 3880/4021/3588 3882/4023/3590 3883/4024/3591 3881/4022/3589
f 3883/4024/3591 3882/4023/3590 3884/4025/3592 3885/4026/3593
f 3884/4025/3592 3886/4027/3594 3887/4028/3595 3885/4026/3593
f 3886/4027/3594 3888/4029/3596 3889/4030/3597 3887/4028/3595
f 3888/4029/3596 3890/4031/3598 3891/4032/3599 3889/4030/3597
f 3890/4031/3598 3892/4033/3600 3893/4034/3601 3891/4032/3599
f 3893/4034/3601 3892/4033/3600 3894/4035/3602 3895/4036/3603
f 3894/4035/3602 3896/4037/3604 3897/4038/3605 3895/4036/3603
f 3896/4037/3604 3898/4039/3606 3899/4040/3607 3897/4038/3605
f 3898/4039/3606 3900/4041/3608 3901/4042/3609 3899/4040/3607
f 3900/4041/3608 3902/4043/3610 3903/4044/3611 3901/4042/3609
f 3902/4043/3610 3904/4045/3612 3905/4046/3613 3903/4044/3611
f 3904/4045/3612 3906/4047/3614 3907/4048/3615 3905/4046/3613
f 3907/4048/3615 3906/4047/3614 3908/4049/3616 3909/4050/3617
f 3908/4049/3616 3910/4051/3618 3911/4052/3619 3909/4050/3617
f 3910/4051/3618 3912/4053/3620 3913/4054/3621 3911/4052/3619
f 3913/4054/3621 3912/4053/3620 3879/4020/3587 3878/4019/3586
f 3879/4020/3587 3912/4053/3620 3914/4055/3622 3880/4021/3588
f 3896/4037/3604 3894/4035/3602 3892/4033/3600 3890/4031/3598
f 3896/4037/3604 3890/4031/3598 3888/4029/3596 3898/4039/3606
f 3898/4039/3606 3888/4029/3596 3886/4027/3594 3900/4041/3608
f 3900/4041/3608 3886/4027/3594 3915/4056/3623 3916/4057/3624
f 3884/4025/3592 3882/4023/3590 3917/4058/3625 3915/4056/3623
f 3882/4023/3590 3880/4021/3588 3914/4055/3622 3917/4058/3625
f 3912/4053/3620 3910/4051/3618 3918/4059/3626 3914/4055/3622
f 3914/4055/3622 3918/4059/3626 3919/4060/3627 3917/4058/3625
f 3919/4060/3627 3916/4057/3624 3915/4056/3623 3917/4058/3625
f 3886/4027/3594 3884/4025/3592 3915/4056/3623
f 3908/4049/3616 3906/4047/3614 3918/4059/3626 3910/4051/3618
f 3918/4059/3626 3906/4047/3614 3904/4045/3612 3919/4060/3627
f 3904/4045/3612 3902/4043/3610 3916/4057/3624 3919/4060/3627
f 3916/4057/3624 3902/4043/3610 3900/4041/3608
f 3920/4061/3628 3921/4062/3629 3922/4063/3630 3923/4064/3631
f 3924/4065/3632 3925/4066/3633 3922/4063/3630 3921/4062/3629
f 3924/4065/3632 3926/4067/3634 3927/4068/3635 3925/4066/3633
f 3928/4069/3636 3929/4070/3637 3927/4068/3635 3926/4067/3634
f 3930/4071/3638 3931/4072/3639 3929/4070/3637 3928/4069/3636
f 3932/4073/3640 3933/4074/3641 3931/4072/3639 3930/4071/3638
f 3934/4075/3642 3935/4076/3643 3933/4074/3641 3932/4073/3640
f 3934/4075/3642 3936/4077/3644 3937/4078/3645 3935/4076/3643
f 3938/4079/3646 3939/4080/3647 3937/4078/3645 3936/4077/3644
f 3940/4081/3648 3941/4082/3649 3939/4080/3647 3938/4079/3646
f 3942/4083/3650 3943/4084/3651 3941/4082/3649 3940/4081/3648
f 3944/4085/3652 3945/4086/3653 3943/4084/3651 3942/4083/3650
f 3946/4087/3654 3947/4088/3655 3945/4086/3653 3944/4085/3652
f 3948/4089/3656 3949/4090/3657 3947/4088/3655 3946/4087/3654
f 3948/4089/3656 3950/4091/3658 3951/4092/3659 3949/4090/3657
f 3952/4093/3660 3953/4094/3661 3951/4092/3659 3950/4091/3658
f 3954/4095/3662 3955/4096/3663 3953/4094/3661 3952/4093/3660
f 3954/4095/3662 3920/4061/3628 3923/4064/3631 3955/4096/3663
f 3923/4064/3631 3922/4063/3630 3956/4097/3664 3955/4096/3663
f 3939/4080/3647 3933/4074/3641 3935/4076/3643 3937/4078/3645
f 3931/4072/3639 3933/4074/3641 3939/4080/3647 3941/4082/3649
f 3929/4070/3637 3931/4072/3639 3941/4082/3649 3943/4084/3651
f 3943/4084/3651 3957/4098/3665 3958/4099/3666 3929/4070/3637
f 3959/4100/3667 3925/4066/3633 3927/4068/3635 3958/4099/3666
f 3956/4097/3664 3922/4063/3630 3925/4066/3633 3959/4100/3667
f 3955/4096/3663 3956/4097/3664 3960/4101/3668 3953/4094/3661
f 3956/4097/3664 3959/4100/3667 3961/4102/3669 3960/4101/3668
f 3958/4099/3666 3957/4098/3665 3961/4102/3669 3959/4100/3667
f 3929/4070/3637 3958/4099/3666 3927/4068/3635
f 3960/4101/3668 3949/4090/3657 3951/4092/3659 3953/4094/3661
f 3960/4101/3668 3961/4102/3669 3947/4088/3655 3949/4090/3657
f 3957/4098/3665 3945/4086/3653 3947/4088/3655 3961/4102/3669
f 3957/4098/3665 3943/4084/3651 3945/4086/3653
o LowTire
v -61.403225 36.099564 60.374870
v -61.403225 36.099567 79.246101
v -60.919514 30.712265 79.246101
v -60.919514 30.712263 60.374870
v -62.797665 41.171692 60.374870
v -62.797665 41.171696 79.246101
v -65.017731 45.843552 60.374870
v -65.017731 45.843555 79.246101
v -67.978363 50.030087 60.374870
v -67.978363 50.030090 79.246117
v -71.594482 53.646202 60.374870
v -71.594482 53.646206 79.246109
v -75.781013 56.606846 60.374870
v -75.781013 56.606850 79.246109
v -80.452881 58.826904 60.374870
v -80.452881 58.826908 79.246109
v -85.525002 60.221344 60.374870
v -85.525002 60.221348 79.246109
v -90.912300 60.705051 60.374870
v -90.912300 60.705055 79.246109
v -96.299614 60.221344 60.374870
v -96.299614 60.221348 79.246109
v -101.371696 58.826916 60.374870
v -101.371696 58.826908 79.246109
v -106.043602 56.606846 60.374870
v -106.043602 56.606838 79.246109
v -110.230103 53.646202 60.374870
v -110.230103 53.646206 79.246109
v -113.846306 50.030087 60.374870
v -113.846306 50.030090 79.246117
v -116.806900 45.843552 60.374870
v -116.806900 45.843555 79.246101
v -119.027000 41.171684 60.374870
v -119.027000 41.171688 79.246101
v -120.421402 36.099564 60.374870
v -120.421402 36.099567 79.246101
v -120.905106 30.712263 60.374870
v -120.905106 30.712265 79.246101
v -120.421402 25.324953 60.374870
v -120.421402 25.324955 79.246101
v -119.027000 20.252834 60.374874
v -119.027000 20.252836 79.246101
v -116.806900 15.580965 60.374859
v -116.806900 15.580966 79.246101
v -113.846306 11.394435 60.374859
v -113.846306 11.394436 79.246086
v -110.230103 7.778315 60.374859
v -110.230103 7.778316 79.246086
v -106.043602 4.817685 60.374859
v -106.043602 4.817686 79.246086
v -101.371696 2.597615 60.374859
v -101.371696 2.597616 79.246086
v -96.299614 1.203185 60.374859
v -96.299614 1.203176 79.246086
v -90.912300 0.719465 60.374859
v -90.912300 0.719466 79.246086
v -85.525002 1.203175 60.374859
v -85.525002 1.203176 79.246086
v -80.452873 2.597615 60.374859
v -80.452873 2.597606 79.246086
v -75.781013 4.817685 60.374859
v -75.781013 4.817686 79.246086
v -71.594482 7.778315 60.374859
v -71.594482 7.778316 79.246086
v -67.978363 11.394444 60.374859
v -67.978363 11.394445 79.246086
v -65.017723 15.580975 60.374859
v -65.017723 15.580966 79.246101
v -62.797665 20.252834 60.374874
v -62.797665 20.252836 79.246101
v -61.403225 25.324953 60.374870
v -61.403225 25.324955 79.246101
v -63.022243 35.803997 80.978142
v -62.565060 30.712265 80.978142
v -64.340172 40.597839 80.978142
v -66.438438 45.013378 80.978142
v -69.236626 48.970219 80.978142
v -72.654358 52.387936 80.978134
v -76.611191 55.186142 80.978134
v -81.026741 57.284397 80.978134
v -85.820572 58.602329 80.978134
v -90.912300 59.059505 80.978134
v -96.004028 58.602329 80.978134
v -100.797905 57.284397 80.978134
v -105.213402 55.186131 80.978134
v -109.170303 52.387936 80.978134
v -112.588005 48.970207 80.978142
v -115.386208 45.013378 80.978142
v -117.484398 40.597828 80.978142
v -118.802406 35.803997 80.978142
v -119.259499 30.712265 80.978142
v -118.802406 25.620535 80.978134
v -117.484398 20.826687 80.978134
v -115.386208 16.411146 80.978134
v -112.588005 12.454316 80.978134
v -109.170303 9.036595 80.978134
v -105.213402 6.238396 80.978134
v -100.797905 4.140126 80.978134
v -96.004028 2.822196 80.978134
v -90.912300 2.365026 80.978134
v -85.820572 2.822196 80.978134
v -81.026726 4.140126 80.978134
v -76.611191 6.238396 80.978134
v -72.654350 9.036586 80.978134
v -69.236626 12.454316 80.978134
v -66.438431 16.411156 80.978134
v -64.340172 20.826696 80.978134
v -63.022243 25.620535 80.978134
v -65.025848 35.438206 81.247231
v -64.601524 30.712265 81.247231
v -66.249107 39.887657 81.247231
v -68.196632 43.985989 81.247231
v -70.793800 47.658569 81.247231
v -73.965996 50.830769 81.247223
v -77.638580 53.427952 81.247238
v -81.736908 55.375465 81.247238
v -86.186363 56.598721 81.247238
v -90.912300 57.023048 81.247238
v -95.638237 56.598721 81.247238
v -100.087700 55.375465 81.247238
v -104.185997 53.427937 81.247238
v -107.858604 50.830769 81.247223
v -111.030800 47.658569 81.247231
v -113.628006 43.985989 81.247231
v -115.575500 39.887657 81.247231
v -116.798706 35.438206 81.247231
v -117.223099 30.712265 81.247231
v -116.798706 25.986317 81.247231
v -115.575500 21.536867 81.247231
v -113.628006 17.438536 81.247231
v -111.030800 13.765956 81.247231
v -107.858604 10.593766 81.247231
v -104.185997 7.996586 81.247223
v -100.087700 6.049057 81.247223
v -95.638237 4.825806 81.247223
v -90.912300 4.401476 81.247223
v -86.186363 4.825806 81.247223
v -81.736908 6.049057 81.247223
v -77.638580 7.996596 81.247223
v -73.965996 10.593756 81.247231
v -70.793800 13.765956 81.247231
v -68.196617 17.438536 81.247231
v -66.249107 21.536867 81.247231
v -65.025848 25.986324 81.247231
v -69.361298 34.646709 81.244957
v -69.008041 30.712265 81.244957
v -70.379692 38.350971 81.244957
v -72.001053 41.762909 81.244957
v -74.163239 44.820408 81.244957
v -76.804161 47.461327 81.244957
v -79.861656 49.623528 81.244957
v -83.273605 51.244881 81.244949
v -86.977867 52.263271 81.244949
v -90.912300 52.616531 81.244949
v -94.846756 52.263271 81.244949
v -98.551010 51.244881 81.244949
v -101.963005 49.623528 81.244957
v -105.020500 47.461327 81.244957
v -107.661400 44.820408 81.244957
v -109.823601 41.762909 81.244957
v -111.444901 38.350971 81.244957
v -112.463310 34.646709 81.244957
v -112.816605 30.712265 81.244957
v -112.463310 26.777817 81.244957
v -111.444901 23.073557 81.244957
v -109.823601 19.661617 81.244957
v -107.661400 16.604116 81.244957
v -105.020500 13.963206 81.244957
v -101.963005 11.800996 81.244957
v -98.551010 10.179646 81.244957
v -94.846756 9.161266 81.244957
v -90.912300 8.808006 81.244957
v -86.977867 9.161266 81.244957
v -83.273605 10.179646 81.244957
v -79.861656 11.801006 81.244957
v -76.804161 13.963206 81.244957
v -74.163239 16.604116 81.244957
v -72.001038 19.661617 81.244957
v -70.379692 23.073566 81.244957
v -69.361313 26.777817 81.244957
v -70.328941 34.470051 80.393578
v -69.991539 30.712265 80.393578
v -71.301598 38.007999 80.393578
v -72.850159 41.266739 80.393578
v -74.915276 44.186958 80.393578
v -77.437622 46.709297 80.393578
v -80.357834 48.774418 80.393578
v -83.616577 50.322971 80.393578
v -87.154526 51.295628 80.393570
v -90.912300 51.633030 80.393570
v -94.670097 51.295628 80.393570
v -98.208031 50.322979 80.393578
v -101.466805 48.774406 80.393578
v -104.387001 46.709297 80.393578
v -106.909302 44.186958 80.393578
v -108.974503 41.266739 80.393578
v -110.523003 38.007988 80.393578
v -111.495705 34.470051 80.393578
v -111.833107 30.712265 80.393578
v -111.495705 26.954477 80.393578
v -110.523003 23.416536 80.393578
v -108.974503 20.157787 80.393578
v -106.909302 17.237576 80.393578
v -104.387001 14.715236 80.393578
v -101.466805 12.650116 80.393578
v -98.208031 11.101556 80.393578
v -94.670097 10.128906 80.393578
v -90.912300 9.791496 80.393578
v -87.154526 10.128896 80.393578
v -83.616577 11.101556 80.393578
v -80.357834 12.650116 80.393578
v -77.437614 14.715236 80.393578
v -74.915276 17.237576 80.393578
v -72.850151 20.157787 80.393578
v -71.301598 23.416536 80.393578
v -70.328941 26.954477 80.393578
v -71.807640 34.200096 80.391281
v -71.494484 30.712265 80.391281
v -72.710419 37.483868 80.391281
v -74.147743 40.508518 80.391281
v -76.064491 43.218937 80.391281
v -78.405632 45.560066 80.391281
v -81.116058 47.476841 80.391281
v -84.140701 48.914146 80.391281
v -87.424484 49.816929 80.391281
v -90.912300 50.130089 80.391281
v -94.400131 49.816929 80.391281
v -97.683914 48.914146 80.391281
v -100.708603 47.476841 80.391281
v -103.418999 45.560078 80.391281
v -105.760094 43.218937 80.391281
v -107.676903 40.508507 80.391281
v -109.114197 37.483868 80.391281
v -110.017006 34.200089 80.391281
v -110.330101 30.712265 80.391281
v -110.017006 27.224436 80.391273
v -109.114197 23.940655 80.391273
v -107.676903 20.916016 80.391273
v -105.760094 18.205585 80.391273
v -103.418999 15.864456 80.391273
v -100.708603 13.947686 80.391273
v -97.683914 12.510376 80.391273
v -94.400131 11.607606 80.391273
v -90.912300 11.294436 80.391273
v -87.424484 11.607595 80.391273
v -84.140701 12.510376 80.391273
v -81.116058 13.947696 80.391273
v -78.405632 15.864456 80.391273
v -76.064507 18.205585 80.391273
v -74.147728 20.916016 80.391273
v -72.710419 23.940666 80.391273
v -71.807640 27.224436 80.391273
v -71.990715 34.166668 79.232941
v -71.680550 30.712265 79.232941
v -72.884842 37.418987 79.232941
v -74.308380 40.414639 79.232941
v -76.206772 43.099098 79.232941
v -78.525482 45.417797 79.232941
v -81.209930 47.316196 79.232941
v -84.205589 48.739727 79.232941
v -87.457901 49.633858 79.232941
v -90.912300 49.944027 79.232941
v -94.366714 49.633869 79.232941
v -97.619019 48.739727 79.232941
v -100.614700 47.316189 79.232941
v -103.299095 45.417797 79.232941
v -105.617798 43.099098 79.232941
v -107.516197 40.414639 79.232941
v -108.939796 37.418980 79.232941
v -109.833900 34.166668 79.232941
v -110.144104 30.712265 79.232941
v -109.833900 27.257854 79.232933
v -108.939796 24.005547 79.232933
v -107.516197 21.009886 79.232933
v -105.617798 18.325426 79.232933
v -103.299095 16.006725 79.232933
v -100.614700 14.108335 79.232933
v -97.619019 12.684796 79.232933
v -94.366714 11.790666 79.232933
v -90.912300 11.480506 79.232933
v -87.457901 11.790666 79.232933
v -84.205589 12.684796 79.232933
v -81.209930 14.108335 79.232933
v -78.525475 16.006725 79.232933
v -76.206772 18.325426 79.232933
v -74.308372 21.009886 79.232933
v -72.884842 24.005547 79.232933
v -71.990715 27.257854 79.232933
v -85.020180 31.787954 79.232941
v -84.923607 30.712265 79.232941
v -85.298607 32.800720 79.232941
v -85.741890 33.733547 79.232941
v -86.333054 34.569489 79.232941
v -87.055077 35.291519 79.232941
v -87.891022 35.882679 79.232941
v -88.823853 36.325958 79.232941
v -89.836609 36.604389 79.232941
v -90.912300 36.700970 79.232941
v -91.987991 36.604389 79.232941
v -93.000763 36.325958 79.232941
v -93.933586 35.882679 79.232941
v -94.769531 35.291519 79.232941
v -95.491562 34.569489 79.232941
v -96.082710 33.733547 79.232941
v -96.526001 32.800709 79.232941
v -96.804436 31.787954 79.232941
v -96.901009 30.712265 79.232941
v -96.804436 29.636566 79.232941
v -96.526001 28.623816 79.232941
v -96.082710 27.690975 79.232941
v -95.491562 26.855047 79.232941
v -94.769531 26.133005 79.232941
v -93.933586 25.541857 79.232941
v -93.000763 25.098566 79.232941
v -91.987991 24.820135 79.232941
v -90.912300 24.723557 79.232941
v -89.836609 24.820135 79.232941
v -88.823853 25.098566 79.232941
v -87.891022 25.541857 79.232941
v -87.055077 26.133005 79.232941
v -86.333054 26.855047 79.232941
v -85.741890 27.690975 79.232941
v -85.298607 28.623816 79.232941
v -85.020180 29.636576 79.232941
v -86.664207 31.487818 79.457695
v -86.594566 30.712265 79.457695
v -86.864944 32.217999 79.457695
v -87.184540 32.890556 79.457695
v -87.610748 33.493248 79.457695
v -88.131317 34.013817 79.457695
v -88.734009 34.440029 79.457695
v -89.406570 34.759628 79.457695
v -90.136749 34.960369 79.457695
v -90.912300 35.030006 79.457695
v -91.687859 34.960369 79.457695
v -92.418045 34.759628 79.457695
v -93.090591 34.440029 79.457695
v -93.693291 34.013817 79.457695
v -94.213860 33.493248 79.457695
v -94.640068 32.890556 79.457695
v -94.959671 32.217999 79.457695
v -95.160416 31.487818 79.457695
v -95.230049 30.712265 79.457695
v -95.160416 29.936707 79.457695
v -94.959671 29.206524 79.457695
v -94.640068 28.533976 79.457695
v -94.213860 27.931278 79.457695
v -93.693291 27.410706 79.457695
v -93.090591 26.984497 79.457695
v -92.418045 26.664896 79.457695
v -91.687859 26.464157 79.457695
v -90.912300 26.394526 79.457695
v -90.136749 26.464157 79.457695
v -89.406570 26.664896 79.457695
v -88.734009 26.984497 79.457695
v -88.131317 27.410706 79.457695
v -87.610748 27.931278 79.457695
v -87.184540 28.533976 79.457695
v -86.864944 29.206524 79.457695
v -86.664207 29.936707 79.457695
v -90.912300 30.712265 79.457703
v -61.206909 30.712263 59.181038
v -61.685993 36.047943 59.181038
v -61.685993 25.376583 59.181038
v -63.067059 20.353064 59.181042
v -65.265862 15.725965 59.181042
v -68.198120 11.579556 59.181030
v -71.779594 7.998074 59.181030
v -75.926010 5.065825 59.181030
v -80.553101 2.867014 59.181030
v -85.576622 1.485944 59.181030
v -90.912300 1.006874 59.181030
v -96.247993 1.485954 59.181030
v -101.271507 2.867025 59.181030
v -105.898598 5.065814 59.181030
v -110.044998 7.998074 59.181030
v -113.626503 11.579545 59.181030
v -116.558800 15.725965 59.181042
v -118.757607 20.353054 59.181042
v -120.138603 25.376574 59.181038
v -120.617699 30.712263 59.181038
v -120.138603 36.047943 59.181038
v -118.757500 41.071465 59.181038
v -116.558800 45.698555 59.181038
v -113.626503 49.844975 59.181038
v -110.044998 53.426456 59.181038
v -105.898598 56.358704 59.181038
v -101.271507 58.557510 59.181038
v -96.247993 59.938583 59.181038
v -90.912300 60.417664 59.181038
v -85.576622 59.938572 59.181038
v -80.553116 58.557510 59.181038
v -75.926010 56.358727 59.181038
v -71.779602 53.426445 59.181038
v -68.198120 49.844986 59.181038
v -65.265862 45.698563 59.181038
v -63.067047 41.071465 59.181038
v -61.770802 30.712263 58.576675
v -62.240780 35.946667 58.576675
v -62.240780 25.477863 58.576675
v -63.595642 20.549704 58.576679
v -65.752693 16.010445 58.576679
v -68.629303 11.942745 58.576679
v -72.142784 8.429255 58.576679
v -76.210495 5.552664 58.576679
v -80.749748 3.395594 58.576679
v -85.677910 2.040745 58.576679
v -90.912300 1.570764 58.576679
v -96.146698 2.040745 58.576679
v -101.074905 3.395594 58.576679
v -105.614098 5.552654 58.576679
v -109.681801 8.429255 58.576679
v -113.195305 11.942735 58.576679
v -116.071899 16.010445 58.576679
v -118.229004 20.549704 58.576679
v -119.583801 25.477863 58.576675
v -120.053795 30.712263 58.576675
v -119.583801 35.946655 58.576675
v -118.229004 40.874817 58.576675
v -116.071899 45.414074 58.576675
v -113.195305 49.481785 58.576675
v -109.681801 52.995274 58.576675
v -105.614098 55.871868 58.576675
v -101.074905 58.028934 58.576675
v -96.146698 59.383793 58.576675
v -90.912300 59.853775 58.576675
v -85.677910 59.383789 58.576675
v -80.749748 58.028934 58.576675
v -76.210495 55.871887 58.576675
v -72.142792 52.995262 58.576675
v -68.629303 49.481785 58.576675
v -65.752701 45.414085 58.576675
v -63.595642 40.874825 58.576675
v -63.115475 30.712263 58.257717
v -63.563770 35.705124 58.257717
v -63.563770 25.719395 58.257717
v -64.856102 21.018633 58.257721
v -66.913628 16.688824 58.257710
v -69.657501 12.808825 58.257710
v -73.008865 9.457455 58.257710
v -76.888870 6.713594 58.257710
v -81.218681 4.656065 58.257710
v -85.919441 3.363724 58.257710
v -90.912300 2.915434 58.257710
v -95.905174 3.363734 58.257710
v -100.605904 4.656065 58.257710
v -104.935707 6.713594 58.257710
v -108.815796 9.457455 58.257710
v -112.167107 12.808815 58.257710
v -114.911003 16.688824 58.257710
v -116.968506 21.018633 58.257721
v -118.260803 25.719395 58.257717
v -118.709099 30.712263 58.257717
v -118.260803 35.705124 58.257717
v -116.968506 40.405884 58.257717
v -114.911003 44.735695 58.257717
v -112.167107 48.615707 58.257717
v -108.815796 51.967075 58.257725
v -104.935707 54.710938 58.257725
v -100.605904 56.768463 58.257725
v -95.905174 58.060802 58.257725
v -90.912300 58.509094 58.257725
v -85.919441 58.060802 58.257725
v -81.218681 56.768463 58.257725
v -76.888870 54.710941 58.257725
v -73.008865 51.967075 58.257725
v -69.657501 48.615707 58.257717
v -66.913643 44.735695 58.257717
v -64.856102 40.405895 58.257717
v -69.686874 30.712263 58.257717
v -70.029182 34.524776 58.257717
v -70.029190 26.899754 58.257717
v -71.015999 23.310284 58.257721
v -72.587112 20.004084 58.257721
v -74.682312 17.041346 58.257710
v -77.241386 14.482265 58.257710
v -80.204132 12.387074 58.257710
v -83.510330 10.815965 58.257710
v -87.099792 9.829144 58.257710
v -90.912300 9.486825 58.257710
v -94.724823 9.829144 58.257710
v -98.314285 10.815965 58.257710
v -101.620506 12.387074 58.257710
v -104.583206 14.482265 58.257710
v -107.142296 17.041334 58.257710
v -109.237503 20.004084 58.257721
v -110.808609 23.310284 58.257721
v -111.795403 26.899744 58.257717
v -112.137695 30.712263 58.257717
v -111.795403 34.524776 58.257717
v -110.808609 38.114235 58.257717
v -109.237503 41.420444 58.257717
v -107.142296 44.383183 58.257717
v -104.583206 46.942265 58.257717
v -101.620506 49.037457 58.257717
v -98.314285 50.608566 58.257717
v -94.724823 51.595398 58.257717
v -90.912300 51.937706 58.257725
v -87.099792 51.595383 58.257717
v -83.510330 50.608566 58.257717
v -80.204132 49.037457 58.257717
v -77.241386 46.942265 58.257717
v -74.682312 44.383183 58.257717
v -72.587120 41.420444 58.257717
v -71.015999 38.114235 58.257717
v -70.082283 30.712263 58.937576
v -70.418213 34.453754 58.937588
v -70.418213 26.970774 58.937576
v -71.386650 23.448183 58.937580
v -72.928490 20.203564 58.937580
v -74.984665 17.296015 58.937580
v -77.496056 14.784615 58.937580
v -80.403610 12.728455 58.937580
v -83.648216 11.186615 58.937580
v -87.170815 10.218175 58.937580
v -90.912300 9.882236 58.937580
v -94.653793 10.218175 58.937580
v -98.176392 11.186615 58.937580
v -101.421005 12.728455 58.937580
v -104.328506 14.784615 58.937580
v -106.839905 17.296015 58.937580
v -108.896111 20.203564 58.937580
v -110.438004 23.448175 58.937580
v -111.406395 26.970774 58.937576
v -111.742302 30.712263 58.937576
v -111.406395 34.453747 58.937588
v -110.438004 37.976345 58.937588
v -108.896111 41.220963 58.937588
v -106.839905 44.128513 58.937588
v -104.328506 46.639915 58.937588
v -101.421005 48.696075 58.937588
v -98.176392 50.237926 58.937588
v -94.653801 51.206352 58.937588
v -90.912300 51.542297 58.937588
v -87.170822 51.206352 58.937588
v -83.648216 50.237926 58.937588
v -80.403610 48.696083 58.937588
v -77.496056 46.639915 58.937588
v -74.984665 44.128513 58.937588
v -72.928490 41.220963 58.937588
v -71.386650 37.976345 58.937588
v -71.403496 30.712263 58.999100
v -71.718140 34.216434 58.999100
v -71.718140 27.208094 58.999100
v -72.625153 23.908934 58.999104
v -74.069191 20.870125 58.999104
v -75.994926 18.146994 58.999104
v -78.347031 15.794895 58.999104
v -81.070175 13.869155 58.999092
v -84.108978 12.425105 58.999092
v -87.408142 11.518095 58.999092
v -90.912300 11.203465 58.999092
v -94.416466 11.518105 58.999092
v -97.715630 12.425105 58.999092
v -100.754402 13.869155 58.999092
v -103.477600 15.794895 58.999104
v -105.829704 18.146994 58.999104
v -107.755394 20.870125 58.999104
v -109.199501 23.908934 58.999104
v -110.106499 27.208094 58.999100
v -110.421104 30.712263 58.999100
v -110.106499 34.216427 58.999100
v -109.199501 37.515594 58.999100
v -107.755394 40.554405 58.999100
v -105.829704 43.277534 58.999100
v -103.477600 45.629635 58.999100
v -100.754402 47.555374 58.999100
v -97.715637 48.999424 58.999100
v -94.416466 49.906433 58.999100
v -90.912300 50.221066 58.999100
v -87.408142 49.906433 58.999100
v -84.108978 48.999424 58.999100
v -81.070175 47.555386 58.999100
v -78.347038 45.629635 58.999100
v -75.994926 43.277534 58.999100
v -74.069191 40.554405 58.999100
v -72.625153 37.515594 58.999100
v -71.773827 30.712263 60.418217
v -72.082504 34.149918 60.418217
v -72.082504 27.274614 60.418217
v -72.972290 24.038084 60.418221
v -74.388924 21.056955 60.418221
v -76.278114 18.385523 60.418221
v -78.585564 16.078064 60.418221
v -81.256989 14.188885 60.418221
v -84.238121 12.772244 60.418221
v -87.474655 11.882455 60.418221
v -90.912300 11.573795 60.418221
v -94.349960 11.882455 60.418221
v -97.586494 12.772244 60.418221
v -100.567604 14.188875 60.418221
v -103.239006 16.078064 60.418221
v -105.546501 18.385515 60.418221
v -107.435707 21.056955 60.418221
v -108.852295 24.038074 60.418221
v -109.742104 27.274614 60.418217
v -110.050804 30.712263 60.418217
v -109.742104 34.149918 60.418217
v -108.852295 37.386444 60.418228
v -107.435707 40.367573 60.418228
v -105.546501 43.039005 60.418228
v -103.239006 45.346466 60.418228
v -100.567604 47.235645 60.418228
v -97.586494 48.652283 60.418228
v -94.349960 49.542072 60.418228
v -90.912300 49.850735 60.418228
v -87.474655 49.542072 60.418228
v -84.238121 48.652283 60.418228
v -81.256989 47.235657 60.418228
v -78.585571 45.346466 60.418228
v -76.278114 43.039017 60.418228
v -74.388924 40.367573 60.418228
v -72.972290 37.386444 60.418228
v -73.462128 30.712263 61.080544
v -73.743576 33.846664 61.080544
v -73.743576 27.577864 61.080544
v -74.554871 24.626844 61.080547
v -75.846527 21.908693 61.080547
v -77.569069 19.472925 61.080547
v -79.672966 17.369024 61.080547
v -82.108742 15.646496 61.080547
v -84.826897 14.354825 61.080547
v -87.777916 13.543525 61.080547
v -90.912300 13.262094 61.080547
v -94.046700 13.543535 61.080547
v -96.997719 14.354825 61.080547
v -99.715874 15.646496 61.080547
v -102.151604 17.369024 61.080547
v -104.255508 19.472925 61.080547
v -105.978104 21.908693 61.080547
v -107.269707 24.626844 61.080547
v -108.081009 27.577864 61.080544
v -108.362503 30.712263 61.080544
v -108.081009 33.846664 61.080544
v -107.269707 36.797684 61.080544
v -105.978104 39.515823 61.080544
v -104.255508 41.951603 61.080544
v -102.151604 44.055504 61.080544
v -99.715874 45.778034 61.080544
v -96.997719 47.069702 61.080544
v -94.046700 47.881004 61.080559
v -90.912300 48.162434 61.080559
v -87.777916 47.880997 61.080559
v -84.826897 47.069702 61.080544
v -82.108742 45.778034 61.080544
v -79.672966 44.055504 61.080544
v -77.569069 41.951603 61.080544
v -75.846527 39.515835 61.080544
v -74.554871 36.797684 61.080544
v -73.936501 30.712263 63.091396
v -74.210281 33.761456 63.091396
v -74.210281 27.663074 63.091396
v -74.999519 24.792274 63.091400
v -76.256081 22.148014 63.091400
v -77.931786 19.778454 63.091400
v -79.978493 17.731745 63.091400
v -82.348053 16.056034 63.091400
v -84.992310 14.799484 63.091400
v -87.863113 14.010245 63.091400
v -90.912300 13.736465 63.091400
v -93.961502 14.010245 63.091400
v -96.832298 14.799484 63.091400
v -99.476562 16.056034 63.091400
v -101.846100 17.731745 63.091400
v -103.892799 19.778454 63.091400
v -105.568504 22.148014 63.091400
v -106.825096 24.792265 63.091400
v -107.614296 27.663065 63.091396
v -107.888100 30.712263 63.091396
v -107.614296 33.761456 63.091396
v -106.825096 36.632256 63.091396
v -105.568504 39.276516 63.091396
v -103.892799 41.646072 63.091396
v -101.846100 43.692783 63.091408
v -99.476562 45.368496 63.091408
v -96.832298 46.625046 63.091396
v -93.961502 47.414284 63.091408
v -90.912300 47.688065 63.091408
v -87.863113 47.414284 63.091408
v -84.992310 46.625046 63.091396
v -82.348053 45.368496 63.091408
v -79.978500 43.692783 63.091408
v -77.931786 41.646072 63.091396
v -76.256081 39.276516 63.091396
v -74.999519 36.632256 63.091396
v -73.936501 30.712265 68.400093
v -74.210281 33.761456 68.400093
v -74.210281 27.663076 68.400093
v -74.999519 24.792276 68.400093
v -76.256081 22.148016 68.400093
v -77.931786 19.778456 68.400093
v -79.978493 17.731747 68.400093
v -82.348053 16.056036 68.400093
v -84.992310 14.799484 68.400093
v -87.863113 14.010245 68.400093
v -90.912300 13.736455 68.400093
v -93.961502 14.010245 68.400093
v -96.832298 14.799484 68.400093
v -99.476562 16.056036 68.400093
v -101.846100 17.731747 68.400093
v -103.892799 19.778456 68.400093
v -105.568504 22.148016 68.400093
v -106.825096 24.792267 68.400093
v -107.614296 27.663067 68.400093
v -107.888100 30.712265 68.400093
v -107.614296 33.761456 68.400093
v -106.825096 36.632256 68.400093
v -105.568504 39.276516 68.400093
v -103.892799 41.646072 68.400093
v -101.846100 43.692783 68.400093
v -99.476562 45.368484 68.400093
v -96.832298 46.625046 68.400093
v -93.961502 47.414284 68.400093
v -90.912300 47.688065 68.400093
v -87.863113 47.414284 68.400093
v -84.992310 46.625046 68.400093
v -82.348053 45.368496 68.400093
v -79.978500 43.692783 68.400093
v -77.931786 41.646072 68.400093
v -76.256081 39.276516 68.400093
v -74.999519 36.632256 68.400093
v -75.434021 30.712265 68.515831
v -75.683647 33.492477 68.515831
v -75.683647 27.932056 68.515831
v -76.403282 25.314507 68.515831
v -77.548981 22.903507 68.515831
v -79.076866 20.742985 68.515831
v -80.943016 18.876827 68.515831
v -83.103554 17.348936 68.515831
v -85.514542 16.203236 68.515831
v -88.132103 15.483616 68.515831
v -90.912300 15.233985 68.515831
v -93.692513 15.483616 68.515831
v -96.310059 16.203236 68.515831
v -98.721062 17.348936 68.515831
v -100.881599 18.876827 68.515831
v -102.747704 20.742977 68.515831
v -104.275597 22.903507 68.515831
v -105.421303 25.314507 68.515831
v -106.140907 27.932056 68.515831
v -106.390602 30.712265 68.515831
v -106.140907 33.492477 68.515831
v -105.421303 36.110023 68.515831
v -104.275597 38.521015 68.515831
v -102.747704 40.681545 68.515831
v -100.881599 42.547703 68.515831
v -98.721062 44.075584 68.515831
v -96.310059 45.221294 68.515831
v -93.692513 45.940914 68.515831
v -90.912300 46.190544 68.515831
v -88.132103 45.940914 68.515831
v -85.514542 45.221294 68.515831
v -83.103554 44.075592 68.515831
v -80.943016 42.547703 68.515831
v -79.076866 40.681545 68.515831
v -77.548981 38.521015 68.515831
v -76.403282 36.110023 68.515831
v -90.912300 30.712265 68.515831
v -61.403225 36.099556 -64.591667
v -60.919514 30.712254 -64.591667
v -60.919514 30.712254 -83.462906
v -61.403225 36.099552 -83.462906
v -62.797665 41.171684 -64.591667
v -62.797665 41.171680 -83.462906
v -65.017731 45.843544 -64.591667
v -65.017731 45.843540 -83.462906
v -67.978363 50.030079 -64.591667
v -67.978363 50.030075 -83.462914
v -71.594482 53.646194 -64.591675
v -71.594482 53.646191 -83.462921
v -75.781013 56.606838 -64.591675
v -75.781013 56.606834 -83.462921
v -80.452881 58.826897 -64.591675
v -80.452881 58.826893 -83.462921
v -85.525002 60.221336 -64.591675
v -85.525002 60.221333 -83.462921
v -90.912300 60.705044 -64.591675
v -90.912300 60.705040 -83.462921
v -96.299614 60.221336 -64.591675
v -96.299614 60.221333 -83.462921
v -101.371696 58.826908 -64.591675
v -101.371696 58.826893 -83.462921
v -106.043602 56.606838 -64.591675
v -106.043602 56.606823 -83.462921
v -110.230103 53.646194 -64.591675
v -110.230103 53.646191 -83.462921
v -113.846306 50.030079 -64.591667
v -113.846306 50.030075 -83.462914
v -116.806900 45.843544 -64.591667
v -116.806900 45.843540 -83.462906
v -119.027000 41.171677 -64.591667
v -119.027000 41.171673 -83.462906
v -120.421402 36.099556 -64.591667
v -120.421402 36.099552 -83.462906
v -120.905106 30.712254 -64.591667
v -120.905106 30.712254 -83.462906
v -120.421402 25.324944 -64.591667
v -120.421402 25.324944 -83.462906
v -119.027000 20.252825 -64.591667
v -119.027000 20.252825 -83.462906
v -116.806900 15.580956 -64.591667
v -116.806900 15.580954 -83.462906
v -113.846306 11.394425 -64.591667
v -113.846306 11.394423 -83.462883
v -110.230103 7.778305 -64.591667
v -110.230103 7.778304 -83.462883
v -106.043602 4.817675 -64.591667
v -106.043602 4.817674 -83.462883
v -101.371696 2.597605 -64.591667
v -101.371696 2.597604 -83.462883
v -96.299614 1.203175 -64.591667
v -96.299614 1.203164 -83.462883
v -90.912300 0.719455 -64.591667
v -90.912300 0.719454 -83.462883
v -85.525002 1.203165 -64.591667
v -85.525002 1.203164 -83.462883
v -80.452873 2.597605 -64.591667
v -80.452873 2.597594 -83.462883
v -75.781013 4.817675 -64.591667
v -75.781013 4.817674 -83.462883
v -71.594482 7.778305 -64.591667
v -71.594482 7.778304 -83.462883
v -67.978363 11.394435 -64.591667
v -67.978363 11.394433 -83.462883
v -65.017723 15.580965 -64.591667
v -65.017723 15.580954 -83.462906
v -62.797665 20.252825 -64.591667
v -62.797665 20.252825 -83.462906
v -61.403225 25.324944 -64.591667
v -61.403225 25.324944 -83.462906
v -62.565060 30.712254 -85.194931
v -63.022243 35.803982 -85.194931
v -64.340172 40.597824 -85.194931
v -66.438438 45.013363 -85.194931
v -69.236626 48.970203 -85.194931
v -72.654358 52.387920 -85.194939
v -76.611191 55.186127 -85.194939
v -81.026741 57.284382 -85.194939
v -85.820572 58.602314 -85.194939
v -90.912300 59.059490 -85.194939
v -96.004028 58.602314 -85.194939
v -100.797905 57.284382 -85.194939
v -105.213402 55.186115 -85.194939
v -109.170303 52.387920 -85.194939
v -112.588005 48.970192 -85.194931
v -115.386208 45.013363 -85.194931
v -117.484398 40.597813 -85.194931
v -118.802406 35.803982 -85.194931
v -119.259499 30.712254 -85.194931
v -118.802406 25.620523 -85.194931
v -117.484398 20.826675 -85.194931
v -115.386208 16.411135 -85.194931
v -112.588005 12.454304 -85.194931
v -109.170303 9.036583 -85.194931
v -105.213402 6.238384 -85.194931
v -100.797905 4.140114 -85.194931
v -96.004028 2.822184 -85.194931
v -90.912300 2.365014 -85.194931
v -85.820572 2.822184 -85.194931
v -81.026726 4.140114 -85.194931
v -76.611191 6.238384 -85.194931
v -72.654350 9.036573 -85.194931
v -69.236626 12.454304 -85.194931
v -66.438431 16.411144 -85.194931
v -64.340172 20.826685 -85.194931
v -63.022243 25.620523 -85.194931
v -64.601524 30.712254 -85.464035
v -65.025848 35.438190 -85.464035
v -66.249107 39.887642 -85.464035
v -68.196632 43.985973 -85.464035
v -70.793800 47.658554 -85.464035
v -73.965996 50.830753 -85.464043
v -77.638580 53.427937 -85.464050
v -81.736908 55.375450 -85.464050
v -86.186363 56.598705 -85.464050
v -90.912300 57.023033 -85.464050
v -95.638237 56.598705 -85.464050
v -100.087700 55.375450 -85.464050
v -104.185997 53.427921 -85.464050
v -107.858604 50.830753 -85.464043
v -111.030800 47.658554 -85.464035
v -113.628006 43.985973 -85.464035
v -115.575500 39.887642 -85.464035
v -116.798706 35.438190 -85.464035
v -117.223099 30.712254 -85.464035
v -116.798706 25.986305 -85.464035
v -115.575500 21.536856 -85.464035
v -113.628006 17.438524 -85.464035
v -111.030800 13.765944 -85.464035
v -107.858604 10.593754 -85.464035
v -104.185997 7.996573 -85.464020
v -100.087700 6.049044 -85.464020
v -95.638237 4.825793 -85.464020
v -90.912300 4.401464 -85.464020
v -86.186363 4.825793 -85.464020
v -81.736908 6.049044 -85.464020
v -77.638580 7.996583 -85.464020
v -73.965996 10.593743 -85.464035
v -70.793800 13.765944 -85.464035
v -68.196617 17.438524 -85.464035
v -66.249107 21.536856 -85.464035
v -65.025848 25.986313 -85.464035
v -69.008041 30.712254 -85.461761
v -69.361298 34.646694 -85.461761
v -70.379692 38.350956 -85.461761
v -72.001053 41.762894 -85.461761
v -74.163239 44.820393 -85.461761
v -76.804161 47.461311 -85.461761
v -79.861656 49.623512 -85.461761
v -83.273605 51.244865 -85.461769
v -86.977867 52.263256 -85.461769
v -90.912300 52.616516 -85.461769
v -94.846756 52.263256 -85.461769
v -98.551010 51.244865 -85.461769
v -101.963005 49.623512 -85.461761
v -105.020500 47.461311 -85.461761
v -107.661400 44.820393 -85.461761
v -109.823601 41.762894 -85.461761
v -111.444901 38.350956 -85.461761
v -112.463310 34.646694 -85.461761
v -112.816605 30.712254 -85.461761
v -112.463310 26.777805 -85.461761
v -111.444901 23.073545 -85.461761
v -109.823601 19.661606 -85.461761
v -107.661400 16.604105 -85.461761
v -105.020500 13.963194 -85.461761
v -101.963005 11.800983 -85.461761
v -98.551010 10.179634 -85.461761
v -94.846756 9.161254 -85.461761
v -90.912300 8.807994 -85.461761
v -86.977867 9.161254 -85.461761
v -83.273605 10.179634 -85.461761
v -79.861656 11.800994 -85.461761
v -76.804161 13.963194 -85.461761
v -74.163239 16.604105 -85.461761
v -72.001038 19.661606 -85.461761
v -70.379692 23.073555 -85.461761
v -69.361313 26.777805 -85.461761
v -69.991539 30.712254 -84.610374
v -70.328941 34.470036 -84.610374
v -71.301598 38.007984 -84.610374
v -72.850159 41.266724 -84.610374
v -74.915276 44.186943 -84.610374
v -77.437622 46.709282 -84.610374
v -80.357834 48.774403 -84.610374
v -83.616577 50.322956 -84.610374
v -87.154526 51.295612 -84.610382
v -90.912300 51.633015 -84.610382
v -94.670097 51.295612 -84.610382
v -98.208031 50.322964 -84.610374
v -101.466805 48.774391 -84.610374
v -104.387001 46.709282 -84.610374
v -106.909302 44.186943 -84.610374
v -108.974503 41.266724 -84.610374
v -110.523003 38.007973 -84.610374
v -111.495705 34.470036 -84.610374
v -111.833107 30.712254 -84.610374
v -111.495705 26.954466 -84.610374
v -110.523003 23.416525 -84.610374
v -108.974503 20.157776 -84.610374
v -106.909302 17.237564 -84.610374
v -104.387001 14.715223 -84.610374
v -101.466805 12.650104 -84.610374
v -98.208031 11.101543 -84.610374
v -94.670097 10.128894 -84.610374
v -90.912300 9.791484 -84.610374
v -87.154526 10.128883 -84.610374
v -83.616577 11.101543 -84.610374
v -80.357834 12.650104 -84.610374
v -77.437614 14.715223 -84.610374
v -74.915276 17.237564 -84.610374
v -72.850151 20.157776 -84.610374
v -71.301598 23.416525 -84.610374
v -70.328941 26.954466 -84.610374
v -71.494484 30.712254 -84.608070
v -71.807640 34.200081 -84.608070
v -72.710419 37.483852 -84.608070
v -74.147743 40.508503 -84.608070
v -76.064491 43.218922 -84.608070
v -78.405632 45.560051 -84.608070
v -81.116058 47.476826 -84.608070
v -84.140701 48.914131 -84.608070
v -87.424484 49.816914 -84.608070
v -90.912300 50.130074 -84.608070
v -94.400131 49.816914 -84.608070
v -97.683914 48.914131 -84.608070
v -100.708603 47.476826 -84.608070
v -103.418999 45.560062 -84.608070
v -105.760094 43.218922 -84.608070
v -107.676903 40.508492 -84.608070
v -109.114197 37.483852 -84.608070
v -110.017006 34.200073 -84.608070
v -110.330101 30.712254 -84.608070
v -110.017006 27.224424 -84.608070
v -109.114197 23.940643 -84.608070
v -107.676903 20.916004 -84.608070
v -105.760094 18.205574 -84.608070
v -103.418999 15.864444 -84.608070
v -100.708603 13.947674 -84.608070
v -97.683914 12.510364 -84.608070
v -94.400131 11.607594 -84.608070
v -90.912300 11.294423 -84.608070
v -87.424484 11.607583 -84.608070
v -84.140701 12.510364 -84.608070
v -81.116058 13.947683 -84.608070
v -78.405632 15.864444 -84.608070
v -76.064507 18.205574 -84.608070
v -74.147728 20.916004 -84.608070
v -72.710419 23.940655 -84.608070
v -71.807640 27.224424 -84.608070
v -71.680550 30.712254 -83.449738
v -71.990715 34.166653 -83.449738
v -72.884842 37.418972 -83.449738
v -74.308380 40.414623 -83.449738
v -76.206772 43.099083 -83.449738
v -78.525482 45.417782 -83.449738
v -81.209930 47.316181 -83.449738
v -84.205589 48.739712 -83.449738
v -87.457901 49.633842 -83.449738
v -90.912300 49.944012 -83.449738
v -94.366714 49.633854 -83.449738
v -97.619019 48.739712 -83.449738
v -100.614700 47.316174 -83.449738
v -103.299095 45.417782 -83.449738
v -105.617798 43.099083 -83.449738
v -107.516197 40.414623 -83.449738
v -108.939796 37.418964 -83.449738
v -109.833900 34.166653 -83.449738
v -110.144104 30.712254 -83.449738
v -109.833900 27.257843 -83.449730
v -108.939796 24.005535 -83.449730
v -107.516197 21.009874 -83.449730
v -105.617798 18.325415 -83.449730
v -103.299095 16.006714 -83.449730
v -100.614700 14.108323 -83.449730
v -97.619019 12.684784 -83.449730
v -94.366714 11.790653 -83.449730
v -90.912300 11.480494 -83.449730
v -87.457901 11.790653 -83.449730
v -84.205589 12.684784 -83.449730
v -81.209930 14.108323 -83.449730
v -78.525475 16.006714 -83.449730
v -76.206772 18.325415 -83.449730
v -74.308372 21.009874 -83.449730
v -72.884842 24.005535 -83.449730
v -71.990715 27.257843 -83.449730
v -84.923607 30.712254 -83.449738
v -85.020180 31.787943 -83.449738
v -85.298607 32.800705 -83.449738
v -85.741890 33.733532 -83.449738
v -86.333054 34.569473 -83.449738
v -87.055077 35.291504 -83.449738
v -87.891022 35.882664 -83.449738
v -88.823853 36.325943 -83.449738
v -89.836609 36.604374 -83.449738
v -90.912300 36.700954 -83.449738
v -91.987991 36.604374 -83.449738
v -93.000763 36.325943 -83.449738
v -93.933586 35.882664 -83.449738
v -94.769531 35.291504 -83.449738
v -95.491562 34.569473 -83.449738
v -96.082710 33.733532 -83.449738
v -96.526001 32.800694 -83.449738
v -96.804436 31.787943 -83.449738
v -96.901009 30.712254 -83.449738
v -96.804436 29.636555 -83.449738
v -96.526001 28.623804 -83.449738
v -96.082710 27.690964 -83.449738
v -95.491562 26.855036 -83.449738
v -94.769531 26.132994 -83.449738
v -93.933586 25.541845 -83.449738
v -93.000763 25.098555 -83.449738
v -91.987991 24.820124 -83.449738
v -90.912300 24.723545 -83.449738
v -89.836609 24.820124 -83.449738
v -88.823853 25.098555 -83.449738
v -87.891022 25.541845 -83.449738
v -87.055077 26.132994 -83.449738
v -86.333054 26.855036 -83.449738
v -85.741890 27.690964 -83.449738
v -85.298607 28.623804 -83.449738
v -85.020180 29.636564 -83.449738
v -86.594566 30.712254 -83.674492
v -86.664207 31.487806 -83.674492
v -86.864944 32.217983 -83.674492
v -87.184540 32.890541 -83.674492
v -87.610748 33.493233 -83.674492
v -88.131317 34.013802 -83.674492
v -88.734009 34.440014 -83.674492
v -89.406570 34.759613 -83.674492
v -90.136749 34.960354 -83.674492
v -90.912300 35.029991 -83.674492
v -91.687859 34.960354 -83.674492
v -92.418045 34.759613 -83.674492
v -93.090591 34.440014 -83.674492
v -93.693291 34.013802 -83.674492
v -94.213860 33.493233 -83.674492
v -94.640068 32.890541 -83.674492
v -94.959671 32.217983 -83.674492
v -95.160416 31.487806 -83.674492
v -95.230049 30.712254 -83.674492
v -95.160416 29.936695 -83.674492
v -94.959671 29.206512 -83.674492
v -94.640068 28.533964 -83.674492
v -94.213860 27.931267 -83.674492
v -93.693291 27.410694 -83.674492
v -93.090591 26.984486 -83.674492
v -92.418045 26.664885 -83.674492
v -91.687859 26.464146 -83.674492
v -90.912300 26.394514 -83.674492
v -90.136749 26.464146 -83.674492
v -89.406570 26.664885 -83.674492
v -88.734009 26.984486 -83.674492
v -88.131317 27.410694 -83.674492
v -87.610748 27.931267 -83.674492
v -87.184540 28.533964 -83.674492
v -86.864944 29.206512 -83.674492
v -86.664207 29.936695 -83.674492
v -90.912300 30.712254 -83.674500
v -61.685993 36.047935 -63.397842
v -61.206909 30.712254 -63.397842
v -61.685993 25.376574 -63.397842
v -63.067059 20.353054 -63.397839
v -65.265862 15.725955 -63.397839
v -68.198120 11.579546 -63.397827
v -71.779594 7.998065 -63.397827
v -75.926010 5.065815 -63.397827
v -80.553101 2.867005 -63.397827
v -85.576622 1.485935 -63.397827
v -90.912300 1.006865 -63.397827
v -96.247993 1.485945 -63.397827
v -101.271507 2.867015 -63.397827
v -105.898598 5.065805 -63.397827
v -110.044998 7.998065 -63.397827
v -113.626503 11.579535 -63.397827
v -116.558800 15.725955 -63.397839
v -118.757607 20.353045 -63.397839
v -120.138603 25.376564 -63.397842
v -120.617699 30.712254 -63.397842
v -120.138603 36.047935 -63.397842
v -118.757500 41.071457 -63.397842
v -116.558800 45.698547 -63.397842
v -113.626503 49.844967 -63.397842
v -110.044998 53.426449 -63.397842
v -105.898598 56.358696 -63.397842
v -101.271507 58.557503 -63.397842
v -96.247993 59.938576 -63.397842
v -90.912300 60.417656 -63.397842
v -85.576622 59.938564 -63.397842
v -80.553116 58.557503 -63.397842
v -75.926010 56.358719 -63.397842
v -71.779602 53.426437 -63.397842
v -68.198120 49.844978 -63.397842
v -65.265862 45.698555 -63.397842
v -63.067047 41.071457 -63.397842
v -62.240780 35.946659 -62.793488
v -61.770802 30.712255 -62.793488
v -62.240780 25.477856 -62.793488
v -63.595642 20.549696 -62.793484
v -65.752693 16.010437 -62.793484
v -68.629303 11.942736 -62.793484
v -72.142784 8.429246 -62.793484
v -76.210495 5.552655 -62.793484
v -80.749748 3.395585 -62.793484
v -85.677910 2.040735 -62.793484
v -90.912300 1.570755 -62.793484
v -96.146698 2.040735 -62.793484
v -101.074905 3.395585 -62.793484
v -105.614098 5.552645 -62.793484
v -109.681801 8.429246 -62.793484
v -113.195305 11.942725 -62.793484
v -116.071899 16.010437 -62.793484
v -118.229004 20.549696 -62.793484
v -119.583801 25.477856 -62.793488
v -120.053795 30.712255 -62.793488
v -119.583801 35.946648 -62.793488
v -118.229004 40.874809 -62.793488
v -116.071899 45.414066 -62.793488
v -113.195305 49.481777 -62.793488
v -109.681801 52.995266 -62.793488
v -105.614098 55.871861 -62.793488
v -101.074905 58.028927 -62.793488
v -96.146698 59.383785 -62.793488
v -90.912300 59.853767 -62.793488
v -85.677910 59.383781 -62.793488
v -80.749748 58.028927 -62.793488
v -76.210495 55.871880 -62.793488
v -72.142792 52.995255 -62.793488
v -68.629303 49.481777 -62.793488
v -65.752701 45.414078 -62.793488
v -63.595642 40.874817 -62.793488
v -63.563770 35.705116 -62.474522
v -63.115475 30.712255 -62.474522
v -63.563770 25.719387 -62.474522
v -64.856102 21.018625 -62.474518
v -66.913628 16.688816 -62.474514
v -69.657501 12.808815 -62.474514
v -73.008865 9.457445 -62.474514
v -76.888870 6.713585 -62.474514
v -81.218681 4.656055 -62.474514
v -85.919441 3.363715 -62.474514
v -90.912300 2.915425 -62.474514
v -95.905174 3.363725 -62.474514
v -100.605904 4.656055 -62.474514
v -104.935707 6.713585 -62.474514
v -108.815796 9.457445 -62.474514
v -112.167107 12.808805 -62.474514
v -114.911003 16.688816 -62.474514
v -116.968506 21.018625 -62.474518
v -118.260803 25.719387 -62.474522
v -118.709099 30.712255 -62.474522
v -118.260803 35.705116 -62.474522
v -116.968506 40.405876 -62.474522
v -114.911003 44.735687 -62.474522
v -112.167107 48.615700 -62.474522
v -108.815796 51.967068 -62.474522
v -104.935707 54.710930 -62.474522
v -100.605904 56.768456 -62.474522
v -95.905174 58.060795 -62.474522
v -90.912300 58.509087 -62.474522
v -85.919441 58.060795 -62.474522
v -81.218681 56.768456 -62.474522
v -76.888870 54.710934 -62.474522
v -73.008865 51.967068 -62.474522
v -69.657501 48.615700 -62.474522
v -66.913643 44.735687 -62.474522
v -64.856102 40.405888 -62.474522
v -70.029182 34.524769 -62.474522
v -69.686874 30.712255 -62.474522
v -70.029190 26.899746 -62.474522
v -71.015999 23.310276 -62.474518
v -72.587112 20.004076 -62.474518
v -74.682312 17.041338 -62.474514
v -77.241386 14.482256 -62.474514
v -80.204132 12.387065 -62.474514
v -83.510330 10.815955 -62.474514
v -87.099792 9.829135 -62.474514
v -90.912300 9.486815 -62.474514
v -94.724823 9.829135 -62.474514
v -98.314285 10.815955 -62.474514
v -101.620506 12.387065 -62.474514
v -104.583206 14.482256 -62.474514
v -107.142296 17.041327 -62.474514
v -109.237503 20.004076 -62.474518
v -110.808609 23.310276 -62.474518
v -111.795403 26.899736 -62.474522
v -112.137695 30.712255 -62.474522
v -111.795403 34.524769 -62.474522
v -110.808609 38.114227 -62.474522
v -109.237503 41.420437 -62.474522
v -107.142296 44.383175 -62.474522
v -104.583206 46.942257 -62.474522
v -101.620506 49.037449 -62.474522
v -98.314285 50.608559 -62.474522
v -94.724823 51.595390 -62.474522
v -90.912300 51.937698 -62.474522
v -87.099792 51.595375 -62.474522
v -83.510330 50.608559 -62.474522
v -80.204132 49.037449 -62.474522
v -77.241386 46.942257 -62.474522
v -74.682312 44.383175 -62.474522
v -72.587120 41.420437 -62.474522
v -71.015999 38.114227 -62.474522
v -70.418213 34.453747 -63.154392
v -70.082283 30.712255 -63.154388
v -70.418213 26.970766 -63.154388
v -71.386650 23.448175 -63.154385
v -72.928490 20.203556 -63.154385
v -74.984665 17.296007 -63.154385
v -77.496056 14.784605 -63.154385
v -80.403610 12.728445 -63.154385
v -83.648216 11.186605 -63.154385
v -87.170815 10.218165 -63.154385
v -90.912300 9.882226 -63.154385
v -94.653793 10.218165 -63.154385
v -98.176392 11.186605 -63.154385
v -101.421005 12.728445 -63.154385
v -104.328506 14.784605 -63.154385
v -106.839905 17.296007 -63.154385
v -108.896111 20.203556 -63.154385
v -110.438004 23.448168 -63.154385
v -111.406395 26.970766 -63.154388
v -111.742302 30.712255 -63.154388
v -111.406395 34.453739 -63.154392
v -110.438004 37.976337 -63.154392
v -108.896111 41.220955 -63.154392
v -106.839905 44.128506 -63.154392
v -104.328506 46.639908 -63.154392
v -101.421005 48.696068 -63.154392
v -98.176392 50.237919 -63.154392
v -94.653801 51.206345 -63.154392
v -90.912300 51.542290 -63.154392
v -87.170822 51.206345 -63.154392
v -83.648216 50.237919 -63.154392
v -80.403610 48.696075 -63.154392
v -77.496056 46.639908 -63.154392
v -74.984665 44.128506 -63.154392
v -72.928490 41.220955 -63.154392
v -71.386650 37.976337 -63.154392
v -71.718140 34.216427 -63.215904
v -71.403496 30.712254 -63.215904
v -71.718140 27.208084 -63.215904
v -72.625153 23.908924 -63.215900
v -74.069191 20.870115 -63.215900
v -75.994926 18.146984 -63.215900
v -78.347031 15.794886 -63.215900
v -81.070175 13.869145 -63.215889
v -84.108978 12.425096 -63.215889
v -87.408142 11.518085 -63.215889
v -90.912300 11.203455 -63.215889
v -94.416466 11.518095 -63.215889
v -97.715630 12.425096 -63.215889
v -100.754402 13.869145 -63.215889
v -103.477600 15.794886 -63.215900
v -105.829704 18.146984 -63.215900
v -107.755394 20.870115 -63.215900
v -109.199501 23.908924 -63.215900
v -110.106499 27.208084 -63.215904
v -110.421104 30.712254 -63.215904
v -110.106499 34.216419 -63.215904
v -109.199501 37.515587 -63.215904
v -107.755394 40.554398 -63.215904
v -105.829704 43.277527 -63.215904
v -103.477600 45.629627 -63.215904
v -100.754402 47.555367 -63.215904
v -97.715637 48.999416 -63.215904
v -94.416466 49.906425 -63.215904
v -90.912300 50.221058 -63.215904
v -87.408142 49.906425 -63.215904
v -84.108978 48.999416 -63.215904
v -81.070175 47.555378 -63.215904
v -78.347038 45.629627 -63.215904
v -75.994926 43.277527 -63.215904
v -74.069191 40.554398 -63.215904
v -72.625153 37.515587 -63.215904
v -72.082504 34.149910 -64.635025
v -71.773827 30.712254 -64.635025
v -72.082504 27.274605 -64.635025
v -72.972290 24.038074 -64.635025
v -74.388924 21.056946 -64.635025
v -76.278114 18.385513 -64.635025
v -78.585564 16.078054 -64.635025
v -81.256989 14.188875 -64.635025
v -84.238121 12.772235 -64.635025
v -87.474655 11.882445 -64.635025
v -90.912300 11.573786 -64.635025
v -94.349960 11.882445 -64.635025
v -97.586494 12.772235 -64.635025
v -100.567604 14.188866 -64.635025
v -103.239006 16.078054 -64.635025
v -105.546501 18.385506 -64.635025
v -107.435707 21.056946 -64.635025
v -108.852295 24.038065 -64.635025
v -109.742104 27.274605 -64.635025
v -110.050804 30.712254 -64.635025
v -109.742104 34.149910 -64.635025
v -108.852295 37.386436 -64.635033
v -107.435707 40.367565 -64.635033
v -105.546501 43.038998 -64.635033
v -103.239006 45.346458 -64.635033
v -100.567604 47.235638 -64.635033
v -97.586494 48.652275 -64.635033
v -94.349960 49.542065 -64.635033
v -90.912300 49.850727 -64.635033
v -87.474655 49.542065 -64.635033
v -84.238121 48.652275 -64.635033
v -81.256989 47.235649 -64.635033
v -78.585571 45.346458 -64.635033
v -76.278114 43.039009 -64.635033
v -74.388924 40.367565 -64.635033
v -72.972290 37.386436 -64.635033
v -73.743576 33.846657 -65.297340
v -73.462128 30.712254 -65.297340
v -73.743576 27.577854 -65.297340
v -74.554871 24.626835 -65.297340
v -75.846527 21.908684 -65.297340
v -77.569069 19.472916 -65.297340
v -79.672966 17.369015 -65.297340
v -82.108742 15.646486 -65.297340
v -84.826897 14.354815 -65.297340
v -87.777916 13.543515 -65.297340
v -90.912300 13.262085 -65.297340
v -94.046700 13.543526 -65.297340
v -96.997719 14.354815 -65.297340
v -99.715874 15.646486 -65.297340
v -102.151604 17.369015 -65.297340
v -104.255508 19.472916 -65.297340
v -105.978104 21.908684 -65.297340
v -107.269707 24.626835 -65.297340
v -108.081009 27.577854 -65.297340
v -108.362503 30.712254 -65.297340
v -108.081009 33.846657 -65.297340
v -107.269707 36.797676 -65.297340
v -105.978104 39.515816 -65.297340
v -104.255508 41.951595 -65.297340
v -102.151604 44.055496 -65.297340
v -99.715874 45.778027 -65.297340
v -96.997719 47.069695 -65.297340
v -94.046700 47.880997 -65.297356
v -90.912300 48.162426 -65.297356
v -87.777916 47.880989 -65.297356
v -84.826897 47.069695 -65.297340
v -82.108742 45.778027 -65.297340
v -79.672966 44.055496 -65.297340
v -77.569069 41.951595 -65.297340
v -75.846527 39.515827 -65.297340
v -74.554871 36.797676 -65.297340
v -74.210281 33.761448 -67.308197
v -73.936501 30.712254 -67.308197
v -74.210281 27.663065 -67.308197
v -74.999519 24.792265 -67.308197
v -76.256081 22.148005 -67.308197
v -77.931786 19.778444 -67.308197
v -79.978493 17.731735 -67.308197
v -82.348053 16.056025 -67.308197
v -84.992310 14.799475 -67.308197
v -87.863113 14.010236 -67.308197
v -90.912300 13.736455 -67.308197
v -93.961502 14.010236 -67.308197
v -96.832298 14.799475 -67.308197
v -99.476562 16.056025 -67.308197
v -101.846100 17.731735 -67.308197
v -103.892799 19.778444 -67.308197
v -105.568504 22.148005 -67.308197
v -106.825096 24.792255 -67.308197
v -107.614296 27.663055 -67.308197
v -107.888100 30.712254 -67.308197
v -107.614296 33.761448 -67.308197
v -106.825096 36.632248 -67.308197
v -105.568504 39.276508 -67.308197
v -103.892799 41.646065 -67.308197
v -101.846100 43.692776 -67.308212
v -99.476562 45.368488 -67.308212
v -96.832298 46.625038 -67.308197
v -93.961502 47.414276 -67.308212
v -90.912300 47.688057 -67.308212
v -87.863113 47.414276 -67.308212
v -84.992310 46.625038 -67.308197
v -82.348053 45.368488 -67.308212
v -79.978500 43.692776 -67.308212
v -77.931786 41.646065 -67.308197
v -76.256081 39.276508 -67.308197
v -74.999519 36.632248 -67.308197
v -74.210281 33.761448 -72.616890
v -73.936501 30.712254 -72.616890
v -74.210281 27.663065 -72.616890
v -74.999519 24.792265 -72.616890
v -76.256081 22.148005 -72.616890
v -77.931786 19.778444 -72.616890
v -79.978493 17.731735 -72.616890
v -82.348053 16.056025 -72.616890
v -84.992310 14.799474 -72.616890
v -87.863113 14.010235 -72.616890
v -90.912300 13.736444 -72.616890
v -93.961502 14.010235 -72.616890
v -96.832298 14.799474 -72.616890
v -99.476562 16.056025 -72.616890
v -101.846100 17.731735 -72.616890
v -103.892799 19.778444 -72.616890
v -105.568504 22.148005 -72.616890
v -106.825096 24.792255 -72.616890
v -107.614296 27.663055 -72.616890
v -107.888100 30.712254 -72.616890
v -107.614296 33.761448 -72.616890
v -106.825096 36.632248 -72.616890
v -105.568504 39.276508 -72.616890
v -103.892799 41.646065 -72.616890
v -101.846100 43.692776 -72.616890
v -99.476562 45.368477 -72.616890
v -96.832298 46.625038 -72.616890
v -93.961502 47.414276 -72.616890
v -90.912300 47.688057 -72.616890
v -87.863113 47.414276 -72.616890
v -84.992310 46.625038 -72.616890
v -82.348053 45.368488 -72.616890
v -79.978500 43.692776 -72.616890
v -77.931786 41.646065 -72.616890
v -76.256081 39.276508 -72.616890
v -74.999519 36.632248 -72.616890
v -75.683647 33.492470 -72.732628
v -75.434021 30.712254 -72.732628
v -75.683647 27.932045 -72.732628
v -76.403282 25.314495 -72.732628
v -77.548981 22.903496 -72.732628
v -79.076866 20.742973 -72.732628
v -80.943016 18.876816 -72.732628
v -83.103554 17.348925 -72.732628
v -85.514542 16.203224 -72.732628
v -88.132103 15.483605 -72.732628
v -90.912300 15.233974 -72.732628
v -93.692513 15.483605 -72.732628
v -96.310059 16.203224 -72.732628
v -98.721062 17.348925 -72.732628
v -100.881599 18.876816 -72.732628
v -102.747704 20.742966 -72.732628
v -104.275597 22.903496 -72.732628
v -105.421303 25.314495 -72.732628
v -106.140907 27.932045 -72.732628
v -106.390602 30.712254 -72.732628
v -106.140907 33.492470 -72.732628
v -105.421303 36.110016 -72.732628
v -104.275597 38.521008 -72.732628
v -102.747704 40.681538 -72.732628
v -100.881599 42.547695 -72.732628
v -98.721062 44.075577 -72.732628
v -96.310059 45.221287 -72.732628
v -93.692513 45.940907 -72.732628
v -90.912300 46.190536 -72.732628
v -88.132103 45.940907 -72.732628
v -85.514542 45.221287 -72.732628
v -83.103554 44.075584 -72.732628
v -80.943016 42.547695 -72.732628
v -79.076866 40.681538 -72.732628
v -77.548981 38.521008 -72.732628
v -76.403282 36.110016 -72.732628
v -90.912300 30.712254 -72.732628
vn 0.9773 0.1768 -0.1171
vn 0.9166 0.1658 0.3638
vn 0.9315 -0.0000 0.3638
vn 0.9931 -0.0000 -0.1171
vn 0.9309 0.3461 -0.1171
vn 0.8730 0.3246 0.3639
vn 0.8571 0.5017 -0.1171
vn 0.8038 0.4705 0.3640
vn 0.7593 0.6401 -0.1171
vn 0.7121 0.6003 0.3641
vn 0.6401 0.7593 -0.1171
vn 0.6003 0.7121 0.3641
vn 0.5017 0.8571 -0.1171
vn 0.4705 0.8038 0.3640
vn 0.3461 0.9309 -0.1171
vn 0.3246 0.8730 0.3639
vn 0.1768 0.9773 -0.1171
vn 0.1658 0.9166 0.3638
vn -0.0000 0.9931 -0.1171
vn -0.0000 0.9315 0.3638
vn -0.1768 0.9773 -0.1171
vn -0.1658 0.9166 0.3638
vn -0.3461 0.9309 -0.1171
vn -0.3246 0.8730 0.3639
vn -0.5017 0.8571 -0.1171
vn -0.4705 0.8038 0.3640
vn -0.6401 0.7593 -0.1171
vn -0.6003 0.7121 0.3641
vn -0.7593 0.6401 -0.1171
vn -0.7121 0.6003 0.3641
vn -0.8571 0.5017 -0.1171
vn -0.8038 0.4705 0.3640
vn -0.9309 0.3461 -0.1171
vn -0.8730 0.3246 0.3639
vn -0.9773 0.1768 -0.1171
vn -0.9166 0.1658 0.3638
vn -0.9931 -0.0000 -0.1171
vn -0.9315 -0.0000 0.3638
vn -0.9773 -0.1767 -0.1171
vn -0.9166 -0.1658 0.3638
vn -0.9309 -0.3461 -0.1171
vn -0.8730 -0.3246 0.3639
vn -0.8571 -0.5017 -0.1171
vn -0.8038 -0.4705 0.3640
vn -0.7593 -0.6401 -0.1171
vn -0.7121 -0.6003 0.3641
vn -0.6401 -0.7593 -0.1171
vn -0.6003 -0.7121 0.3641
vn -0.5017 -0.8571 -0.1171
vn -0.4705 -0.8038 0.3640
vn -0.3461 -0.9309 -0.1171
vn -0.3246 -0.8730 0.3639
vn -0.1768 -0.9773 -0.1171
vn -0.1658 -0.9166 0.3638
vn -0.0000 -0.9931 -0.1171
vn -0.0000 -0.9315 0.3638
vn 0.1768 -0.9773 -0.1171
vn 0.1658 -0.9166 0.3638
vn 0.3461 -0.9309 -0.1171
vn 0.3246 -0.8730 0.3639
vn 0.5017 -0.8571 -0.1171
vn 0.4705 -0.8038 0.3640
vn 0.6401 -0.7593 -0.1171
vn 0.6003 -0.7121 0.3641
vn 0.7593 -0.6401 -0.1171
vn 0.7121 -0.6003 0.3641
vn 0.8571 -0.5017 -0.1171
vn 0.8038 -0.4705 0.3640
vn 0.9309 -0.3461 -0.1171
vn 0.8730 -0.3246 0.3639
vn 0.9773 -0.1768 -0.1171
vn 0.9166 -0.1658 0.3638
vn 0.4612 0.0834 0.8834
vn 0.4688 -0.0000 0.8833
vn 0.4391 0.1632 0.8835
vn 0.4041 0.2365 0.8836
vn 0.3579 0.3017 0.8837
vn 0.3017 0.3579 0.8837
vn 0.2365 0.4041 0.8836
vn 0.1632 0.4391 0.8835
vn 0.0834 0.4612 0.8834
vn -0.0000 0.4688 0.8833
vn -0.0834 0.4612 0.8834
vn -0.1632 0.4391 0.8835
vn -0.2365 0.4041 0.8836
vn -0.3017 0.3579 0.8837
vn -0.3579 0.3017 0.8837
vn -0.4041 0.2365 0.8836
vn -0.4390 0.1632 0.8835
vn -0.4612 0.0834 0.8834
vn -0.4688 -0.0000 0.8833
vn -0.4612 -0.0834 0.8834
vn -0.4390 -0.1632 0.8835
vn -0.4041 -0.2365 0.8836
vn -0.3579 -0.3017 0.8837
vn -0.3017 -0.3579 0.8837
vn -0.2365 -0.4041 0.8836
vn -0.1632 -0.4391 0.8835
vn -0.0834 -0.4612 0.8834
vn -0.0000 -0.4688 0.8833
vn 0.0834 -0.4612 0.8834
vn 0.1632 -0.4391 0.8835
vn 0.2365 -0.4041 0.8836
vn 0.3017 -0.3579 0.8837
vn 0.3579 -0.3017 0.8837
vn 0.4041 -0.2365 0.8836
vn 0.4391 -0.1632 0.8835
vn 0.4612 -0.0834 0.8834
vn 0.0680 0.0123 0.9976
vn 0.0691 -0.0000 0.9976
vn 0.0647 0.0241 0.9976
vn 0.0595 0.0348 0.9976
vn 0.0527 0.0444 0.9976
vn 0.0444 0.0527 0.9976
vn 0.0348 0.0595 0.9976
vn 0.0241 0.0647 0.9976
vn 0.0123 0.0680 0.9976
vn -0.0000 0.0691 0.9976
vn -0.0123 0.0680 0.9976
vn -0.0241 0.0647 0.9976
vn -0.0348 0.0595 0.9976
vn -0.0444 0.0527 0.9976
vn -0.0527 0.0444 0.9976
vn -0.0595 0.0348 0.9976
vn -0.0647 0.0241 0.9976
vn -0.0680 0.0123 0.9976
vn -0.0691 -0.0000 0.9976
vn -0.0680 -0.0123 0.9976
vn -0.0647 -0.0241 0.9976
vn -0.0595 -0.0348 0.9976
vn -0.0527 -0.0444 0.9976
vn -0.0444 -0.0527 0.9976
vn -0.0348 -0.0595 0.9976
vn -0.0241 -0.0647 0.9976
vn -0.0123 -0.0680 0.9976
vn -0.0000 -0.0691 0.9976
vn 0.0123 -0.0680 0.9976
vn 0.0241 -0.0647 0.9976
vn 0.0348 -0.0595 0.9976
vn 0.0444 -0.0527 0.9976
vn 0.0527 -0.0444 0.9976
vn 0.0595 -0.0348 0.9976
vn 0.0647 -0.0241 0.9976
vn 0.0680 -0.0123 0.9976
vn -0.3265 -0.0591 0.9434
vn -0.3318 -0.0000 0.9434
vn -0.3113 -0.1157 0.9432
vn -0.2870 -0.1680 0.9431
vn -0.2544 -0.2145 0.9430
vn -0.2145 -0.2544 0.9430
vn -0.1680 -0.2870 0.9431
vn -0.1157 -0.3113 0.9432
vn -0.0591 -0.3265 0.9434
vn -0.0000 -0.3318 0.9434
vn 0.0591 -0.3265 0.9433
vn 0.1157 -0.3113 0.9432
vn 0.1680 -0.2870 0.9431
vn 0.2145 -0.2544 0.9430
vn 0.2544 -0.2145 0.9430
vn 0.2870 -0.1680 0.9431
vn 0.3113 -0.1157 0.9432
vn 0.3265 -0.0591 0.9433
vn 0.3318 -0.0000 0.9434
vn 0.3265 0.0591 0.9433
vn 0.3113 0.1157 0.9432
vn 0.2870 0.1680 0.9431
vn 0.2544 0.2145 0.9430
vn 0.2145 0.2544 0.9430
vn 0.1680 0.2870 0.9431
vn 0.1157 0.3113 0.9432
vn 0.0591 0.3265 0.9434
vn -0.0000 0.3318 0.9434
vn -0.0591 0.3265 0.9434
vn -0.1157 0.3113 0.9432
vn -0.1680 0.2870 0.9431
vn -0.2145 0.2544 0.9430
vn -0.2544 0.2145 0.9430
vn -0.2870 0.1680 0.9431
vn -0.3113 0.1157 0.9432
vn -0.3265 0.0591 0.9434
vn -0.3612 -0.0653 0.9302
vn -0.3671 -0.0000 0.9302
vn -0.3438 -0.1278 0.9303
vn -0.3163 -0.1851 0.9304
vn -0.2801 -0.2361 0.9305
vn -0.2361 -0.2801 0.9305
vn -0.1851 -0.3163 0.9304
vn -0.1278 -0.3438 0.9303
vn -0.0653 -0.3612 0.9302
vn -0.0000 -0.3671 0.9302
vn 0.0653 -0.3612 0.9302
vn 0.1278 -0.3438 0.9303
vn 0.1851 -0.3163 0.9304
vn 0.2361 -0.2801 0.9305
vn 0.2801 -0.2361 0.9305
vn 0.3163 -0.1851 0.9304
vn 0.3438 -0.1278 0.9303
vn 0.3612 -0.0653 0.9302
vn 0.3671 -0.0000 0.9302
vn 0.3612 0.0653 0.9302
vn 0.3438 0.1278 0.9303
vn 0.3163 0.1851 0.9304
vn 0.2801 0.2361 0.9305
vn 0.2361 0.2801 0.9305
vn 0.1851 0.3163 0.9304
vn 0.1278 0.3438 0.9303
vn 0.0653 0.3612 0.9302
vn -0.0000 0.3671 0.9302
vn -0.0653 0.3612 0.9302
vn -0.1278 0.3438 0.9303
vn -0.1851 0.3163 0.9304
vn -0.2361 0.2801 0.9305
vn -0.2801 0.2361 0.9305
vn -0.3163 0.1851 0.9304
vn -0.3438 0.1278 0.9303
vn -0.3612 0.0653 0.9302
vn -0.6168 -0.1116 0.7791
vn -0.6268 -0.0000 0.7792
vn -0.5880 -0.2186 0.7788
vn -0.5418 -0.3171 0.7784
vn -0.4802 -0.4048 0.7782
vn -0.4048 -0.4802 0.7782
vn -0.3171 -0.5418 0.7784
vn -0.2186 -0.5880 0.7788
vn -0.1116 -0.6168 0.7791
vn -0.0000 -0.6268 0.7792
vn 0.1116 -0.6168 0.7791
vn 0.2186 -0.5880 0.7788
vn 0.3171 -0.5418 0.7784
vn 0.4048 -0.4801 0.7782
vn 0.4801 -0.4048 0.7782
vn 0.5418 -0.3171 0.7784
vn 0.5880 -0.2186 0.7788
vn 0.6168 -0.1116 0.7791
vn 0.6268 -0.0000 0.7792
vn 0.6168 0.1116 0.7791
vn 0.5880 0.2186 0.7788
vn 0.5418 0.3171 0.7784
vn 0.4802 0.4048 0.7782
vn 0.4048 0.4801 0.7782
vn 0.3171 0.5418 0.7784
vn 0.2186 0.5880 0.7788
vn 0.1116 0.6168 0.7791
vn -0.0000 0.6268 0.7792
vn -0.1116 0.6168 0.7791
vn -0.2186 0.5880 0.7788
vn -0.3171 0.5418 0.7784
vn -0.4048 0.4802 0.7782
vn -0.4802 0.4048 0.7782
vn -0.5418 0.3171 0.7784
vn -0.5880 0.2186 0.7788
vn -0.6168 0.1116 0.7791
vn -0.6583 -0.1190 0.7433
vn -0.6690 -0.0000 0.7432
vn -0.6267 -0.2330 0.7436
vn -0.5767 -0.3376 0.7439
vn -0.5107 -0.4306 0.7441
vn -0.4306 -0.5107 0.7441
vn -0.3376 -0.5767 0.7439
vn -0.2330 -0.6267 0.7436
vn -0.1190 -0.6583 0.7433
vn -0.0000 -0.6690 0.7432
vn 0.1190 -0.6583 0.7433
vn 0.2330 -0.6267 0.7436
vn 0.3376 -0.5767 0.7439
vn 0.4306 -0.5107 0.7441
vn 0.5107 -0.4306 0.7441
vn 0.5767 -0.3376 0.7439
vn 0.6267 -0.2330 0.7436
vn 0.6583 -0.1190 0.7433
vn 0.6690 -0.0000 0.7432
vn 0.6583 0.1190 0.7433
vn 0.6267 0.2330 0.7436
vn 0.5767 0.3376 0.7439
vn 0.5107 0.4306 0.7441
vn 0.4306 0.5107 0.7441
vn 0.3376 0.5767 0.7439
vn 0.2330 0.6267 0.7436
vn 0.1190 0.6583 0.7433
vn -0.0000 0.6690 0.7432
vn -0.1190 0.6583 0.7433
vn -0.2330 0.6267 0.7436
vn -0.3376 0.5767 0.7439
vn -0.4306 0.5107 0.7441
vn -0.5107 0.4306 0.7441
vn -0.5767 0.3376 0.7439
vn -0.6267 0.2330 0.7436
vn -0.6583 0.1190 0.7433
vn 0.0620 0.0112 0.9980
vn 0.0630 -0.0000 0.9980
vn 0.0591 0.0220 0.9980
vn 0.0545 0.0319 0.9980
vn 0.0483 0.0407 0.9980
vn 0.0407 0.0483 0.9980
vn 0.0319 0.0545 0.9980
vn 0.0220 0.0591 0.9980
vn 0.0112 0.0620 0.9980
vn -0.0000 0.0630 0.9980
vn -0.0112 0.0620 0.9980
vn -0.0220 0.0591 0.9980
vn -0.0319 0.0545 0.9980
vn -0.0407 0.0483 0.9980
vn -0.0483 0.0407 0.9980
vn -0.0545 0.0319 0.9980
vn -0.0591 0.0220 0.9980
vn -0.0620 0.0112 0.9980
vn -0.0630 -0.0000 0.9980
vn -0.0620 -0.0112 0.9980
vn -0.0591 -0.0220 0.9980
vn -0.0545 -0.0319 0.9980
vn -0.0483 -0.0407 0.9980
vn -0.0407 -0.0483 0.9980
vn -0.0319 -0.0545 0.9980
vn -0.0220 -0.0591 0.9980
vn -0.0112 -0.0620 0.9980
vn -0.0000 -0.0630 0.9980
vn 0.0112 -0.0620 0.9980
vn 0.0220 -0.0591 0.9980
vn 0.0319 -0.0545 0.9980
vn 0.0407 -0.0483 0.9980
vn 0.0483 -0.0407 0.9980
vn 0.0545 -0.0319 0.9980
vn 0.0591 -0.0220 0.9980
vn 0.0620 -0.0112 0.9980
vn 0.0694 0.0126 0.9975
vn 0.0706 -0.0000 0.9975
vn 0.0661 0.0246 0.9975
vn 0.0608 0.0356 0.9975
vn 0.0538 0.0454 0.9975
vn 0.0454 0.0538 0.9975
vn 0.0356 0.0608 0.9975
vn 0.0246 0.0661 0.9975
vn 0.0126 0.0694 0.9975
vn -0.0000 0.0706 0.9975
vn -0.0126 0.0694 0.9975
vn -0.0246 0.0661 0.9975
vn -0.0356 0.0608 0.9975
vn -0.0454 0.0538 0.9975
vn -0.0538 0.0454 0.9975
vn -0.0608 0.0356 0.9975
vn -0.0661 0.0246 0.9975
vn -0.0694 0.0126 0.9975
vn -0.0706 -0.0000 0.9975
vn -0.0694 -0.0126 0.9975
vn -0.0661 -0.0246 0.9975
vn -0.0608 -0.0356 0.9975
vn -0.0538 -0.0454 0.9975
vn -0.0454 -0.0538 0.9975
vn -0.0356 -0.0608 0.9975
vn -0.0246 -0.0661 0.9975
vn -0.0125 -0.0694 0.9975
vn -0.0000 -0.0706 0.9975
vn 0.0125 -0.0694 0.9975
vn 0.0246 -0.0661 0.9975
vn 0.0356 -0.0608 0.9975
vn 0.0454 -0.0538 0.9975
vn 0.0538 -0.0454 0.9975
vn 0.0608 -0.0356 0.9975
vn 0.0661 -0.0246 0.9975
vn 0.0694 -0.0126 0.9975
vn -0.0000 -0.0000 1.0000
vn 0.8838 -0.0000 -0.4678
vn 0.8697 0.1573 -0.4678
vn 0.8697 -0.1573 -0.4678
vn 0.8284 -0.3080 -0.4679
vn 0.7627 -0.4464 -0.4680
vn 0.6756 -0.5696 -0.4680
vn 0.5696 -0.6756 -0.4680
vn 0.4464 -0.7627 -0.4680
vn 0.3080 -0.8284 -0.4680
vn 0.1573 -0.8697 -0.4678
vn -0.0000 -0.8838 -0.4678
vn -0.1573 -0.8697 -0.4678
vn -0.3080 -0.8284 -0.4679
vn -0.4464 -0.7627 -0.4680
vn -0.5696 -0.6756 -0.4680
vn -0.6756 -0.5696 -0.4680
vn -0.7627 -0.4464 -0.4680
vn -0.8284 -0.3080 -0.4680
vn -0.8697 -0.1573 -0.4678
vn -0.8838 -0.0000 -0.4678
vn -0.8697 0.1573 -0.4678
vn -0.8284 0.3080 -0.4680
vn -0.7627 0.4464 -0.4680
vn -0.6756 0.5696 -0.4680
vn -0.5696 0.6756 -0.4680
vn -0.4464 0.7627 -0.4680
vn -0.3080 0.8284 -0.4679
vn -0.1573 0.8697 -0.4678
vn -0.0000 0.8838 -0.4678
vn 0.1573 0.8697 -0.4678
vn 0.3080 0.8284 -0.4679
vn 0.4464 0.7627 -0.4680
vn 0.5696 0.6756 -0.4680
vn 0.6756 0.5696 -0.4680
vn 0.7627 0.4464 -0.4680
vn 0.8284 0.3080 -0.4679
vn 0.5146 -0.0000 -0.8574
vn 0.5063 0.0916 -0.8575
vn 0.5063 -0.0916 -0.8575
vn 0.4821 -0.1792 -0.8576
vn 0.4437 -0.2597 -0.8577
vn 0.3930 -0.3314 -0.8578
vn 0.3313 -0.3930 -0.8578
vn 0.2597 -0.4437 -0.8577
vn 0.1792 -0.4821 -0.8576
vn 0.0916 -0.5063 -0.8575
vn -0.0000 -0.5146 -0.8574
vn -0.0916 -0.5063 -0.8575
vn -0.1792 -0.4821 -0.8576
vn -0.2597 -0.4437 -0.8577
vn -0.3313 -0.3930 -0.8578
vn -0.3930 -0.3313 -0.8578
vn -0.4437 -0.2597 -0.8577
vn -0.4821 -0.1792 -0.8576
vn -0.5063 -0.0915 -0.8575
vn -0.5146 -0.0000 -0.8574
vn -0.5063 0.0916 -0.8575
vn -0.4821 0.1792 -0.8576
vn -0.4437 0.2597 -0.8577
vn -0.3930 0.3313 -0.8578
vn -0.3313 0.3930 -0.8578
vn -0.2597 0.4437 -0.8577
vn -0.1792 0.4821 -0.8576
vn -0.0916 0.5063 -0.8575
vn -0.0000 0.5146 -0.8574
vn 0.0916 0.5063 -0.8575
vn 0.1792 0.4821 -0.8576
vn 0.2597 0.4437 -0.8577
vn 0.3313 0.3930 -0.8578
vn 0.3930 0.3313 -0.8578
vn 0.4437 0.2597 -0.8577
vn 0.4821 0.1792 -0.8576
vn 0.1227 -0.0000 -0.9924
vn 0.1207 0.0218 -0.9924
vn 0.1207 -0.0218 -0.9924
vn 0.1149 -0.0427 -0.9925
vn 0.1057 -0.0619 -0.9925
vn 0.0936 -0.0789 -0.9925
vn 0.0789 -0.0936 -0.9925
vn 0.0619 -0.1057 -0.9925
vn 0.0427 -0.1149 -0.9925
vn 0.0218 -0.1207 -0.9924
vn -0.0000 -0.1227 -0.9924
vn -0.0218 -0.1207 -0.9924
vn -0.0427 -0.1149 -0.9925
vn -0.0619 -0.1057 -0.9925
vn -0.0789 -0.0936 -0.9925
vn -0.0936 -0.0789 -0.9925
vn -0.1057 -0.0619 -0.9925
vn -0.1149 -0.0427 -0.9925
vn -0.1207 -0.0218 -0.9924
vn -0.1227 -0.0000 -0.9924
vn -0.1207 0.0218 -0.9924
vn -0.1149 0.0427 -0.9925
vn -0.1057 0.0619 -0.9925
vn -0.0936 0.0789 -0.9925
vn -0.0789 0.0936 -0.9925
vn -0.0619 0.1057 -0.9925
vn -0.0427 0.1149 -0.9925
vn -0.0218 0.1207 -0.9924
vn -0.0000 0.1227 -0.9924
vn 0.0218 0.1207 -0.9924
vn 0.0427 0.1149 -0.9925
vn 0.0619 0.1057 -0.9925
vn 0.0789 0.0936 -0.9925
vn 0.0936 0.0789 -0.9925
vn 0.1057 0.0619 -0.9925
vn 0.1149 0.0427 -0.9925
vn -0.4767 -0.0000 -0.8791
vn -0.4691 -0.0849 -0.8791
vn -0.4691 0.0849 -0.8791
vn -0.4472 0.1663 -0.8788
vn -0.4122 0.2413 -0.8786
vn -0.3654 0.3080 -0.8784
vn -0.3080 0.3654 -0.8784
vn -0.2413 0.4122 -0.8786
vn -0.1663 0.4472 -0.8788
vn -0.0849 0.4691 -0.8791
vn -0.0000 0.4767 -0.8791
vn 0.0849 0.4691 -0.8791
vn 0.1663 0.4472 -0.8788
vn 0.2413 0.4122 -0.8786
vn 0.3080 0.3654 -0.8784
vn 0.3654 0.3080 -0.8784
vn 0.4122 0.2413 -0.8786
vn 0.4472 0.1663 -0.8788
vn 0.4691 0.0849 -0.8791
vn 0.4767 -0.0000 -0.8791
vn 0.4691 -0.0849 -0.8791
vn 0.4472 -0.1663 -0.8788
vn 0.4122 -0.2413 -0.8786
vn 0.3654 -0.3080 -0.8784
vn 0.3080 -0.3654 -0.8784
vn 0.2413 -0.4122 -0.8786
vn 0.1663 -0.4472 -0.8788
vn 0.0849 -0.4691 -0.8791
vn -0.0000 -0.4767 -0.8791
vn -0.0849 -0.4691 -0.8791
vn -0.1663 -0.4472 -0.8788
vn -0.2413 -0.4122 -0.8786
vn -0.3080 -0.3654 -0.8784
vn -0.3654 -0.3080 -0.8784
vn -0.4122 -0.2413 -0.8786
vn -0.4472 -0.1663 -0.8788
vn -0.5380 -0.0000 -0.8429
vn -0.5294 -0.0957 -0.8430
vn -0.5294 0.0957 -0.8430
vn -0.5039 0.1873 -0.8432
vn -0.4637 0.2714 -0.8434
vn -0.4106 0.3462 -0.8435
vn -0.3462 0.4106 -0.8435
vn -0.2714 0.4637 -0.8434
vn -0.1873 0.5039 -0.8432
vn -0.0957 0.5294 -0.8430
vn -0.0000 0.5380 -0.8429
vn 0.0957 0.5294 -0.8430
vn 0.1873 0.5039 -0.8432
vn 0.2714 0.4637 -0.8434
vn 0.3462 0.4106 -0.8435
vn 0.4106 0.3462 -0.8435
vn 0.4637 0.2714 -0.8434
vn 0.5039 0.1873 -0.8432
vn 0.5294 0.0957 -0.8430
vn 0.5380 -0.0000 -0.8429
vn 0.5294 -0.0957 -0.8430
vn 0.5039 -0.1873 -0.8432
vn 0.4637 -0.2714 -0.8434
vn 0.4106 -0.3462 -0.8435
vn 0.3462 -0.4106 -0.8435
vn 0.2714 -0.4637 -0.8434
vn 0.1873 -0.5039 -0.8432
vn 0.0957 -0.5294 -0.8430
vn -0.0000 -0.5380 -0.8429
vn -0.0957 -0.5294 -0.8430
vn -0.1873 -0.5039 -0.8432
vn -0.2714 -0.4637 -0.8434
vn -0.3462 -0.4106 -0.8435
vn -0.4106 -0.3462 -0.8435
vn -0.4637 -0.2714 -0.8434
vn -0.5039 -0.1873 -0.8432
vn -0.6083 -0.0000 -0.7937
vn -0.5987 -0.1083 -0.7937
vn -0.5987 0.1083 -0.7937
vn -0.5706 0.2122 -0.7933
vn -0.5258 0.3078 -0.7930
vn -0.4660 0.3929 -0.7928
vn -0.3929 0.4660 -0.7928
vn -0.3078 0.5258 -0.7930
vn -0.2122 0.5706 -0.7933
vn -0.1083 0.5987 -0.7937
vn -0.0000 0.6083 -0.7937
vn 0.1083 0.5987 -0.7937
vn 0.2122 0.5706 -0.7933
vn 0.3078 0.5258 -0.7930
vn 0.3929 0.4660 -0.7928
vn 0.4660 0.3929 -0.7928
vn 0.5258 0.3078 -0.7930
vn 0.5706 0.2122 -0.7933
vn 0.5987 0.1083 -0.7937
vn 0.6083 -0.0000 -0.7937
vn 0.5987 -0.1083 -0.7937
vn 0.5706 -0.2122 -0.7933
vn 0.5258 -0.3078 -0.7930
vn 0.4660 -0.3929 -0.7928
vn 0.3929 -0.4660 -0.7928
vn 0.3078 -0.5258 -0.7930
vn 0.2122 -0.5706 -0.7933
vn 0.1083 -0.5987 -0.7937
vn -0.0000 -0.6083 -0.7937
vn -0.1083 -0.5987 -0.7937
vn -0.2122 -0.5706 -0.7933
vn -0.3078 -0.5258 -0.7930
vn -0.3929 -0.4660 -0.7928
vn -0.4660 -0.3929 -0.7928
vn -0.5258 -0.3078 -0.7930
vn -0.5706 -0.2122 -0.7933
vn -0.7587 -0.0000 -0.6514
vn -0.7466 -0.1350 -0.6515
vn -0.7466 0.1350 -0.6515
vn -0.7109 0.2643 -0.6517
vn -0.6544 0.3831 -0.6519
vn -0.5797 0.4887 -0.6520
vn -0.4887 0.5797 -0.6520
vn -0.3831 0.6544 -0.6519
vn -0.2643 0.7109 -0.6517
vn -0.1350 0.7466 -0.6515
vn -0.0000 0.7587 -0.6514
vn 0.1350 0.7466 -0.6515
vn 0.2643 0.7109 -0.6517
vn 0.3831 0.6544 -0.6519
vn 0.4887 0.5797 -0.6520
vn 0.5797 0.4887 -0.6520
vn 0.6544 0.3831 -0.6519
vn 0.7109 0.2643 -0.6517
vn 0.7466 0.1350 -0.6515
vn 0.7587 -0.0000 -0.6514
vn 0.7466 -0.1350 -0.6515
vn 0.7109 -0.2643 -0.6517
vn 0.6544 -0.3831 -0.6519
vn 0.5797 -0.4887 -0.6520
vn 0.4887 -0.5797 -0.6520
vn 0.3831 -0.6544 -0.6519
vn 0.2643 -0.7109 -0.6517
vn 0.1350 -0.7466 -0.6515
vn -0.0000 -0.7587 -0.6514
vn -0.1350 -0.7466 -0.6515
vn -0.2643 -0.7109 -0.6517
vn -0.3831 -0.6544 -0.6519
vn -0.4887 -0.5797 -0.6520
vn -0.5797 -0.4887 -0.6520
vn -0.6544 -0.3831 -0.6519
vn -0.7109 -0.2643 -0.6517
vn -0.7438 -0.0000 -0.6685
vn -0.7319 -0.1324 -0.6685
vn -0.7319 0.1324 -0.6685
vn -0.6973 0.2593 -0.6682
vn -0.6423 0.3760 -0.6679
vn -0.5691 0.4798 -0.6677
vn -0.4798 0.5691 -0.6677
vn -0.3760 0.6423 -0.6679
vn -0.2593 0.6973 -0.6682
vn -0.1324 0.7319 -0.6685
vn -0.0000 0.7438 -0.6685
vn 0.1324 0.7319 -0.6685
vn 0.2593 0.6973 -0.6682
vn 0.3760 0.6423 -0.6679
vn 0.4798 0.5691 -0.6677
vn 0.5691 0.4798 -0.6677
vn 0.6423 0.3760 -0.6679
vn 0.6973 0.2593 -0.6682
vn 0.7319 0.1324 -0.6685
vn 0.7437 -0.0000 -0.6685
vn 0.7319 -0.1324 -0.6685
vn 0.6973 -0.2593 -0.6682
vn 0.6423 -0.3760 -0.6679
vn 0.5691 -0.4798 -0.6677
vn 0.4798 -0.5691 -0.6677
vn 0.3760 -0.6423 -0.6679
vn 0.2593 -0.6973 -0.6682
vn 0.1324 -0.7319 -0.6685
vn -0.0000 -0.7438 -0.6685
vn -0.1324 -0.7319 -0.6685
vn -0.2593 -0.6973 -0.6682
vn -0.3760 -0.6423 -0.6679
vn -0.4798 -0.5691 -0.6677
vn -0.5691 -0.4798 -0.6677
vn -0.6423 -0.3760 -0.6679
vn -0.6973 -0.2593 -0.6682
vn -0.9932 -0.0000 -0.1163
vn -0.9774 -0.1767 -0.1163
vn -0.9774 0.1767 -0.1163
vn -0.9310 0.3461 -0.1163
vn -0.8572 0.5017 -0.1163
vn -0.7594 0.6402 -0.1163
vn -0.6402 0.7594 -0.1163
vn -0.5017 0.8572 -0.1163
vn -0.3461 0.9310 -0.1163
vn -0.1767 0.9774 -0.1164
vn -0.0000 0.9932 -0.1163
vn 0.1767 0.9774 -0.1163
vn 0.3461 0.9310 -0.1163
vn 0.5017 0.8572 -0.1163
vn 0.6402 0.7594 -0.1163
vn 0.7594 0.6402 -0.1163
vn 0.8572 0.5017 -0.1163
vn 0.9310 0.3461 -0.1163
vn 0.9774 0.1767 -0.1163
vn 0.9932 -0.0000 -0.1163
vn 0.9774 -0.1767 -0.1163
vn 0.9310 -0.3461 -0.1163
vn 0.8572 -0.5017 -0.1163
vn 0.7594 -0.6402 -0.1163
vn 0.6402 -0.7594 -0.1163
vn 0.5017 -0.8572 -0.1163
vn 0.3461 -0.9310 -0.1163
vn 0.1767 -0.9774 -0.1164
vn -0.0000 -0.9932 -0.1163
vn -0.1767 -0.9774 -0.1163
vn -0.3461 -0.9310 -0.1163
vn -0.5017 -0.8572 -0.1163
vn -0.6402 -0.7594 -0.1163
vn -0.7594 -0.6402 -0.1163
vn -0.8572 -0.5017 -0.1163
vn -0.9310 -0.3461 -0.1163
vn -0.7507 -0.0000 -0.6606
vn -0.7387 -0.1336 -0.6606
vn -0.7387 0.1336 -0.6606
vn -0.7034 0.2615 -0.6610
vn -0.6474 0.3789 -0.6613
vn -0.5733 0.4834 -0.6615
vn -0.4834 0.5733 -0.6615
vn -0.3789 0.6474 -0.6613
vn -0.2615 0.7034 -0.6610
vn -0.1336 0.7387 -0.6606
vn -0.0000 0.7507 -0.6606
vn 0.1336 0.7387 -0.6606
vn 0.2615 0.7034 -0.6610
vn 0.3789 0.6474 -0.6613
vn 0.4834 0.5733 -0.6615
vn 0.5733 0.4834 -0.6615
vn 0.6473 0.3789 -0.6613
vn 0.7034 0.2615 -0.6610
vn 0.7387 0.1336 -0.6606
vn 0.7507 -0.0000 -0.6606
vn 0.7387 -0.1336 -0.6606
vn 0.7034 -0.2615 -0.6610
vn 0.6473 -0.3789 -0.6613
vn 0.5733 -0.4834 -0.6615
vn 0.4834 -0.5733 -0.6615
vn 0.3789 -0.6474 -0.6613
vn 0.2615 -0.7034 -0.6610
vn 0.1336 -0.7387 -0.6606
vn -0.0000 -0.7507 -0.6606
vn -0.1336 -0.7387 -0.6606
vn -0.2615 -0.7034 -0.6610
vn -0.3789 -0.6474 -0.6613
vn -0.4834 -0.5733 -0.6615
vn -0.5733 -0.4834 -0.6615
vn -0.6474 -0.3789 -0.6613
vn -0.7034 -0.2615 -0.6610
vn -0.0408 -0.0000 -0.9992
vn -0.0401 -0.0072 -0.9992
vn -0.0401 0.0072 -0.9992
vn -0.0381 0.0142 -0.9992
vn -0.0351 0.0205 -0.9992
vn -0.0311 0.0262 -0.9992
vn -0.0262 0.0311 -0.9992
vn -0.0205 0.0351 -0.9992
vn -0.0142 0.0381 -0.9992
vn -0.0072 0.0401 -0.9992
vn -0.0000 0.0408 -0.9992
vn 0.0072 0.0401 -0.9992
vn 0.0142 0.0381 -0.9992
vn 0.0205 0.0351 -0.9992
vn 0.0262 0.0311 -0.9992
vn 0.0311 0.0262 -0.9992
vn 0.0351 0.0205 -0.9992
vn 0.0381 0.0142 -0.9992
vn 0.0401 0.0072 -0.9992
vn 0.0408 -0.0000 -0.9992
vn 0.0401 -0.0072 -0.9992
vn 0.0381 -0.0142 -0.9992
vn 0.0351 -0.0205 -0.9992
vn 0.0311 -0.0262 -0.9992
vn 0.0262 -0.0311 -0.9992
vn 0.0205 -0.0351 -0.9992
vn 0.0142 -0.0381 -0.9992
vn 0.0072 -0.0401 -0.9992
vn -0.0000 -0.0408 -0.9992
vn -0.0072 -0.0401 -0.9992
vn -0.0142 -0.0381 -0.9992
vn -0.0205 -0.0351 -0.9992
vn -0.0262 -0.0311 -0.9992
vn -0.0311 -0.0262 -0.9992
vn -0.0351 -0.0205 -0.9992
vn -0.0381 -0.0142 -0.9992
vn -0.0000 -0.0000 -1.0000
vn 0.9773 0.1768 0.1171
vn 0.9931 -0.0000 0.1171
vn 0.9315 -0.0000 -0.3638
vn 0.9166 0.1658 -0.3638
vn 0.9309 0.3461 0.1171
vn 0.8730 0.3246 -0.3639
vn 0.8571 0.5017 0.1171
vn 0.8038 0.4705 -0.3640
vn 0.7593 0.6401 0.1171
vn 0.7121 0.6003 -0.3641
vn 0.6401 0.7593 0.1171
vn 0.6003 0.7121 -0.3641
vn 0.5017 0.8571 0.1171
vn 0.4705 0.8038 -0.3640
vn 0.3461 0.9309 0.1171
vn 0.3246 0.8730 -0.3639
vn 0.1768 0.9773 0.1171
vn 0.1658 0.9166 -0.3638
vn -0.0000 0.9931 0.1171
vn -0.0000 0.9315 -0.3638
vn -0.1768 0.9773 0.1171
vn -0.1658 0.9166 -0.3638
vn -0.3461 0.9309 0.1171
vn -0.3246 0.8730 -0.3639
vn -0.5017 0.8571 0.1171
vn -0.4705 0.8038 -0.3640
vn -0.6401 0.7593 0.1171
vn -0.6003 0.7121 -0.3641
vn -0.7593 0.6401 0.1171
vn -0.7121 0.6003 -0.3641
vn -0.8571 0.5017 0.1171
vn -0.8038 0.4705 -0.3640
vn -0.9309 0.3461 0.1171
vn -0.8730 0.3246 -0.3639
vn -0.9773 0.1768 0.1171
vn -0.9166 0.1658 -0.3638
vn -0.9931 -0.0000 0.1171
vn -0.9315 -0.0000 -0.3638
vn -0.9773 -0.1767 0.1171
vn -0.9166 -0.1658 -0.3638
vn -0.9309 -0.3461 0.1171
vn -0.8730 -0.3246 -0.3639
vn -0.8571 -0.5017 0.1171
vn -0.8038 -0.4705 -0.3640
vn -0.7593 -0.6401 0.1171
vn -0.7121 -0.6003 -0.3641
vn -0.6401 -0.7593 0.1171
vn -0.6003 -0.7121 -0.3641
vn -0.5017 -0.8571 0.1171
vn -0.4705 -0.8038 -0.3640
vn -0.3461 -0.9309 0.1171
vn -0.3246 -0.8730 -0.3639
vn -0.1768 -0.9773 0.1171
vn -0.1658 -0.9166 -0.3638
vn -0.0000 -0.9931 0.1171
vn -0.0000 -0.9315 -0.3638
vn 0.1768 -0.9773 0.1171
vn 0.1658 -0.9166 -0.3638
vn 0.3461 -0.9309 0.1171
vn 0.3246 -0.8730 -0.3639
vn 0.5017 -0.8571 0.1171
vn 0.4705 -0.8038 -0.3640
vn 0.6401 -0.7593 0.1171
vn 0.6003 -0.7121 -0.3641
vn 0.7593 -0.6401 0.1171
vn 0.7121 -0.6003 -0.3641
vn 0.8571 -0.5017 0.1171
vn 0.8038 -0.4705 -0.3640
vn 0.9309 -0.3461 0.1171
vn 0.8730 -0.3246 -0.3639
vn 0.9773 -0.1768 0.1171
vn 0.9166 -0.1658 -0.3638
vn 0.4688 -0.0000 -0.8833
vn 0.4612 0.0834 -0.8834
vn 0.4391 0.1632 -0.8835
vn 0.4041 0.2365 -0.8836
vn 0.3579 0.3017 -0.8837
vn 0.3017 0.3579 -0.8837
vn 0.2365 0.4041 -0.8836
vn 0.1632 0.4391 -0.8835
vn 0.0834 0.4612 -0.8834
vn -0.0000 0.4688 -0.8833
vn -0.0834 0.4612 -0.8834
vn -0.1632 0.4391 -0.8835
vn -0.2365 0.4041 -0.8836
vn -0.3017 0.3579 -0.8837
vn -0.3579 0.3017 -0.8837
vn -0.4041 0.2365 -0.8836
vn -0.4390 0.1632 -0.8835
vn -0.4612 0.0834 -0.8834
vn -0.4688 -0.0000 -0.8833
vn -0.4612 -0.0834 -0.8834
vn -0.4390 -0.1632 -0.8835
vn -0.4041 -0.2365 -0.8836
vn -0.3579 -0.3017 -0.8837
vn -0.3017 -0.3579 -0.8837
vn -0.2365 -0.4041 -0.8836
vn -0.1632 -0.4391 -0.8835
vn -0.0834 -0.4612 -0.8834
vn -0.0000 -0.4688 -0.8833
vn 0.0834 -0.4612 -0.8834
vn 0.1632 -0.4391 -0.8835
vn 0.2365 -0.4041 -0.8836
vn 0.3017 -0.3579 -0.8837
vn 0.3579 -0.3017 -0.8837
vn 0.4041 -0.2365 -0.8836
vn 0.4391 -0.1632 -0.8835
vn 0.4612 -0.0834 -0.8834
vn 0.0691 -0.0000 -0.9976
vn 0.0680 0.0123 -0.9976
vn 0.0647 0.0241 -0.9976
vn 0.0595 0.0348 -0.9976
vn 0.0527 0.0444 -0.9976
vn 0.0444 0.0527 -0.9976
vn 0.0348 0.0595 -0.9976
vn 0.0241 0.0647 -0.9976
vn 0.0123 0.0680 -0.9976
vn -0.0000 0.0691 -0.9976
vn -0.0123 0.0680 -0.9976
vn -0.0241 0.0647 -0.9976
vn -0.0348 0.0595 -0.9976
vn -0.0444 0.0527 -0.9976
vn -0.0527 0.0444 -0.9976
vn -0.0595 0.0348 -0.9976
vn -0.0647 0.0241 -0.9976
vn -0.0680 0.0123 -0.9976
vn -0.0691 -0.0000 -0.9976
vn -0.0680 -0.0123 -0.9976
vn -0.0647 -0.0241 -0.9976
vn -0.0595 -0.0348 -0.9976
vn -0.0527 -0.0444 -0.9976
vn -0.0444 -0.0527 -0.9976
vn -0.0348 -0.0595 -0.9976
vn -0.0241 -0.0647 -0.9976
vn -0.0123 -0.0680 -0.9976
vn -0.0000 -0.0691 -0.9976
vn 0.0123 -0.0680 -0.9976
vn 0.0241 -0.0647 -0.9976
vn 0.0348 -0.0595 -0.9976
vn 0.0444 -0.0527 -0.9976
vn 0.0527 -0.0444 -0.9976
vn 0.0595 -0.0348 -0.9976
vn 0.0647 -0.0241 -0.9976
vn 0.0680 -0.0123 -0.9976
vn -0.3318 -0.0000 -0.9434
vn -0.3265 -0.0591 -0.9434
vn -0.3113 -0.1157 -0.9432
vn -0.2870 -0.1680 -0.9431
vn -0.2544 -0.2145 -0.9430
vn -0.2145 -0.2544 -0.9430
vn -0.1680 -0.2870 -0.9431
vn -0.1157 -0.3113 -0.9432
vn -0.0591 -0.3265 -0.9434
vn -0.0000 -0.3318 -0.9434
vn 0.0591 -0.3265 -0.9433
vn 0.1157 -0.3113 -0.9432
vn 0.1680 -0.2870 -0.9431
vn 0.2145 -0.2544 -0.9430
vn 0.2544 -0.2145 -0.9430
vn 0.2870 -0.1680 -0.9431
vn 0.3113 -0.1157 -0.9432
vn 0.3265 -0.0591 -0.9433
vn 0.3318 -0.0000 -0.9434
vn 0.3265 0.0591 -0.9433
vn 0.3113 0.1157 -0.9432
vn 0.2870 0.1680 -0.9431
vn 0.2544 0.2145 -0.9430
vn 0.2145 0.2544 -0.9430
vn 0.1680 0.2870 -0.9431
vn 0.1157 0.3113 -0.9432
vn 0.0591 0.3265 -0.9434
vn -0.0000 0.3318 -0.9434
vn -0.0591 0.3265 -0.9434
vn -0.1157 0.3113 -0.9432
vn -0.1680 0.2870 -0.9431
vn -0.2145 0.2544 -0.9430
vn -0.2544 0.2145 -0.9430
vn -0.2870 0.1680 -0.9431
vn -0.3113 0.1157 -0.9432
vn -0.3265 0.0591 -0.9433
vn -0.3671 -0.0000 -0.9302
vn -0.3612 -0.0653 -0.9302
vn -0.3438 -0.1278 -0.9303
vn -0.3163 -0.1851 -0.9304
vn -0.2801 -0.2361 -0.9305
vn -0.2361 -0.2801 -0.9305
vn -0.1851 -0.3163 -0.9304
vn -0.1278 -0.3438 -0.9303
vn -0.0653 -0.3612 -0.9302
vn -0.0000 -0.3671 -0.9302
vn 0.0653 -0.3612 -0.9302
vn 0.1278 -0.3438 -0.9303
vn 0.1851 -0.3163 -0.9304
vn 0.2361 -0.2801 -0.9305
vn 0.2801 -0.2361 -0.9305
vn 0.3163 -0.1851 -0.9304
vn 0.3438 -0.1278 -0.9303
vn 0.3612 -0.0653 -0.9302
vn 0.3671 -0.0000 -0.9302
vn 0.3612 0.0653 -0.9302
vn 0.3438 0.1278 -0.9303
vn 0.3163 0.1851 -0.9304
vn 0.2801 0.2361 -0.9305
vn 0.2361 0.2801 -0.9305
vn 0.1851 0.3163 -0.9304
vn 0.1278 0.3438 -0.9303
vn 0.0653 0.3612 -0.9302
vn -0.0000 0.3671 -0.9302
vn -0.0653 0.3612 -0.9302
vn -0.1278 0.3438 -0.9303
vn -0.1851 0.3163 -0.9304
vn -0.2361 0.2801 -0.9305
vn -0.2801 0.2361 -0.9305
vn -0.3163 0.1851 -0.9304
vn -0.3438 0.1278 -0.9303
vn -0.3612 0.0653 -0.9302
vn -0.6268 -0.0000 -0.7792
vn -0.6168 -0.1116 -0.7791
vn -0.5880 -0.2186 -0.7788
vn -0.5418 -0.3171 -0.7784
vn -0.4802 -0.4048 -0.7782
vn -0.4048 -0.4802 -0.7782
vn -0.3171 -0.5418 -0.7784
vn -0.2186 -0.5880 -0.7788
vn -0.1116 -0.6168 -0.7791
vn -0.0000 -0.6268 -0.7792
vn 0.1116 -0.6168 -0.7791
vn 0.2186 -0.5880 -0.7788
vn 0.3171 -0.5418 -0.7784
vn 0.4048 -0.4801 -0.7782
vn 0.4802 -0.4048 -0.7782
vn 0.5418 -0.3171 -0.7784
vn 0.5880 -0.2186 -0.7788
vn 0.6168 -0.1116 -0.7791
vn 0.6268 -0.0000 -0.7792
vn 0.6168 0.1116 -0.7791
vn 0.5880 0.2186 -0.7788
vn 0.5418 0.3171 -0.7784
vn 0.4802 0.4048 -0.7782
vn 0.4048 0.4801 -0.7782
vn 0.3171 0.5418 -0.7784
vn 0.2186 0.5880 -0.7788
vn 0.1116 0.6168 -0.7791
vn -0.0000 0.6268 -0.7792
vn -0.1116 0.6168 -0.7791
vn -0.2186 0.5880 -0.7788
vn -0.3171 0.5418 -0.7784
vn -0.4048 0.4802 -0.7782
vn -0.4802 0.4048 -0.7782
vn -0.5418 0.3171 -0.7784
vn -0.5880 0.2186 -0.7788
vn -0.6168 0.1116 -0.7791
vn -0.6690 -0.0000 -0.7432
vn -0.6583 -0.1190 -0.7433
vn -0.6267 -0.2330 -0.7436
vn -0.5767 -0.3376 -0.7439
vn -0.5107 -0.4306 -0.7441
vn -0.4306 -0.5107 -0.7441
vn -0.3376 -0.5767 -0.7439
vn -0.2330 -0.6267 -0.7436
vn -0.1190 -0.6583 -0.7433
vn -0.0000 -0.6690 -0.7432
vn 0.1190 -0.6583 -0.7433
vn 0.2330 -0.6267 -0.7436
vn 0.3376 -0.5767 -0.7439
vn 0.4306 -0.5107 -0.7441
vn 0.5107 -0.4306 -0.7441
vn 0.5767 -0.3376 -0.7439
vn 0.6267 -0.2330 -0.7436
vn 0.6583 -0.1190 -0.7433
vn 0.6690 -0.0000 -0.7432
vn 0.6583 0.1190 -0.7433
vn 0.6267 0.2330 -0.7436
vn 0.5767 0.3376 -0.7439
vn 0.5107 0.4306 -0.7441
vn 0.4306 0.5107 -0.7441
vn 0.3376 0.5767 -0.7439
vn 0.2330 0.6267 -0.7436
vn 0.1190 0.6583 -0.7433
vn -0.0000 0.6690 -0.7432
vn -0.1190 0.6583 -0.7433
vn -0.2330 0.6267 -0.7436
vn -0.3376 0.5767 -0.7439
vn -0.4306 0.5107 -0.7441
vn -0.5107 0.4306 -0.7441
vn -0.5767 0.3376 -0.7439
vn -0.6267 0.2330 -0.7436
vn -0.6583 0.1190 -0.7433
vn 0.0630 -0.0000 -0.9980
vn 0.0620 0.0112 -0.9980
vn 0.0591 0.0220 -0.9980
vn 0.0545 0.0319 -0.9980
vn 0.0483 0.0407 -0.9980
vn 0.0407 0.0483 -0.9980
vn 0.0319 0.0545 -0.9980
vn 0.0220 0.0591 -0.9980
vn 0.0112 0.0620 -0.9980
vn -0.0000 0.0630 -0.9980
vn -0.0112 0.0620 -0.9980
vn -0.0220 0.0591 -0.9980
vn -0.0319 0.0545 -0.9980
vn -0.0407 0.0483 -0.9980
vn -0.0483 0.0407 -0.9980
vn -0.0545 0.0319 -0.9980
vn -0.0591 0.0220 -0.9980
vn -0.0620 0.0112 -0.9980
vn -0.0630 -0.0000 -0.9980
vn -0.0620 -0.0112 -0.9980
vn -0.0591 -0.0220 -0.9980
vn -0.0545 -0.0319 -0.9980
vn -0.0483 -0.0407 -0.9980
vn -0.0407 -0.0483 -0.9980
vn -0.0319 -0.0545 -0.9980
vn -0.0220 -0.0591 -0.9980
vn -0.0112 -0.0620 -0.9980
vn -0.0000 -0.0630 -0.9980
vn 0.0112 -0.0620 -0.9980
vn 0.0220 -0.0591 -0.9980
vn 0.0319 -0.0545 -0.9980
vn 0.0407 -0.0483 -0.9980
vn 0.0483 -0.0407 -0.9980
vn 0.0545 -0.0319 -0.9980
vn 0.0591 -0.0220 -0.9980
vn 0.0620 -0.0112 -0.9980
vn 0.0706 -0.0000 -0.9975
vn 0.0694 0.0126 -0.9975
vn 0.0661 0.0246 -0.9975
vn 0.0608 0.0356 -0.9975
vn 0.0538 0.0454 -0.9975
vn 0.0454 0.0538 -0.9975
vn 0.0356 0.0608 -0.9975
vn 0.0246 0.0661 -0.9975
vn 0.0126 0.0694 -0.9975
vn -0.0000 0.0706 -0.9975
vn -0.0126 0.0694 -0.9975
vn -0.0246 0.0661 -0.9975
vn -0.0356 0.0608 -0.9975
vn -0.0454 0.0538 -0.9975
vn -0.0538 0.0454 -0.9975
vn -0.0608 0.0356 -0.9975
vn -0.0661 0.0246 -0.9975
vn -0.0694 0.0126 -0.9975
vn -0.0706 -0.0000 -0.9975
vn -0.0694 -0.0126 -0.9975
vn -0.0661 -0.0246 -0.9975
vn -0.0608 -0.0356 -0.9975
vn -0.0538 -0.0454 -0.9975
vn -0.0454 -0.0538 -0.9975
vn -0.0356 -0.0608 -0.9975
vn -0.0246 -0.0661 -0.9975
vn -0.0126 -0.0694 -0.9975
vn -0.0000 -0.0706 -0.9975
vn 0.0126 -0.0694 -0.9975
vn 0.0246 -0.0661 -0.9975
vn 0.0356 -0.0608 -0.9975
vn 0.0454 -0.0538 -0.9975
vn 0.0538 -0.0454 -0.9975
vn 0.0608 -0.0356 -0.9975
vn 0.0661 -0.0246 -0.9975
vn 0.0694 -0.0126 -0.9975
vn 0.8697 0.1573 0.4678
vn 0.8838 -0.0000 0.4678
vn 0.8697 -0.1573 0.4678
vn 0.8284 -0.3080 0.4679
vn 0.7627 -0.4464 0.4680
vn 0.6756 -0.5696 0.4680
vn 0.5696 -0.6756 0.4680
vn 0.4464 -0.7627 0.4680
vn 0.3080 -0.8284 0.4680
vn 0.1573 -0.8697 0.4678
vn -0.0000 -0.8838 0.4678
vn -0.1573 -0.8697 0.4678
vn -0.3080 -0.8284 0.4679
vn -0.4464 -0.7627 0.4680
vn -0.5696 -0.6756 0.4680
vn -0.6756 -0.5696 0.4680
vn -0.7627 -0.4464 0.4680
vn -0.8284 -0.3080 0.4680
vn -0.8697 -0.1573 0.4678
vn -0.8838 -0.0000 0.4678
vn -0.8697 0.1573 0.4678
vn -0.8284 0.3080 0.4680
vn -0.7627 0.4464 0.4680
vn -0.6756 0.5696 0.4680
vn -0.5696 0.6756 0.4680
vn -0.4464 0.7627 0.4680
vn -0.3080 0.8284 0.4679
vn -0.1573 0.8697 0.4678
vn -0.0000 0.8838 0.4678
vn 0.1573 0.8697 0.4678
vn 0.3080 0.8284 0.4679
vn 0.4464 0.7627 0.4680
vn 0.5696 0.6756 0.4680
vn 0.6756 0.5696 0.4680
vn 0.7627 0.4464 0.4680
vn 0.8284 0.3080 0.4679
vn 0.5063 0.0916 0.8575
vn 0.5146 -0.0000 0.8574
vn 0.5063 -0.0916 0.8575
vn 0.4821 -0.1792 0.8576
vn 0.4437 -0.2597 0.8577
vn 0.3930 -0.3313 0.8578
vn 0.3313 -0.3930 0.8578
vn 0.2597 -0.4437 0.8577
vn 0.1792 -0.4821 0.8576
vn 0.0916 -0.5063 0.8575
vn -0.0000 -0.5146 0.8574
vn -0.0916 -0.5063 0.8575
vn -0.1792 -0.4821 0.8576
vn -0.2597 -0.4437 0.8577
vn -0.3313 -0.3930 0.8578
vn -0.3930 -0.3313 0.8578
vn -0.4437 -0.2597 0.8577
vn -0.4821 -0.1792 0.8576
vn -0.5063 -0.0915 0.8575
vn -0.5146 -0.0000 0.8574
vn -0.5063 0.0916 0.8575
vn -0.4821 0.1792 0.8576
vn -0.4437 0.2597 0.8577
vn -0.3930 0.3313 0.8578
vn -0.3313 0.3930 0.8578
vn -0.2597 0.4437 0.8577
vn -0.1792 0.4821 0.8576
vn -0.0916 0.5063 0.8575
vn -0.0000 0.5146 0.8574
vn 0.0916 0.5063 0.8575
vn 0.1792 0.4821 0.8576
vn 0.2597 0.4437 0.8577
vn 0.3314 0.3930 0.8578
vn 0.3930 0.3313 0.8578
vn 0.4437 0.2597 0.8577
vn 0.4821 0.1792 0.8576
vn 0.1207 0.0218 0.9924
vn 0.1227 -0.0000 0.9924
vn 0.1207 -0.0218 0.9924
vn 0.1149 -0.0427 0.9925
vn 0.1057 -0.0619 0.9925
vn 0.0936 -0.0789 0.9925
vn 0.0789 -0.0936 0.9925
vn 0.0619 -0.1057 0.9925
vn 0.0427 -0.1149 0.9925
vn 0.0218 -0.1207 0.9924
vn -0.0000 -0.1227 0.9924
vn -0.0218 -0.1207 0.9924
vn -0.0427 -0.1149 0.9925
vn -0.0619 -0.1057 0.9925
vn -0.0789 -0.0936 0.9925
vn -0.0936 -0.0789 0.9925
vn -0.1057 -0.0619 0.9925
vn -0.1149 -0.0427 0.9925
vn -0.1207 -0.0218 0.9924
vn -0.1227 -0.0000 0.9924
vn -0.1207 0.0218 0.9924
vn -0.1149 0.0427 0.9925
vn -0.1057 0.0619 0.9925
vn -0.0936 0.0789 0.9925
vn -0.0789 0.0936 0.9925
vn -0.0619 0.1057 0.9925
vn -0.0427 0.1149 0.9925
vn -0.0218 0.1207 0.9924
vn -0.0000 0.1227 0.9924
vn 0.0218 0.1207 0.9924
vn 0.0427 0.1149 0.9925
vn 0.0619 0.1057 0.9925
vn 0.0789 0.0936 0.9925
vn 0.0936 0.0789 0.9925
vn 0.1057 0.0619 0.9925
vn 0.1149 0.0427 0.9925
vn -0.4691 -0.0849 0.8791
vn -0.4767 -0.0000 0.8791
vn -0.4691 0.0849 0.8791
vn -0.4472 0.1663 0.8788
vn -0.4122 0.2413 0.8786
vn -0.3654 0.3080 0.8784
vn -0.3080 0.3654 0.8784
vn -0.2413 0.4122 0.8786
vn -0.1663 0.4472 0.8788
vn -0.0849 0.4691 0.8791
vn -0.0000 0.4767 0.8791
vn 0.0849 0.4691 0.8791
vn 0.1663 0.4472 0.8788
vn 0.2413 0.4122 0.8786
vn 0.3080 0.3654 0.8784
vn 0.3654 0.3080 0.8784
vn 0.4122 0.2413 0.8786
vn 0.4472 0.1663 0.8788
vn 0.4691 0.0849 0.8791
vn 0.4767 -0.0000 0.8791
vn 0.4691 -0.0849 0.8791
vn 0.4472 -0.1663 0.8788
vn 0.4122 -0.2413 0.8786
vn 0.3654 -0.3080 0.8784
vn 0.3080 -0.3654 0.8784
vn 0.2413 -0.4122 0.8786
vn 0.1663 -0.4472 0.8788
vn 0.0849 -0.4691 0.8791
vn -0.0000 -0.4767 0.8791
vn -0.0849 -0.4691 0.8791
vn -0.1663 -0.4472 0.8788
vn -0.2413 -0.4122 0.8786
vn -0.3080 -0.3654 0.8784
vn -0.3654 -0.3080 0.8784
vn -0.4122 -0.2413 0.8786
vn -0.4472 -0.1663 0.8788
vn -0.5294 -0.0957 0.8430
vn -0.5380 -0.0000 0.8429
vn -0.5294 0.0957 0.8430
vn -0.5039 0.1873 0.8432
vn -0.4637 0.2714 0.8434
vn -0.4106 0.3462 0.8435
vn -0.3462 0.4106 0.8435
vn -0.2714 0.4637 0.8434
vn -0.1873 0.5039 0.8432
vn -0.0957 0.5294 0.8430
vn -0.0000 0.5380 0.8429
vn 0.0957 0.5294 0.8430
vn 0.1873 0.5039 0.8432
vn 0.2714 0.4637 0.8434
vn 0.3462 0.4106 0.8435
vn 0.4106 0.3462 0.8435
vn 0.4637 0.2714 0.8434
vn 0.5039 0.1873 0.8432
vn 0.5294 0.0957 0.8430
vn 0.5380 -0.0000 0.8429
vn 0.5294 -0.0957 0.8430
vn 0.5039 -0.1873 0.8432
vn 0.4637 -0.2714 0.8434
vn 0.4106 -0.3462 0.8435
vn 0.3462 -0.4106 0.8435
vn 0.2714 -0.4637 0.8434
vn 0.1873 -0.5039 0.8432
vn 0.0957 -0.5294 0.8430
vn -0.0000 -0.5380 0.8429
vn -0.0957 -0.5294 0.8430
vn -0.1873 -0.5039 0.8432
vn -0.2714 -0.4637 0.8434
vn -0.3462 -0.4106 0.8435
vn -0.4106 -0.3462 0.8435
vn -0.4637 -0.2714 0.8434
vn -0.5039 -0.1873 0.8432
vn -0.5987 -0.1083 0.7937
vn -0.6083 -0.0000 0.7937
vn -0.5987 0.1083 0.7937
vn -0.5706 0.2122 0.7933
vn -0.5258 0.3078 0.7930
vn -0.4660 0.3929 0.7928
vn -0.3929 0.4660 0.7928
vn -0.3078 0.5258 0.7930
vn -0.2122 0.5706 0.7933
vn -0.1083 0.5987 0.7937
vn -0.0000 0.6083 0.7937
vn 0.1083 0.5987 0.7937
vn 0.2122 0.5706 0.7933
vn 0.3078 0.5258 0.7930
vn 0.3929 0.4660 0.7928
vn 0.4660 0.3929 0.7928
vn 0.5258 0.3078 0.7930
vn 0.5706 0.2122 0.7933
vn 0.5987 0.1083 0.7937
vn 0.6083 -0.0000 0.7937
vn 0.5987 -0.1083 0.7937
vn 0.5706 -0.2122 0.7933
vn 0.5258 -0.3078 0.7930
vn 0.4660 -0.3929 0.7928
vn 0.3929 -0.4660 0.7928
vn 0.3078 -0.5258 0.7930
vn 0.2122 -0.5706 0.7933
vn 0.1083 -0.5987 0.7937
vn -0.0000 -0.6083 0.7937
vn -0.1083 -0.5987 0.7937
vn -0.2122 -0.5706 0.7933
vn -0.3078 -0.5258 0.7930
vn -0.3929 -0.4660 0.7928
vn -0.4660 -0.3929 0.7928
vn -0.5258 -0.3078 0.7930
vn -0.5706 -0.2122 0.7933
vn -0.7466 -0.1350 0.6515
vn -0.7587 -0.0000 0.6514
vn -0.7466 0.1350 0.6515
vn -0.7109 0.2643 0.6517
vn -0.6544 0.3831 0.6519
vn -0.5797 0.4887 0.6520
vn -0.4887 0.5797 0.6520
vn -0.3831 0.6544 0.6519
vn -0.2643 0.7109 0.6517
vn -0.1350 0.7466 0.6515
vn -0.0000 0.7587 0.6514
vn 0.1350 0.7466 0.6515
vn 0.2643 0.7109 0.6517
vn 0.3831 0.6544 0.6519
vn 0.4887 0.5797 0.6520
vn 0.5797 0.4887 0.6520
vn 0.6544 0.3831 0.6519
vn 0.7109 0.2643 0.6517
vn 0.7466 0.1350 0.6515
vn 0.7587 -0.0000 0.6514
vn 0.7466 -0.1350 0.6515
vn 0.7109 -0.2643 0.6517
vn 0.6544 -0.3831 0.6519
vn 0.5797 -0.4887 0.6520
vn 0.4887 -0.5797 0.6520
vn 0.3831 -0.6544 0.6519
vn 0.2643 -0.7109 0.6517
vn 0.1350 -0.7466 0.6515
vn -0.0000 -0.7587 0.6514
vn -0.1350 -0.7466 0.6515
vn -0.2643 -0.7109 0.6517
vn -0.3831 -0.6544 0.6519
vn -0.4887 -0.5797 0.6520
vn -0.5797 -0.4887 0.6520
vn -0.6544 -0.3831 0.6519
vn -0.7109 -0.2643 0.6517
vn -0.7319 -0.1324 0.6685
vn -0.7437 -0.0000 0.6685
vn -0.7319 0.1324 0.6685
vn -0.6973 0.2593 0.6682
vn -0.6423 0.3760 0.6679
vn -0.5691 0.4798 0.6677
vn -0.4798 0.5691 0.6677
vn -0.3760 0.6423 0.6679
vn -0.2593 0.6973 0.6682
vn -0.1324 0.7319 0.6685
vn -0.0000 0.7437 0.6685
vn 0.1324 0.7319 0.6685
vn 0.2593 0.6973 0.6682
vn 0.3760 0.6423 0.6679
vn 0.4798 0.5691 0.6677
vn 0.5691 0.4798 0.6677
vn 0.6423 0.3760 0.6679
vn 0.6973 0.2593 0.6682
vn 0.7319 0.1324 0.6685
vn 0.7437 -0.0000 0.6685
vn 0.7319 -0.1324 0.6685
vn 0.6973 -0.2593 0.6682
vn 0.6423 -0.3760 0.6679
vn 0.5691 -0.4798 0.6677
vn 0.4798 -0.5691 0.6677
vn 0.3760 -0.6423 0.6679
vn 0.2593 -0.6973 0.6682
vn 0.1324 -0.7319 0.6685
vn -0.0000 -0.7438 0.6685
vn -0.1324 -0.7319 0.6685
vn -0.2593 -0.6973 0.6682
vn -0.3760 -0.6423 0.6679
vn -0.4798 -0.5691 0.6677
vn -0.5691 -0.4798 0.6677
vn -0.6423 -0.3760 0.6679
vn -0.6973 -0.2593 0.6682
vn -0.9774 -0.1767 0.1163
vn -0.9932 -0.0000 0.1163
vn -0.9774 0.1767 0.1163
vn -0.9310 0.3461 0.1163
vn -0.8572 0.5017 0.1163
vn -0.7594 0.6402 0.1163
vn -0.6402 0.7594 0.1163
vn -0.5017 0.8572 0.1163
vn -0.3461 0.9310 0.1163
vn -0.1767 0.9774 0.1164
vn -0.0000 0.9932 0.1163
vn 0.1767 0.9774 0.1163
vn 0.3461 0.9310 0.1163
vn 0.5017 0.8572 0.1163
vn 0.6402 0.7594 0.1163
vn 0.7594 0.6402 0.1163
vn 0.8572 0.5017 0.1163
vn 0.9310 0.3461 0.1163
vn 0.9774 0.1767 0.1163
vn 0.9932 -0.0000 0.1163
vn 0.9774 -0.1767 0.1163
vn 0.9310 -0.3461 0.1163
vn 0.8572 -0.5017 0.1163
vn 0.7594 -0.6402 0.1163
vn 0.6402 -0.7594 0.1163
vn 0.5017 -0.8572 0.1163
vn 0.3461 -0.9310 0.1163
vn 0.1767 -0.9774 0.1164
vn -0.0000 -0.9932 0.1163
vn -0.1767 -0.9774 0.1163
vn -0.3461 -0.9310 0.1163
vn -0.5017 -0.8572 0.1163
vn -0.6402 -0.7594 0.1163
vn -0.7594 -0.6402 0.1163
vn -0.8572 -0.5017 0.1163
vn -0.9310 -0.3461 0.1163
vn -0.7387 -0.1336 0.6606
vn -0.7507 -0.0000 0.6606
vn -0.7387 0.1336 0.6606
vn -0.7034 0.2615 0.6610
vn -0.6474 0.3789 0.6613
vn -0.5733 0.4834 0.6615
vn -0.4834 0.5733 0.6615
vn -0.3789 0.6474 0.6613
vn -0.2615 0.7034 0.6610
vn -0.1336 0.7387 0.6606
vn -0.0000 0.7507 0.6606
vn 0.1336 0.7387 0.6606
vn 0.2615 0.7034 0.6610
vn 0.3789 0.6474 0.6613
vn 0.4834 0.5733 0.6615
vn 0.5733 0.4834 0.6615
vn 0.6473 0.3789 0.6613
vn 0.7034 0.2615 0.6610
vn 0.7387 0.1336 0.6606
vn 0.7507 -0.0000 0.6606
vn 0.7387 -0.1336 0.6606
vn 0.7034 -0.2615 0.6610
vn 0.6473 -0.3789 0.6613
vn 0.5733 -0.4834 0.6615
vn 0.4834 -0.5733 0.6615
vn 0.3789 -0.6474 0.6613
vn 0.2615 -0.7034 0.6610
vn 0.1336 -0.7387 0.6606
vn -0.0000 -0.7507 0.6606
vn -0.1336 -0.7387 0.6606
vn -0.2615 -0.7034 0.6610
vn -0.3789 -0.6474 0.6613
vn -0.4834 -0.5733 0.6615
vn -0.5733 -0.4834 0.6615
vn -0.6474 -0.3789 0.6613
vn -0.7034 -0.2615 0.6610
vn -0.0401 -0.0072 0.9992
vn -0.0408 -0.0000 0.9992
vn -0.0401 0.0072 0.9992
vn -0.0381 0.0142 0.9992
vn -0.0351 0.0205 0.9992
vn -0.0311 0.0262 0.9992
vn -0.0262 0.0311 0.9992
vn -0.0205 0.0351 0.9992
vn -0.0142 0.0381 0.9992
vn -0.0072 0.0401 0.9992
vn -0.0000 0.0408 0.9992
vn 0.0072 0.0401 0.9992
vn 0.0142 0.0381 0.9992
vn 0.0205 0.0351 0.9992
vn 0.0262 0.0311 0.9992
vn 0.0311 0.0262 0.9992
vn 0.0351 0.0205 0.9992
vn 0.0381 0.0142 0.9992
vn 0.0401 0.0072 0.9992
vn 0.0408 -0.0000 0.9992
vn 0.0401 -0.0072 0.9992
vn 0.0381 -0.0142 0.9992
vn 0.0351 -0.0205 0.9992
vn 0.0311 -0.0262 0.9992
vn 0.0262 -0.0311 0.9992
vn 0.0205 -0.0351 0.9992
vn 0.0142 -0.0381 0.9992
vn 0.0072 -0.0401 0.9992
vn -0.0000 -0.0408 0.9992
vn -0.0072 -0.0401 0.9992
vn -0.0142 -0.0381 0.9992
vn -0.0205 -0.0351 0.9992
vn -0.0262 -0.0311 0.9992
vn -0.0311 -0.0262 0.9992
vn -0.0351 -0.0205 0.9992
vn -0.0381 -0.0142 0.9992
vt 0.464605 0.503833
vt 0.420565 0.503833
vt 0.420565 0.475333
vt 0.464605 0.475333
vt 0.464605 0.531533
vt 0.420565 0.531533
vt 0.464605 0.558833
vt 0.420565 0.558833
vt 0.464605 0.585833
vt 0.420565 0.585833
vt 0.464605 0.612833
vt 0.420565 0.612833
vt 0.464605 0.639833
vt 0.420565 0.639833
vt 0.464605 0.667133
vt 0.420565 0.667133
vt 0.464605 0.694833
vt 0.420565 0.694833
vt 0.464605 0.723333
vt 0.420565 0.723333
vt 0.464605 0.751833
vt 0.420565 0.751833
vt 0.464605 0.779633
vt 0.420565 0.779633
vt 0.464605 0.806833
vt 0.420565 0.806833
vt 0.464605 0.833933
vt 0.420565 0.833933
vt 0.464605 0.860833
vt 0.420565 0.860833
vt 0.464605 0.887933
vt 0.420565 0.887933
vt 0.464605 0.915133
vt 0.420565 0.915133
vt 0.464605 0.942933
vt 0.420565 0.942933
vt 0.464605 0.971433
vt 0.420565 0.971433
vt 0.464605 0.999933
vt 0.420565 0.999933
vt 0.464605 0.035433
vt 0.420565 0.035433
vt 0.420565 0.007733
vt 0.464605 0.007733
vt 0.464605 0.062733
vt 0.420565 0.062733
vt 0.464605 0.089733
vt 0.420565 0.089733
vt 0.464605 0.116733
vt 0.420565 0.116733
vt 0.464605 0.143733
vt 0.420565 0.143733
vt 0.464605 0.171033
vt 0.420565 0.171033
vt 0.464605 0.198733
vt 0.420565 0.198733
vt 0.464605 0.227233
vt 0.420565 0.227233
vt 0.464605 0.255833
vt 0.420565 0.255833
vt 0.464605 0.283533
vt 0.420565 0.283533
vt 0.464605 0.310833
vt 0.420565 0.310833
vt 0.464605 0.337833
vt 0.420565 0.337833
vt 0.464605 0.364733
vt 0.420565 0.364733
vt 0.464605 0.391833
vt 0.420565 0.391833
vt 0.464605 0.419033
vt 0.420565 0.419033
vt 0.464605 0.446833
vt 0.420565 0.446833
vt 0.415005 0.503833
vt 0.415005 0.475333
vt 0.415005 0.531533
vt 0.415005 0.558833
vt 0.415005 0.585833
vt 0.415005 0.612833
vt 0.415005 0.639833
vt 0.415005 0.667133
vt 0.415005 0.694833
vt 0.415005 0.723333
vt 0.415005 0.751833
vt 0.415005 0.779633
vt 0.415005 0.806833
vt 0.415005 0.833933
vt 0.415005 0.860833
vt 0.415005 0.887933
vt 0.415005 0.915133
vt 0.415005 0.942933
vt 0.415005 0.971433
vt 0.415005 0.999933
vt 0.415005 0.035433
vt 0.415005 0.007733
vt 0.415005 0.062733
vt 0.415005 0.089733
vt 0.415005 0.116733
vt 0.415005 0.143733
vt 0.415005 0.171033
vt 0.415005 0.198733
vt 0.415005 0.227233
vt 0.415005 0.255833
vt 0.415005 0.283533
vt 0.415005 0.310833
vt 0.415005 0.337833
vt 0.415005 0.364733
vt 0.415005 0.391833
vt 0.415005 0.419033
vt 0.415005 0.446833
vt 0.410205 0.503833
vt 0.410205 0.475333
vt 0.410205 0.531533
vt 0.410205 0.558833
vt 0.410205 0.585833
vt 0.410205 0.612833
vt 0.410205 0.639833
vt 0.410205 0.667133
vt 0.410205 0.694833
vt 0.410205 0.723333
vt 0.410205 0.751833
vt 0.410205 0.779633
vt 0.410205 0.806833
vt 0.410205 0.833933
vt 0.410205 0.860833
vt 0.410205 0.887933
vt 0.410205 0.915133
vt 0.410205 0.942933
vt 0.410205 0.971433
vt 0.410205 0.999933
vt 0.410205 0.035433
vt 0.410205 0.007733
vt 0.410205 0.062733
vt 0.410205 0.089733
vt 0.410205 0.116733
vt 0.410205 0.143733
vt 0.410205 0.171033
vt 0.410205 0.198733
vt 0.410205 0.227233
vt 0.410205 0.255833
vt 0.410205 0.283533
vt 0.410205 0.310833
vt 0.410205 0.337833
vt 0.410205 0.364733
vt 0.410205 0.391833
vt 0.410205 0.419033
vt 0.410205 0.446833
vt 0.399965 0.503833
vt 0.399965 0.475333
vt 0.399965 0.531533
vt 0.399965 0.558833
vt 0.399965 0.585833
vt 0.399965 0.612833
vt 0.399965 0.639833
vt 0.399965 0.667133
vt 0.399965 0.694833
vt 0.399965 0.723333
vt 0.399965 0.751833
vt 0.399965 0.779633
vt 0.399965 0.806833
vt 0.399965 0.833933
vt 0.399965 0.860833
vt 0.399965 0.887933
vt 0.399965 0.915133
vt 0.399965 0.942933
vt 0.399965 0.971433
vt 0.399965 0.999933
vt 0.399965 0.035433
vt 0.399965 0.007733
vt 0.399965 0.062733
vt 0.399965 0.089733
vt 0.399965 0.116733
vt 0.399965 0.143733
vt 0.399965 0.171033
vt 0.399965 0.198733
vt 0.399965 0.227233
vt 0.399965 0.255833
vt 0.399965 0.283533
vt 0.399965 0.310833
vt 0.399965 0.337833
vt 0.399965 0.364733
vt 0.399965 0.391833
vt 0.399965 0.419033
vt 0.399965 0.446833
vt 0.679605 0.942733
vt 0.680965 0.930033
vt 0.696525 0.937133
vt 0.696045 0.950133
vt 0.664365 0.928433
vt 0.666605 0.916633
vt 0.650565 0.908133
vt 0.653605 0.897433
vt 0.638485 0.882433
vt 0.642165 0.873233
vt 0.628325 0.852033
vt 0.632605 0.844533
vt 0.620365 0.817733
vt 0.625085 0.812233
vt 0.614845 0.780233
vt 0.619885 0.776733
vt 0.611925 0.740233
vt 0.617165 0.739033
vt 0.611925 0.698433
vt 0.617165 0.699533
vt 0.614925 0.657233
vt 0.619965 0.660733
vt 0.620605 0.619133
vt 0.625325 0.624733
vt 0.628725 0.584633
vt 0.633005 0.592233
vt 0.639005 0.554433
vt 0.642685 0.563733
vt 0.651165 0.529133
vt 0.654165 0.539833
vt 0.664885 0.509233
vt 0.667125 0.521033
vt 0.679885 0.495333
vt 0.681285 0.507933
vt 0.695925 0.488133
vt 0.696405 0.501133
vt 0.712645 0.488133
vt 0.712165 0.501133
vt 0.729085 0.495533
vt 0.727685 0.508233
vt 0.744325 0.509833
vt 0.742085 0.521633
vt 0.758125 0.530133
vt 0.755085 0.540833
vt 0.770205 0.555833
vt 0.766485 0.565033
vt 0.780365 0.586233
vt 0.776085 0.593733
vt 0.788325 0.620533
vt 0.783565 0.626033
vt 0.793845 0.658033
vt 0.788805 0.661533
vt 0.796725 0.698033
vt 0.791525 0.699233
vt 0.796725 0.739833
vt 0.791525 0.738733
vt 0.793765 0.781033
vt 0.788725 0.777533
vt 0.788085 0.819133
vt 0.783325 0.813533
vt 0.779925 0.853633
vt 0.775685 0.846033
vt 0.769645 0.883833
vt 0.765965 0.874533
vt 0.757525 0.909133
vt 0.754525 0.898433
vt 0.743805 0.929033
vt 0.741565 0.917233
vt 0.728765 0.942933
vt 0.727405 0.930333
vt 0.712765 0.950133
vt 0.712285 0.937133
vt 0.682605 0.915533
vt 0.697045 0.922133
vt 0.669205 0.903033
vt 0.657085 0.885233
vt 0.646445 0.862633
vt 0.637565 0.835933
vt 0.630565 0.805833
vt 0.625685 0.772833
vt 0.623165 0.737633
vt 0.623165 0.700933
vt 0.625765 0.664733
vt 0.630765 0.631233
vt 0.637925 0.600933
vt 0.646925 0.574433
vt 0.657605 0.552133
vt 0.669685 0.534633
vt 0.682845 0.522533
vt 0.696925 0.516133
vt 0.711645 0.516133
vt 0.726085 0.522733
vt 0.739485 0.535233
vt 0.751605 0.553033
vt 0.762205 0.575633
vt 0.771125 0.602333
vt 0.778125 0.632433
vt 0.783005 0.665433
vt 0.785525 0.700633
vt 0.785525 0.737333
vt 0.782925 0.773533
vt 0.777925 0.807033
vt 0.770765 0.837333
vt 0.761725 0.863833
vt 0.751085 0.886133
vt 0.739005 0.903633
vt 0.725805 0.915733
vt 0.711725 0.922133
vt 0.683845 0.904233
vt 0.697445 0.910433
vt 0.671205 0.892433
vt 0.659805 0.875633
vt 0.649765 0.854333
vt 0.641365 0.829233
vt 0.634805 0.800833
vt 0.630205 0.769733
vt 0.627805 0.736633
vt 0.627805 0.701933
vt 0.630285 0.667833
vt 0.635005 0.636333
vt 0.641725 0.607733
vt 0.650245 0.582733
vt 0.660285 0.561733
vt 0.671685 0.545233
vt 0.684085 0.533833
vt 0.697365 0.527833
vt 0.711205 0.527833
vt 0.724845 0.534033
vt 0.737485 0.545833
vt 0.748885 0.562633
vt 0.758885 0.583933
vt 0.767285 0.609033
vt 0.773885 0.637433
vt 0.778485 0.668533
vt 0.780845 0.701633
vt 0.780845 0.736333
vt 0.778405 0.770433
vt 0.773685 0.801933
vt 0.766965 0.830533
vt 0.758445 0.855533
vt 0.748365 0.876533
vt 0.737005 0.893033
vt 0.724565 0.904433
vt 0.711325 0.910433
vt 0.697965 0.776833
vt 0.702205 0.778733
vt 0.694005 0.773133
vt 0.690445 0.767933
vt 0.687325 0.761233
vt 0.684725 0.753433
vt 0.682685 0.744633
vt 0.681245 0.734933
vt 0.680485 0.724533
vt 0.680485 0.713733
vt 0.681245 0.703133
vt 0.682725 0.693333
vt 0.684845 0.684433
vt 0.687485 0.676633
vt 0.690605 0.670133
vt 0.694165 0.664933
vt 0.698045 0.661333
vt 0.702165 0.659533
vt 0.706485 0.659533
vt 0.710725 0.661433
vt 0.714685 0.665133
vt 0.718205 0.670333
vt 0.721325 0.677033
vt 0.723965 0.684833
vt 0.726005 0.693633
vt 0.727445 0.703333
vt 0.728205 0.713733
vt 0.728205 0.724533
vt 0.727405 0.735133
vt 0.725965 0.744933
vt 0.723845 0.753833
vt 0.721205 0.761633
vt 0.718045 0.768133
vt 0.714525 0.773333
vt 0.710645 0.776933
vt 0.706525 0.778733
vt 0.699725 0.760633
vt 0.702805 0.762033
vt 0.696925 0.757933
vt 0.694365 0.754233
vt 0.692125 0.749433
vt 0.690245 0.743833
vt 0.688765 0.737433
vt 0.687725 0.730433
vt 0.687205 0.723033
vt 0.687205 0.715233
vt 0.687725 0.707633
vt 0.688805 0.700533
vt 0.690325 0.694133
vt 0.692205 0.688533
vt 0.694485 0.683833
vt 0.697005 0.680133
vt 0.699805 0.677633
vt 0.702765 0.676233
vt 0.705885 0.676233
vt 0.708925 0.677633
vt 0.711765 0.680333
vt 0.714325 0.684033
vt 0.716565 0.688833
vt 0.718445 0.694433
vt 0.719925 0.700833
vt 0.720965 0.707833
vt 0.721485 0.715233
vt 0.721485 0.723033
vt 0.720925 0.730633
vt 0.719885 0.737733
vt 0.718365 0.744133
vt 0.716445 0.749733
vt 0.714205 0.754433
vt 0.711645 0.758133
vt 0.708885 0.760633
vt 0.705885 0.762033
vt 0.704325 0.719133
vt 0.467485 0.475333
vt 0.467485 0.503833
vt 0.467485 0.446833
vt 0.467485 0.419033
vt 0.467485 0.391833
vt 0.467485 0.364733
vt 0.467485 0.337833
vt 0.467485 0.310833
vt 0.467485 0.283533
vt 0.467485 0.255833
vt 0.467485 0.227233
vt 0.467485 0.198733
vt 0.467485 0.171033
vt 0.467485 0.143733
vt 0.467485 0.116733
vt 0.467485 0.089733
vt 0.467485 0.062733
vt 0.467485 0.035433
vt 0.467485 0.007733
vt 0.467485 0.971433
vt 0.467485 0.999933
vt 0.467485 0.942933
vt 0.467485 0.915133
vt 0.467485 0.887933
vt 0.467485 0.860833
vt 0.467485 0.833933
vt 0.467485 0.806833
vt 0.467485 0.779633
vt 0.467485 0.751833
vt 0.467485 0.723333
vt 0.467485 0.694833
vt 0.467485 0.667133
vt 0.467485 0.639833
vt 0.467485 0.612833
vt 0.467485 0.585833
vt 0.467485 0.558833
vt 0.467485 0.531533
vt 0.469405 0.475333
vt 0.469405 0.503833
vt 0.469405 0.446833
vt 0.469405 0.419033
vt 0.469405 0.391833
vt 0.469405 0.364733
vt 0.469405 0.337833
vt 0.469405 0.310833
vt 0.469405 0.283533
vt 0.469405 0.255833
vt 0.469405 0.227233
vt 0.469405 0.198733
vt 0.469405 0.171033
vt 0.469405 0.143733
vt 0.469405 0.116733
vt 0.469405 0.089733
vt 0.469405 0.062733
vt 0.469405 0.035433
vt 0.469405 0.007733
vt 0.469405 0.971433
vt 0.469405 0.999933
vt 0.469405 0.942933
vt 0.469405 0.915133
vt 0.469405 0.887933
vt 0.469405 0.860833
vt 0.469405 0.833933
vt 0.469405 0.806833
vt 0.469405 0.779633
vt 0.469405 0.751833
vt 0.469405 0.723333
vt 0.469405 0.694833
vt 0.469405 0.667133
vt 0.469405 0.639833
vt 0.469405 0.612833
vt 0.469405 0.585833
vt 0.469405 0.558833
vt 0.469405 0.531533
vt 0.472605 0.475333
vt 0.472605 0.503833
vt 0.472605 0.446833
vt 0.472605 0.419033
vt 0.472605 0.391833
vt 0.472605 0.364733
vt 0.472605 0.337833
vt 0.472605 0.310833
vt 0.472605 0.283533
vt 0.472605 0.255833
vt 0.472605 0.227233
vt 0.472605 0.198733
vt 0.472605 0.171033
vt 0.472605 0.143733
vt 0.472605 0.116733
vt 0.472605 0.089733
vt 0.472605 0.062733
vt 0.472605 0.035433
vt 0.472605 0.007733
vt 0.472605 0.971433
vt 0.472605 0.999933
vt 0.472605 0.942933
vt 0.472605 0.915133
vt 0.472605 0.887933
vt 0.472605 0.860833
vt 0.472605 0.833933
vt 0.472605 0.806833
vt 0.472605 0.779633
vt 0.472605 0.751833
vt 0.472605 0.723333
vt 0.472605 0.694833
vt 0.472605 0.667133
vt 0.472605 0.639833
vt 0.472605 0.612833
vt 0.472605 0.585833
vt 0.472605 0.558833
vt 0.472605 0.531533
vt 0.487885 0.475333
vt 0.487885 0.503833
vt 0.487885 0.446833
vt 0.487885 0.419033
vt 0.487885 0.391833
vt 0.487885 0.364733
vt 0.487885 0.337833
vt 0.487885 0.310833
vt 0.487885 0.283533
vt 0.487885 0.255833
vt 0.487885 0.227233
vt 0.487885 0.198733
vt 0.487885 0.171033
vt 0.487885 0.143733
vt 0.487885 0.116733
vt 0.487885 0.089733
vt 0.487885 0.062733
vt 0.487885 0.035433
vt 0.487885 0.007733
vt 0.487885 0.971433
vt 0.487885 0.999933
vt 0.487885 0.942933
vt 0.487885 0.915133
vt 0.487885 0.887933
vt 0.487885 0.860833
vt 0.487885 0.833933
vt 0.487885 0.806833
vt 0.487885 0.779633
vt 0.487885 0.751833
vt 0.487885 0.723333
vt 0.487885 0.694833
vt 0.487885 0.667133
vt 0.487885 0.639833
vt 0.487885 0.612833
vt 0.487885 0.585833
vt 0.487885 0.558833
vt 0.487885 0.531533
vt 0.489725 0.475333
vt 0.489725 0.503833
vt 0.489725 0.446833
vt 0.489725 0.419033
vt 0.489725 0.391833
vt 0.489725 0.364733
vt 0.489725 0.337833
vt 0.489725 0.310833
vt 0.489725 0.283533
vt 0.489725 0.255833
vt 0.489725 0.227233
vt 0.489725 0.198733
vt 0.489725 0.171033
vt 0.489725 0.143733
vt 0.489725 0.116733
vt 0.489725 0.089733
vt 0.489725 0.062733
vt 0.489725 0.035433
vt 0.489725 0.007733
vt 0.489725 0.971433
vt 0.489725 0.999933
vt 0.489725 0.942933
vt 0.489725 0.915133
vt 0.489725 0.887933
vt 0.489725 0.860833
vt 0.489725 0.833933
vt 0.489725 0.806833
vt 0.489725 0.779633
vt 0.489725 0.751833
vt 0.489725 0.723333
vt 0.489725 0.694833
vt 0.489725 0.667133
vt 0.489725 0.639833
vt 0.489725 0.612833
vt 0.489725 0.585833
vt 0.489725 0.558833
vt 0.489725 0.531533
vt 0.592005 0.544233
vt 0.592485 0.530733
vt 0.610925 0.530733
vt 0.611405 0.544233
vt 0.572885 0.535533
vt 0.574325 0.522533
vt 0.555205 0.519033
vt 0.557525 0.506833
vt 0.539205 0.495433
vt 0.542325 0.484433
vt 0.525165 0.465533
vt 0.529005 0.456033
vt 0.513365 0.430233
vt 0.517805 0.422533
vt 0.504165 0.390433
vt 0.509045 0.384733
vt 0.497725 0.346833
vt 0.502925 0.343233
vt 0.494365 0.300333
vt 0.499765 0.299133
vt 0.494365 0.251733
vt 0.499765 0.253033
vt 0.497845 0.204033
vt 0.503045 0.207633
vt 0.504485 0.159733
vt 0.509325 0.165633
vt 0.513925 0.119733
vt 0.518325 0.127633
vt 0.525845 0.084733
vt 0.529645 0.094233
vt 0.539965 0.055233
vt 0.543045 0.066333
vt 0.555885 0.032133
vt 0.558205 0.044433
vt 0.573325 0.016133
vt 0.574765 0.029133
vt 0.591925 0.007733
vt 0.592405 0.021133
vt 0.611365 0.007733
vt 0.610845 0.021133
vt 0.630445 0.016433
vt 0.629005 0.029433
vt 0.648165 0.032933
vt 0.645805 0.045133
vt 0.664165 0.056533
vt 0.661045 0.067533
vt 0.678205 0.086433
vt 0.674365 0.095933
vt 0.689965 0.121733
vt 0.685525 0.129433
vt 0.699205 0.161533
vt 0.694325 0.167233
vt 0.705605 0.205133
vt 0.700405 0.208633
vt 0.708965 0.251633
vt 0.703605 0.252833
vt 0.708965 0.300133
vt 0.703605 0.298933
vt 0.705485 0.347933
vt 0.700285 0.344333
vt 0.698885 0.392233
vt 0.694005 0.386333
vt 0.689445 0.432233
vt 0.685045 0.424333
vt 0.677485 0.467233
vt 0.673685 0.457733
vt 0.663405 0.496733
vt 0.660285 0.485633
vt 0.647445 0.519833
vt 0.645165 0.507533
vt 0.630005 0.535833
vt 0.628605 0.522833
vt 0.593005 0.516233
vt 0.610405 0.516233
vt 0.575885 0.508433
vt 0.560045 0.493633
vt 0.545685 0.472433
vt 0.533125 0.445733
vt 0.522605 0.414133
vt 0.514325 0.378433
vt 0.508565 0.339433
vt 0.505565 0.297833
vt 0.505565 0.254333
vt 0.508685 0.211533
vt 0.514645 0.171933
vt 0.523085 0.136033
vt 0.533765 0.104633
vt 0.546405 0.078333
vt 0.560685 0.057633
vt 0.576285 0.043233
vt 0.592965 0.035733
vt 0.610365 0.035733
vt 0.627485 0.043533
vt 0.643325 0.058333
vt 0.657645 0.079533
vt 0.670205 0.106233
vt 0.680765 0.137833
vt 0.689005 0.173533
vt 0.694765 0.212533
vt 0.697765 0.254133
vt 0.697765 0.297633
vt 0.694645 0.340433
vt 0.688725 0.380033
vt 0.680245 0.415933
vt 0.669565 0.447333
vt 0.656925 0.473633
vt 0.642645 0.494333
vt 0.627045 0.508733
vt 0.593645 0.498533
vt 0.609765 0.498533
vt 0.577765 0.491333
vt 0.563085 0.477633
vt 0.549805 0.458033
vt 0.538165 0.433233
vt 0.528405 0.404033
vt 0.520725 0.370933
vt 0.515405 0.334733
vt 0.512645 0.296133
vt 0.512645 0.255833
vt 0.515525 0.216233
vt 0.521005 0.179533
vt 0.528845 0.146333
vt 0.538765 0.117233
vt 0.550445 0.092833
vt 0.563685 0.073633
vt 0.578165 0.060333
vt 0.593605 0.053433
vt 0.609725 0.053433
vt 0.625565 0.060633
vt 0.640245 0.074333
vt 0.653525 0.093933
vt 0.665165 0.118733
vt 0.674925 0.147933
vt 0.682605 0.181033
vt 0.687925 0.217233
vt 0.690685 0.255833
vt 0.690725 0.296033
vt 0.687805 0.335733
vt 0.682325 0.372433
vt 0.674485 0.405633
vt 0.664565 0.434733
vt 0.652885 0.459133
vt 0.639645 0.478333
vt 0.625165 0.491633
vt 0.594325 0.479133
vt 0.609045 0.479133
vt 0.579845 0.472533
vt 0.566445 0.460033
vt 0.554325 0.442133
vt 0.543685 0.419533
vt 0.534765 0.392833
vt 0.527805 0.362633
vt 0.522925 0.329633
vt 0.520405 0.294333
vt 0.520405 0.257633
vt 0.523045 0.221433
vt 0.528045 0.187933
vt 0.535205 0.157633
vt 0.544245 0.131033
vt 0.554925 0.108733
vt 0.567005 0.091333
vt 0.580205 0.079133
vt 0.594325 0.072833
vt 0.609045 0.072833
vt 0.623485 0.079433
vt 0.636925 0.091933
vt 0.649045 0.109833
vt 0.659645 0.132433
vt 0.668565 0.159133
vt 0.675565 0.189333
vt 0.680405 0.222333
vt 0.682925 0.257533
vt 0.682925 0.294333
vt 0.680325 0.330533
vt 0.675285 0.364033
vt 0.668125 0.394333
vt 0.659085 0.420933
vt 0.648405 0.443233
vt 0.636325 0.460633
vt 0.623125 0.472833
vt 0.595965 0.431433
vt 0.607245 0.431533
vt 0.584885 0.426333
vt 0.574645 0.416733
vt 0.565365 0.403033
vt 0.557245 0.385633
vt 0.550445 0.365233
vt 0.545085 0.342133
vt 0.541405 0.316833
vt 0.539445 0.289833
vt 0.539485 0.261733
vt 0.541525 0.234033
vt 0.545365 0.208433
vt 0.550845 0.185233
vt 0.557805 0.164933
vt 0.565965 0.147933
vt 0.575205 0.134533
vt 0.585325 0.125233
vt 0.596125 0.120433
vt 0.607365 0.120533
vt 0.618445 0.125633
vt 0.628685 0.135233
vt 0.637965 0.148933
vt 0.646085 0.166233
vt 0.652885 0.186733
vt 0.658245 0.209833
vt 0.661965 0.235133
vt 0.663885 0.262033
vt 0.663845 0.290233
vt 0.661805 0.317933
vt 0.657965 0.343533
vt 0.652485 0.366733
vt 0.645565 0.387033
vt 0.637365 0.404033
vt 0.628125 0.417433
vt 0.618005 0.426633
vt 0.596485 0.417733
vt 0.606725 0.417733
vt 0.586365 0.413033
vt 0.577045 0.404233
vt 0.568565 0.391733
vt 0.561165 0.375933
vt 0.554965 0.357333
vt 0.550125 0.336233
vt 0.546725 0.313233
vt 0.544965 0.288633
vt 0.545005 0.262933
vt 0.546845 0.237733
vt 0.550365 0.214333
vt 0.555365 0.193233
vt 0.561685 0.174733
vt 0.569125 0.159233
vt 0.577565 0.147033
vt 0.586765 0.138633
vt 0.596605 0.134233
vt 0.606885 0.134233
vt 0.616965 0.138933
vt 0.626325 0.147733
vt 0.634765 0.160233
vt 0.642165 0.176033
vt 0.648365 0.194633
vt 0.653245 0.215733
vt 0.656605 0.238733
vt 0.658365 0.263333
vt 0.658365 0.289033
vt 0.656485 0.314233
vt 0.653005 0.337633
vt 0.647965 0.358733
vt 0.641685 0.377233
vt 0.634205 0.392733
vt 0.625765 0.404933
vt 0.616565 0.413333
vt 0.601685 0.275933
s 1
usemtl Tire
f 3962/4103/3670 3963/4104/3671 3964/4105/3672 3965/4106/3673
f 3966/4107/3674 3967/4108/3675 3963/4104/3671 3962/4103/3670
f 3968/4109/3676 3969/4110/3677 3967/4108/3675 3966/4107/3674
f 3970/4111/3678 3971/4112/3679 3969/4110/3677 3968/4109/3676
f 3972/4113/3680 3973/4114/3681 3971/4112/3679 3970/4111/3678
f 3974/4115/3682 3975/4116/3683 3973/4114/3681 3972/4113/3680
f 3976/4117/3684 3977/4118/3685 3975/4116/3683 3974/4115/3682
f 3978/4119/3686 3979/4120/3687 3977/4118/3685 3976/4117/3684
f 3980/4121/3688 3981/4122/3689 3979/4120/3687 3978/4119/3686
f 3982/4123/3690 3983/4124/3691 3981/4122/3689 3980/4121/3688
f 3984/4125/3692 3985/4126/3693 3983/4124/3691 3982/4123/3690
f 3986/4127/3694 3987/4128/3695 3985/4126/3693 3984/4125/3692
f 3988/4129/3696 3989/4130/3697 3987/4128/3695 3986/4127/3694
f 3990/4131/3698 3991/4132/3699 3989/4130/3697 3988/4129/3696
f 3992/4133/3700 3993/4134/3701 3991/4132/3699 3990/4131/3698
f 3994/4135/3702 3995/4136/3703 3993/4134/3701 3992/4133/3700
f 3996/4137/3704 3997/4138/3705 3995/4136/3703 3994/4135/3702
f 3998/4139/3706 3999/4140/3707 3997/4138/3705 3996/4137/3704
f 4000/4141/3708 4001/4142/3709 3999/4140/3707 3998/4139/3706
f 4002/4143/3710 4003/4144/3711 4001/4145/3709 4000/4146/3708
f 4004/4147/3712 4005/4148/3713 4003/4144/3711 4002/4143/3710
f 4006/4149/3714 4007/4150/3715 4005/4148/3713 4004/4147/3712
f 4008/4151/3716 4009/4152/3717 4007/4150/3715 4006/4149/3714
f 4010/4153/3718 4011/4154/3719 4009/4152/3717 4008/4151/3716
f 4012/4155/3720 4013/4156/3721 4011/4154/3719 4010/4153/3718
f 4014/4157/3722 4015/4158/3723 4013/4156/3721 4012/4155/3720
f 4016/4159/3724 4017/4160/3725 4015/4158/3723 4014/4157/3722
f 4018/4161/3726 4019/4162/3727 4017/4160/3725 4016/4159/3724
f 4020/4163/3728 4021/4164/3729 4019/4162/3727 4018/4161/3726
f 4022/4165/3730 4023/4166/3731 4021/4164/3729 4020/4163/3728
f 4024/4167/3732 4025/4168/3733 4023/4166/3731 4022/4165/3730
f 4026/4169/3734 4027/4170/3735 4025/4168/3733 4024/4167/3732
f 4028/4171/3736 4029/4172/3737 4027/4170/3735 4026/4169/3734
f 4030/4173/3738 4031/4174/3739 4029/4172/3737 4028/4171/3736
f 4032/4175/3740 4033/4176/3741 4031/4174/3739 4030/4173/3738
f 3965/4106/3673 3964/4105/3672 4033/4176/3741 4032/4175/3740
f 3963/4104/3671 4034/4177/3742 4035/4178/3743 3964/4105/3672
f 3967/4108/3675 4036/4179/3744 4034/4177/3742 3963/4104/3671
f 3969/4110/3677 4037/4180/3745 4036/4179/3744 3967/4108/3675
f 3971/4112/3679 4038/4181/3746 4037/4180/3745 3969/4110/3677
f 3973/4114/3681 4039/4182/3747 4038/4181/3746 3971/4112/3679
f 3975/4116/3683 4040/4183/3748 4039/4182/3747 3973/4114/3681
f 3977/4118/3685 4041/4184/3749 4040/4183/3748 3975/4116/3683
f 3979/4120/3687 4042/4185/3750 4041/4184/3749 3977/4118/3685
f 3981/4122/3689 4043/4186/3751 4042/4185/3750 3979/4120/3687
f 3983/4124/3691 4044/4187/3752 4043/4186/3751 3981/4122/3689
f 3985/4126/3693 4045/4188/3753 4044/4187/3752 3983/4124/3691
f 3987/4128/3695 4046/4189/3754 4045/4188/3753 3985/4126/3693
f 3989/4130/3697 4047/4190/3755 4046/4189/3754 3987/4128/3695
f 3991/4132/3699 4048/4191/3756 4047/4190/3755 3989/4130/3697
f 3993/4134/3701 4049/4192/3757 4048/4191/3756 3991/4132/3699
f 3995/4136/3703 4050/4193/3758 4049/4192/3757 3993/4134/3701
f 3997/4138/3705 4051/4194/3759 4050/4193/3758 3995/4136/3703
f 3999/4140/3707 4052/4195/3760 4051/4194/3759 3997/4138/3705
f 4001/4142/3709 4053/4196/3761 4052/4195/3760 3999/4140/3707
f 4003/4144/3711 4054/4197/3762 4053/4198/3761 4001/4145/3709
f 4005/4148/3713 4055/4199/3763 4054/4197/3762 4003/4144/3711
f 4007/4150/3715 4056/4200/3764 4055/4199/3763 4005/4148/3713
f 4009/4152/3717 4057/4201/3765 4056/4200/3764 4007/4150/3715
f 4011/4154/3719 4058/4202/3766 4057/4201/3765 4009/4152/3717
f 4013/4156/3721 4059/4203/3767 4058/4202/3766 4011/4154/3719
f 4015/4158/3723 4060/4204/3768 4059/4203/3767 4013/4156/3721
f 4017/4160/3725 4061/4205/3769 4060/4204/3768 4015/4158/3723
f 4019/4162/3727 4062/4206/3770 4061/4205/3769 4017/4160/3725
f 4021/4164/3729 4063/4207/3771 4062/4206/3770 4019/4162/3727
f 4023/4166/3731 4064/4208/3772 4063/4207/3771 4021/4164/3729
f 4025/4168/3733 4065/4209/3773 4064/4208/3772 4023/4166/3731
f 4027/4170/3735 4066/4210/3774 4065/4209/3773 4025/4168/3733
f 4029/4172/3737 4067/4211/3775 4066/4210/3774 4027/4170/3735
f 4031/4174/3739 4068/4212/3776 4067/4211/3775 4029/4172/3737
f 4033/4176/3741 4069/4213/3777 4068/4212/3776 4031/4174/3739
f 3964/4105/3672 4035/4178/3743 4069/4213/3777 4033/4176/3741
f 4034/4177/3742 4070/4214/3778 4071/4215/3779 4035/4178/3743
f 4036/4179/3744 4072/4216/3780 4070/4214/3778 4034/4177/3742
f 4037/4180/3745 4073/4217/3781 4072/4216/3780 4036/4179/3744
f 4038/4181/3746 4074/4218/3782 4073/4217/3781 4037/4180/3745
f 4039/4182/3747 4075/4219/3783 4074/4218/3782 4038/4181/3746
f 4040/4183/3748 4076/4220/3784 4075/4219/3783 4039/4182/3747
f 4041/4184/3749 4077/4221/3785 4076/4220/3784 4040/4183/3748
f 4042/4185/3750 4078/4222/3786 4077/4221/3785 4041/4184/3749
f 4043/4186/3751 4079/4223/3787 4078/4222/3786 4042/4185/3750
f 4044/4187/3752 4080/4224/3788 4079/4223/3787 4043/4186/3751
f 4045/4188/3753 4081/4225/3789 4080/4224/3788 4044/4187/3752
f 4046/4189/3754 4082/4226/3790 4081/4225/3789 4045/4188/3753
f 4047/4190/3755 4083/4227/3791 4082/4226/3790 4046/4189/3754
f 4048/4191/3756 4084/4228/3792 4083/4227/3791 4047/4190/3755
f 4049/4192/3757 4085/4229/3793 4084/4228/3792 4048/4191/3756
f 4050/4193/3758 4086/4230/3794 4085/4229/3793 4049/4192/3757
f 4051/4194/3759 4087/4231/3795 4086/4230/3794 4050/4193/3758
f 4052/4195/3760 4088/4232/3796 4087/4231/3795 4051/4194/3759
f 4053/4196/3761 4089/4233/3797 4088/4232/3796 4052/4195/3760
f 4054/4197/3762 4090/4234/3798 4089/4235/3797 4053/4198/3761
f 4055/4199/3763 4091/4236/3799 4090/4234/3798 4054/4197/3762
f 4056/4200/3764 4092/4237/3800 4091/4236/3799 4055/4199/3763
f 4057/4201/3765 4093/4238/3801 4092/4237/3800 4056/4200/3764
f 4058/4202/3766 4094/4239/3802 4093/4238/3801 4057/4201/3765
f 4059/4203/3767 4095/4240/3803 4094/4239/3802 4058/4202/3766
f 4060/4204/3768 4096/4241/3804 4095/4240/3803 4059/4203/3767
f 4061/4205/3769 4097/4242/3805 4096/4241/3804 4060/4204/3768
f 4062/4206/3770 4098/4243/3806 4097/4242/3805 4061/4205/3769
f 4063/4207/3771 4099/4244/3807 4098/4243/3806 4062/4206/3770
f 4064/4208/3772 4100/4245/3808 4099/4244/3807 4063/4207/3771
f 4065/4209/3773 4101/4246/3809 4100/4245/3808 4064/4208/3772
f 4066/4210/3774 4102/4247/3810 4101/4246/3809 4065/4209/3773
f 4067/4211/3775 4103/4248/3811 4102/4247/3810 4066/4210/3774
f 4068/4212/3776 4104/4249/3812 4103/4248/3811 4067/4211/3775
f 4069/4213/3777 4105/4250/3813 4104/4249/3812 4068/4212/3776
f 4035/4178/3743 4071/4215/3779 4105/4250/3813 4069/4213/3777
f 4070/4214/3778 4106/4251/3814 4107/4252/3815 4071/4215/3779
f 4072/4216/3780 4108/4253/3816 4106/4251/3814 4070/4214/3778
f 4073/4217/3781 4109/4254/3817 4108/4253/3816 4072/4216/3780
f 4074/4218/3782 4110/4255/3818 4109/4254/3817 4073/4217/3781
f 4075/4219/3783 4111/4256/3819 4110/4255/3818 4074/4218/3782
f 4076/4220/3784 4112/4257/3820 4111/4256/3819 4075/4219/3783
f 4077/4221/3785 4113/4258/3821 4112/4257/3820 4076/4220/3784
f 4078/4222/3786 4114/4259/3822 4113/4258/3821 4077/4221/3785
f 4079/4223/3787 4115/4260/3823 4114/4259/3822 4078/4222/3786
f 4080/4224/3788 4116/4261/3824 4115/4260/3823 4079/4223/3787
f 4081/4225/3789 4117/4262/3825 4116/4261/3824 4080/4224/3788
f 4082/4226/3790 4118/4263/3826 4117/4262/3825 4081/4225/3789
f 4083/4227/3791 4119/4264/3827 4118/4263/3826 4082/4226/3790
f 4084/4228/3792 4120/4265/3828 4119/4264/3827 4083/4227/3791
f 4085/4229/3793 4121/4266/3829 4120/4265/3828 4084/4228/3792
f 4086/4230/3794 4122/4267/3830 4121/4266/3829 4085/4229/3793
f 4087/4231/3795 4123/4268/3831 4122/4267/3830 4086/4230/3794
f 4088/4232/3796 4124/4269/3832 4123/4268/3831 4087/4231/3795
f 4089/4233/3797 4125/4270/3833 4124/4269/3832 4088/4232/3796
f 4090/4234/3798 4126/4271/3834 4125/4272/3833 4089/4235/3797
f 4091/4236/3799 4127/4273/3835 4126/4271/3834 4090/4234/3798
f 4092/4237/3800 4128/4274/3836 4127/4273/3835 4091/4236/3799
f 4093/4238/3801 4129/4275/3837 4128/4274/3836 4092/4237/3800
f 4094/4239/3802 4130/4276/3838 4129/4275/3837 4093/4238/3801
f 4095/4240/3803 4131/4277/3839 4130/4276/3838 4094/4239/3802
f 4096/4241/3804 4132/4278/3840 4131/4277/3839 4095/4240/3803
f 4097/4242/3805 4133/4279/3841 4132/4278/3840 4096/4241/3804
f 4098/4243/3806 4134/4280/3842 4133/4279/3841 4097/4242/3805
f 4099/4244/3807 4135/4281/3843 4134/4280/3842 4098/4243/3806
f 4100/4245/3808 4136/4282/3844 4135/4281/3843 4099/4244/3807
f 4101/4246/3809 4137/4283/3845 4136/4282/3844 4100/4245/3808
f 4102/4247/3810 4138/4284/3846 4137/4283/3845 4101/4246/3809
f 4103/4248/3811 4139/4285/3847 4138/4284/3846 4102/4247/3810
f 4104/4249/3812 4140/4286/3848 4139/4285/3847 4103/4248/3811
f 4105/4250/3813 4141/4287/3849 4140/4286/3848 4104/4249/3812
f 4071/4215/3779 4107/4252/3815 4141/4287/3849 4105/4250/3813
f 4106/4288/3814 4142/4289/3850 4143/4290/3851 4107/4291/3815
f 4108/4292/3816 4144/4293/3852 4142/4289/3850 4106/4288/3814
f 4109/4294/3817 4145/4295/3853 4144/4293/3852 4108/4292/3816
f 4110/4296/3818 4146/4297/3854 4145/4295/3853 4109/4294/3817
f 4111/4298/3819 4147/4299/3855 4146/4297/3854 4110/4296/3818
f 4112/4300/3820 4148/4301/3856 4147/4299/3855 4111/4298/3819
f 4113/4302/3821 4149/4303/3857 4148/4301/3856 4112/4300/3820
f 4114/4304/3822 4150/4305/3858 4149/4303/3857 4113/4302/3821
f 4115/4306/3823 4151/4307/3859 4150/4305/3858 4114/4304/3822
f 4116/4308/3824 4152/4309/3860 4151/4307/3859 4115/4306/3823
f 4117/4310/3825 4153/4311/3861 4152/4309/3860 4116/4308/3824
f 4118/4312/3826 4154/4313/3862 4153/4311/3861 4117/4310/3825
f 4119/4314/3827 4155/4315/3863 4154/4313/3862 4118/4312/3826
f 4120/4316/3828 4156/4317/3864 4155/4315/3863 4119/4314/3827
f 4121/4318/3829 4157/4319/3865 4156/4317/3864 4120/4316/3828
f 4122/4320/3830 4158/4321/3866 4157/4319/3865 4121/4318/3829
f 4123/4322/3831 4159/4323/3867 4158/4321/3866 4122/4320/3830
f 4124/4324/3832 4160/4325/3868 4159/4323/3867 4123/4322/3831
f 4125/4326/3833 4161/4327/3869 4160/4325/3868 4124/4324/3832
f 4126/4328/3834 4162/4329/3870 4161/4327/3869 4125/4326/3833
f 4127/4330/3835 4163/4331/3871 4162/4329/3870 4126/4328/3834
f 4128/4332/3836 4164/4333/3872 4163/4331/3871 4127/4330/3835
f 4129/4334/3837 4165/4335/3873 4164/4333/3872 4128/4332/3836
f 4130/4336/3838 4166/4337/3874 4165/4335/3873 4129/4334/3837
f 4131/4338/3839 4167/4339/3875 4166/4337/3874 4130/4336/3838
f 4132/4340/3840 4168/4341/3876 4167/4339/3875 4131/4338/3839
f 4133/4342/3841 4169/4343/3877 4168/4341/3876 4132/4340/3840
f 4134/4344/3842 4170/4345/3878 4169/4343/3877 4133/4342/3841
f 4135/4346/3843 4171/4347/3879 4170/4345/3878 4134/4344/3842
f 4136/4348/3844 4172/4349/3880 4171/4347/3879 4135/4346/3843
f 4137/4350/3845 4173/4351/3881 4172/4349/3880 4136/4348/3844
f 4138/4352/3846 4174/4353/3882 4173/4351/3881 4137/4350/3845
f 4139/4354/3847 4175/4355/3883 4174/4353/3882 4138/4352/3846
f 4140/4356/3848 4176/4357/3884 4175/4355/3883 4139/4354/3847
f 4141/4358/3849 4177/4359/3885 4176/4357/3884 4140/4356/3848
f 4107/4291/3815 4143/4290/3851 4177/4359/3885 4141/4358/3849
f 4142/4289/3850 4178/4360/3886 4179/4361/3887 4143/4290/3851
f 4144/4293/3852 4180/4362/3888 4178/4360/3886 4142/4289/3850
f 4145/4295/3853 4181/4363/3889 4180/4362/3888 4144/4293/3852
f 4146/4297/3854 4182/4364/3890 4181/4363/3889 4145/4295/3853
f 4147/4299/3855 4183/4365/3891 4182/4364/3890 4146/4297/3854
f 4148/4301/3856 4184/4366/3892 4183/4365/3891 4147/4299/3855
f 4149/4303/3857 4185/4367/3893 4184/4366/3892 4148/4301/3856
f 4150/4305/3858 4186/4368/3894 4185/4367/3893 4149/4303/3857
f 4151/4307/3859 4187/4369/3895 4186/4368/3894 4150/4305/3858
f 4152/4309/3860 4188/4370/3896 4187/4369/3895 4151/4307/3859
f 4153/4311/3861 4189/4371/3897 4188/4370/3896 4152/4309/3860
f 4154/4313/3862 4190/4372/3898 4189/4371/3897 4153/4311/3861
f 4155/4315/3863 4191/4373/3899 4190/4372/3898 4154/4313/3862
f 4156/4317/3864 4192/4374/3900 4191/4373/3899 4155/4315/3863
f 4157/4319/3865 4193/4375/3901 4192/4374/3900 4156/4317/3864
f 4158/4321/3866 4194/4376/3902 4193/4375/3901 4157/4319/3865
f 4159/4323/3867 4195/4377/3903 4194/4376/3902 4158/4321/3866
f 4160/4325/3868 4196/4378/3904 4195/4377/3903 4159/4323/3867
f 4161/4327/3869 4197/4379/3905 4196/4378/3904 4160/4325/3868
f 4162/4329/3870 4198/4380/3906 4197/4379/3905 4161/4327/3869
f 4163/4331/3871 4199/4381/3907 4198/4380/3906 4162/4329/3870
f 4164/4333/3872 4200/4382/3908 4199/4381/3907 4163/4331/3871
f 4165/4335/3873 4201/4383/3909 4200/4382/3908 4164/4333/3872
f 4166/4337/3874 4202/4384/3910 4201/4383/3909 4165/4335/3873
f 4167/4339/3875 4203/4385/3911 4202/4384/3910 4166/4337/3874
f 4168/4341/3876 4204/4386/3912 4203/4385/3911 4167/4339/3875
f 4169/4343/3877 4205/4387/3913 4204/4386/3912 4168/4341/3876
f 4170/4345/3878 4206/4388/3914 4205/4387/3913 4169/4343/3877
f 4171/4347/3879 4207/4389/3915 4206/4388/3914 4170/4345/3878
f 4172/4349/3880 4208/4390/3916 4207/4389/3915 4171/4347/3879
f 4173/4351/3881 4209/4391/3917 4208/4390/3916 4172/4349/3880
f 4174/4353/3882 4210/4392/3918 4209/4391/3917 4173/4351/3881
f 4175/4355/3883 4211/4393/3919 4210/4392/3918 4174/4353/3882
f 4176/4357/3884 4212/4394/3920 4211/4393/3919 4175/4355/3883
f 4177/4359/3885 4213/4395/3921 4212/4394/3920 4176/4357/3884
f 4143/4290/3851 4179/4361/3887 4213/4395/3921 4177/4359/3885
f 4178/4360/3886 4214/4396/3922 4215/4397/3923 4179/4361/3887
f 4180/4362/3888 4216/4398/3924 4214/4396/3922 4178/4360/3886
f 4181/4363/3889 4217/4399/3925 4216/4398/3924 4180/4362/3888
f 4182/4364/3890 4218/4400/3926 4217/4399/3925 4181/4363/3889
f 4183/4365/3891 4219/4401/3927 4218/4400/3926 4182/4364/3890
f 4184/4366/3892 4220/4402/3928 4219/4401/3927 4183/4365/3891
f 4185/4367/3893 4221/4403/3929 4220/4402/3928 4184/4366/3892
f 4186/4368/3894 4222/4404/3930 4221/4403/3929 4185/4367/3893
f 4187/4369/3895 4223/4405/3931 4222/4404/3930 4186/4368/3894
f 4188/4370/3896 4224/4406/3932 4223/4405/3931 4187/4369/3895
f 4189/4371/3897 4225/4407/3933 4224/4406/3932 4188/4370/3896
f 4190/4372/3898 4226/4408/3934 4225/4407/3933 4189/4371/3897
f 4191/4373/3899 4227/4409/3935 4226/4408/3934 4190/4372/3898
f 4192/4374/3900 4228/4410/3936 4227/4409/3935 4191/4373/3899
f 4193/4375/3901 4229/4411/3937 4228/4410/3936 4192/4374/3900
f 4194/4376/3902 4230/4412/3938 4229/4411/3937 4193/4375/3901
f 4195/4377/3903 4231/4413/3939 4230/4412/3938 4194/4376/3902
f 4196/4378/3904 4232/4414/3940 4231/4413/3939 4195/4377/3903
f 4197/4379/3905 4233/4415/3941 4232/4414/3940 4196/4378/3904
f 4198/4380/3906 4234/4416/3942 4233/4415/3941 4197/4379/3905
f 4199/4381/3907 4235/4417/3943 4234/4416/3942 4198/4380/3906
f 4200/4382/3908 4236/4418/3944 4235/4417/3943 4199/4381/3907
f 4201/4383/3909 4237/4419/3945 4236/4418/3944 4200/4382/3908
f 4202/4384/3910 4238/4420/3946 4237/4419/3945 4201/4383/3909
f 4203/4385/3911 4239/4421/3947 4238/4420/3946 4202/4384/3910
f 4204/4386/3912 4240/4422/3948 4239/4421/3947 4203/4385/3911
f 4205/4387/3913 4241/4423/3949 4240/4422/3948 4204/4386/3912
f 4206/4388/3914 4242/4424/3950 4241/4423/3949 4205/4387/3913
f 4207/4389/3915 4243/4425/3951 4242/4424/3950 4206/4388/3914
f 4208/4390/3916 4244/4426/3952 4243/4425/3951 4207/4389/3915
f 4209/4391/3917 4245/4427/3953 4244/4426/3952 4208/4390/3916
f 4210/4392/3918 4246/4428/3954 4245/4427/3953 4209/4391/3917
f 4211/4393/3919 4247/4429/3955 4246/4428/3954 4210/4392/3918
f 4212/4394/3920 4248/4430/3956 4247/4429/3955 4211/4393/3919
f 4213/4395/3921 4249/4431/3957 4248/4430/3956 4212/4394/3920
f 4179/4361/3887 4215/4397/3923 4249/4431/3957 4213/4395/3921
f 4214/4396/3922 4250/4432/3958 4251/4433/3959 4215/4397/3923
f 4216/4398/3924 4252/4434/3960 4250/4432/3958 4214/4396/3922
f 4217/4399/3925 4253/4435/3961 4252/4434/3960 4216/4398/3924
f 4218/4400/3926 4254/4436/3962 4253/4435/3961 4217/4399/3925
f 4219/4401/3927 4255/4437/3963 4254/4436/3962 4218/4400/3926
f 4220/4402/3928 4256/4438/3964 4255/4437/3963 4219/4401/3927
f 4221/4403/3929 4257/4439/3965 4256/4438/3964 4220/4402/3928
f 4222/4404/3930 4258/4440/3966 4257/4439/3965 4221/4403/3929
f 4223/4405/3931 4259/4441/3967 4258/4440/3966 4222/4404/3930
f 4224/4406/3932 4260/4442/3968 4259/4441/3967 4223/4405/3931
f 4225/4407/3933 4261/4443/3969 4260/4442/3968 4224/4406/3932
f 4226/4408/3934 4262/4444/3970 4261/4443/3969 4225/4407/3933
f 4227/4409/3935 4263/4445/3971 4262/4444/3970 4226/4408/3934
f 4228/4410/3936 4264/4446/3972 4263/4445/3971 4227/4409/3935
f 4229/4411/3937 4265/4447/3973 4264/4446/3972 4228/4410/3936
f 4230/4412/3938 4266/4448/3974 4265/4447/3973 4229/4411/3937
f 4231/4413/3939 4267/4449/3975 4266/4448/3974 4230/4412/3938
f 4232/4414/3940 4268/4450/3976 4267/4449/3975 4231/4413/3939
f 4233/4415/3941 4269/4451/3977 4268/4450/3976 4232/4414/3940
f 4234/4416/3942 4270/4452/3978 4269/4451/3977 4233/4415/3941
f 4235/4417/3943 4271/4453/3979 4270/4452/3978 4234/4416/3942
f 4236/4418/3944 4272/4454/3980 4271/4453/3979 4235/4417/3943
f 4237/4419/3945 4273/4455/3981 4272/4454/3980 4236/4418/3944
f 4238/4420/3946 4274/4456/3982 4273/4455/3981 4237/4419/3945
f 4239/4421/3947 4275/4457/3983 4274/4456/3982 4238/4420/3946
f 4240/4422/3948 4276/4458/3984 4275/4457/3983 4239/4421/3947
f 4241/4423/3949 4277/4459/3985 4276/4458/3984 4240/4422/3948
f 4242/4424/3950 4278/4460/3986 4277/4459/3985 4241/4423/3949
f 4243/4425/3951 4279/4461/3987 4278/4460/3986 4242/4424/3950
f 4244/4426/3952 4280/4462/3988 4279/4461/3987 4243/4425/3951
f 4245/4427/3953 4281/4463/3989 4280/4462/3988 4244/4426/3952
f 4246/4428/3954 4282/4464/3990 4281/4463/3989 4245/4427/3953
f 4247/4429/3955 4283/4465/3991 4282/4464/3990 4246/4428/3954
f 4248/4430/3956 4284/4466/3992 4283/4465/3991 4247/4429/3955
f 4249/4431/3957 4285/4467/3993 4284/4466/3992 4248/4430/3956
f 4215/4397/3923 4251/4433/3959 4285/4467/3993 4249/4431/3957
f 4250/4432/3958 4286/4468/3994 4287/4469/3995 4251/4433/3959
f 4252/4434/3960 4288/4470/3996 4286/4468/3994 4250/4432/3958
f 4253/4435/3961 4289/4471/3997 4288/4470/3996 4252/4434/3960
f 4254/4436/3962 4290/4472/3998 4289/4471/3997 4253/4435/3961
f 4255/4437/3963 4291/4473/3999 4290/4472/3998 4254/4436/3962
f 4256/4438/3964 4292/4474/4000 4291/4473/3999 4255/4437/3963
f 4257/4439/3965 4293/4475/4001 4292/4474/4000 4256/4438/3964
f 4258/4440/3966 4294/4476/4002 4293/4475/4001 4257/4439/3965
f 4259/4441/3967 4295/4477/4003 4294/4476/4002 4258/4440/3966
f 4260/4442/3968 4296/4478/4004 4295/4477/4003 4259/4441/3967
f 4261/4443/3969 4297/4479/4005 4296/4478/4004 4260/4442/3968
f 4262/4444/3970 4298/4480/4006 4297/4479/4005 4261/4443/3969
f 4263/4445/3971 4299/4481/4007 4298/4480/4006 4262/4444/3970
f 4264/4446/3972 4300/4482/4008 4299/4481/4007 4263/4445/3971
f 4265/4447/3973 4301/4483/4009 4300/4482/4008 4264/4446/3972
f 4266/4448/3974 4302/4484/4010 4301/4483/4009 4265/4447/3973
f 4267/4449/3975 4303/4485/4011 4302/4484/4010 4266/4448/3974
f 4268/4450/3976 4304/4486/4012 4303/4485/4011 4267/4449/3975
f 4269/4451/3977 4305/4487/4013 4304/4486/4012 4268/4450/3976
f 4270/4452/3978 4306/4488/4014 4305/4487/4013 4269/4451/3977
f 4271/4453/3979 4307/4489/4015 4306/4488/4014 4270/4452/3978
f 4272/4454/3980 4308/4490/4016 4307/4489/4015 4271/4453/3979
f 4273/4455/3981 4309/4491/4017 4308/4490/4016 4272/4454/3980
f 4274/4456/3982 4310/4492/4018 4309/4491/4017 4273/4455/3981
f 4275/4457/3983 4311/4493/4019 4310/4492/4018 4274/4456/3982
f 4276/4458/3984 4312/4494/4020 4311/4493/4019 4275/4457/3983
f 4277/4459/3985 4313/4495/4021 4312/4494/4020 4276/4458/3984
f 4278/4460/3986 4314/4496/4022 4313/4495/4021 4277/4459/3985
f 4279/4461/3987 4315/4497/4023 4314/4496/4022 4278/4460/3986
f 4280/4462/3988 4316/4498/4024 4315/4497/4023 4279/4461/3987
f 4281/4463/3989 4317/4499/4025 4316/4498/4024 4280/4462/3988
f 4282/4464/3990 4318/4500/4026 4317/4499/4025 4281/4463/3989
f 4283/4465/3991 4319/4501/4027 4318/4500/4026 4282/4464/3990
f 4284/4466/3992 4320/4502/4028 4319/4501/4027 4283/4465/3991
f 4285/4467/3993 4321/4503/4029 4320/4502/4028 4284/4466/3992
f 4251/4433/3959 4287/4469/3995 4321/4503/4029 4285/4467/3993
f 4287/4469/3995 4286/4468/3994 4322/4504/4030
f 4286/4468/3994 4288/4470/3996 4322/4504/4030
f 4288/4470/3996 4289/4471/3997 4322/4504/4030
f 4289/4471/3997 4290/4472/3998 4322/4504/4030
f 4290/4472/3998 4291/4473/3999 4322/4504/4030
f 4291/4473/3999 4292/4474/4000 4322/4504/4030
f 4292/4474/4000 4293/4475/4001 4322/4504/4030
f 4293/4475/4001 4294/4476/4002 4322/4504/4030
f 4294/4476/4002 4295/4477/4003 4322/4504/4030
f 4295/4477/4003 4296/4478/4004 4322/4504/4030
f 4296/4478/4004 4297/4479/4005 4322/4504/4030
f 4297/4479/4005 4298/4480/4006 4322/4504/4030
f 4298/4480/4006 4299/4481/4007 4322/4504/4030
f 4299/4481/4007 4300/4482/4008 4322/4504/4030
f 4300/4482/4008 4301/4483/4009 4322/4504/4030
f 4301/4483/4009 4302/4484/4010 4322/4504/4030
f 4302/4484/4010 4303/4485/4011 4322/4504/4030
f 4303/4485/4011 4304/4486/4012 4322/4504/4030
f 4304/4486/4012 4305/4487/4013 4322/4504/4030
f 4305/4487/4013 4306/4488/4014 4322/4504/4030
f 4306/4488/4014 4307/4489/4015 4322/4504/4030
f 4307/4489/4015 4308/4490/4016 4322/4504/4030
f 4308/4490/4016 4309/4491/4017 4322/4504/4030
f 4309/4491/4017 4310/4492/4018 4322/4504/4030
f 4310/4492/4018 4311/4493/4019 4322/4504/4030
f 4311/4493/4019 4312/4494/4020 4322/4504/4030
f 4312/4494/4020 4313/4495/4021 4322/4504/4030
f 4313/4495/4021 4314/4496/4022 4322/4504/4030
f 4314/4496/4022 4315/4497/4023 4322/4504/4030
f 4315/4497/4023 4316/4498/4024 4322/4504/4030
f 4316/4498/4024 4317/4499/4025 4322/4504/4030
f 4317/4499/4025 4318/4500/4026 4322/4504/4030
f 4318/4500/4026 4319/4501/4027 4322/4504/4030
f 4319/4501/4027 4320/4502/4028 4322/4504/4030
f 4320/4502/4028 4321/4503/4029 4322/4504/4030
f 4321/4503/4029 4287/4469/3995 4322/4504/4030
f 3965/4106/3673 4323/4505/4031 4324/4506/4032 3962/4103/3670
f 4032/4175/3740 4325/4507/4033 4323/4505/4031 3965/4106/3673
f 4030/4173/3738 4326/4508/4034 4325/4507/4033 4032/4175/3740
f 4028/4171/3736 4327/4509/4035 4326/4508/4034 4030/4173/3738
f 4026/4169/3734 4328/4510/4036 4327/4509/4035 4028/4171/3736
f 4024/4167/3732 4329/4511/4037 4328/4510/4036 4026/4169/3734
f 4022/4165/3730 4330/4512/4038 4329/4511/4037 4024/4167/3732
f 4020/4163/3728 4331/4513/4039 4330/4512/4038 4022/4165/3730
f 4018/4161/3726 4332/4514/4040 4331/4513/4039 4020/4163/3728
f 4016/4159/3724 4333/4515/4041 4332/4514/4040 4018/4161/3726
f 4014/4157/3722 4334/4516/4042 4333/4515/4041 4016/4159/3724
f 4012/4155/3720 4335/4517/4043 4334/4516/4042 4014/4157/3722
f 4010/4153/3718 4336/4518/4044 4335/4517/4043 4012/4155/3720
f 4008/4151/3716 4337/4519/4045 4336/4518/4044 4010/4153/3718
f 4006/4149/3714 4338/4520/4046 4337/4519/4045 4008/4151/3716
f 4004/4147/3712 4339/4521/4047 4338/4520/4046 4006/4149/3714
f 4002/4143/3710 4340/4522/4048 4339/4521/4047 4004/4147/3712
f 4000/4146/3708 4341/4523/4049 4340/4522/4048 4002/4143/3710
f 3998/4139/3706 4342/4524/4050 4341/4525/4049 4000/4141/3708
f 3996/4137/3704 4343/4526/4051 4342/4524/4050 3998/4139/3706
f 3994/4135/3702 4344/4527/4052 4343/4526/4051 3996/4137/3704
f 3992/4133/3700 4345/4528/4053 4344/4527/4052 3994/4135/3702
f 3990/4131/3698 4346/4529/4054 4345/4528/4053 3992/4133/3700
f 3988/4129/3696 4347/4530/4055 4346/4529/4054 3990/4131/3698
f 3986/4127/3694 4348/4531/4056 4347/4530/4055 3988/4129/3696
f 3984/4125/3692 4349/4532/4057 4348/4531/4056 3986/4127/3694
f 3982/4123/3690 4350/4533/4058 4349/4532/4057 3984/4125/3692
f 3980/4121/3688 4351/4534/4059 4350/4533/4058 3982/4123/3690
f 3978/4119/3686 4352/4535/4060 4351/4534/4059 3980/4121/3688
f 3976/4117/3684 4353/4536/4061 4352/4535/4060 3978/4119/3686
f 3974/4115/3682 4354/4537/4062 4353/4536/4061 3976/4117/3684
f 3972/4113/3680 4355/4538/4063 4354/4537/4062 3974/4115/3682
f 3970/4111/3678 4356/4539/4064 4355/4538/4063 3972/4113/3680
f 3968/4109/3676 4357/4540/4065 4356/4539/4064 3970/4111/3678
f 3966/4107/3674 4358/4541/4066 4357/4540/4065 3968/4109/3676
f 3962/4103/3670 4324/4506/4032 4358/4541/4066 3966/4107/3674
f 4323/4505/4031 4359/4542/4067 4360/4543/4068 4324/4506/4032
f 4325/4507/4033 4361/4544/4069 4359/4542/4067 4323/4505/4031
f 4326/4508/4034 4362/4545/4070 4361/4544/4069 4325/4507/4033
f 4327/4509/4035 4363/4546/4071 4362/4545/4070 4326/4508/4034
f 4328/4510/4036 4364/4547/4072 4363/4546/4071 4327/4509/4035
f 4329/4511/4037 4365/4548/4073 4364/4547/4072 4328/4510/4036
f 4330/4512/4038 4366/4549/4074 4365/4548/4073 4329/4511/4037
f 4331/4513/4039 4367/4550/4075 4366/4549/4074 4330/4512/4038
f 4332/4514/4040 4368/4551/4076 4367/4550/4075 4331/4513/4039
f 4333/4515/4041 4369/4552/4077 4368/4551/4076 4332/4514/4040
f 4334/4516/4042 4370/4553/4078 4369/4552/4077 4333/4515/4041
f 4335/4517/4043 4371/4554/4079 4370/4553/4078 4334/4516/4042
f 4336/4518/4044 4372/4555/4080 4371/4554/4079 4335/4517/4043
f 4337/4519/4045 4373/4556/4081 4372/4555/4080 4336/4518/4044
f 4338/4520/4046 4374/4557/4082 4373/4556/4081 4337/4519/4045
f 4339/4521/4047 4375/4558/4083 4374/4557/4082 4338/4520/4046
f 4340/4522/4048 4376/4559/4084 4375/4558/4083 4339/4521/4047
f 4341/4523/4049 4377/4560/4085 4376/4559/4084 4340/4522/4048
f 4342/4524/4050 4378/4561/4086 4377/4562/4085 4341/4525/4049
f 4343/4526/4051 4379/4563/4087 4378/4561/4086 4342/4524/4050
f 4344/4527/4052 4380/4564/4088 4379/4563/4087 4343/4526/4051
f 4345/4528/4053 4381/4565/4089 4380/4564/4088 4344/4527/4052
f 4346/4529/4054 4382/4566/4090 4381/4565/4089 4345/4528/4053
f 4347/4530/4055 4383/4567/4091 4382/4566/4090 4346/4529/4054
f 4348/4531/4056 4384/4568/4092 4383/4567/4091 4347/4530/4055
f 4349/4532/4057 4385/4569/4093 4384/4568/4092 4348/4531/4056
f 4350/4533/4058 4386/4570/4094 4385/4569/4093 4349/4532/4057
f 4351/4534/4059 4387/4571/4095 4386/4570/4094 4350/4533/4058
f 4352/4535/4060 4388/4572/4096 4387/4571/4095 4351/4534/4059
f 4353/4536/4061 4389/4573/4097 4388/4572/4096 4352/4535/4060
f 4354/4537/4062 4390/4574/4098 4389/4573/4097 4353/4536/4061
f 4355/4538/4063 4391/4575/4099 4390/4574/4098 4354/4537/4062
f 4356/4539/4064 4392/4576/4100 4391/4575/4099 4355/4538/4063
f 4357/4540/4065 4393/4577/4101 4392/4576/4100 4356/4539/4064
f 4358/4541/4066 4394/4578/4102 4393/4577/4101 4357/4540/4065
f 4324/4506/4032 4360/4543/4068 4394/4578/4102 4358/4541/4066
f 4359/4542/4067 4395/4579/4103 4396/4580/4104 4360/4543/4068
f 4361/4544/4069 4397/4581/4105 4395/4579/4103 4359/4542/4067
f 4362/4545/4070 4398/4582/4106 4397/4581/4105 4361/4544/4069
f 4363/4546/4071 4399/4583/4107 4398/4582/4106 4362/4545/4070
f 4364/4547/4072 4400/4584/4108 4399/4583/4107 4363/4546/4071
f 4365/4548/4073 4401/4585/4109 4400/4584/4108 4364/4547/4072
f 4366/4549/4074 4402/4586/4110 4401/4585/4109 4365/4548/4073
f 4367/4550/4075 4403/4587/4111 4402/4586/4110 4366/4549/4074
f 4368/4551/4076 4404/4588/4112 4403/4587/4111 4367/4550/4075
f 4369/4552/4077 4405/4589/4113 4404/4588/4112 4368/4551/4076
f 4370/4553/4078 4406/4590/4114 4405/4589/4113 4369/4552/4077
f 4371/4554/4079 4407/4591/4115 4406/4590/4114 4370/4553/4078
f 4372/4555/4080 4408/4592/4116 4407/4591/4115 4371/4554/4079
f 4373/4556/4081 4409/4593/4117 4408/4592/4116 4372/4555/4080
f 4374/4557/4082 4410/4594/4118 4409/4593/4117 4373/4556/4081
f 4375/4558/4083 4411/4595/4119 4410/4594/4118 4374/4557/4082
f 4376/4559/4084 4412/4596/4120 4411/4595/4119 4375/4558/4083
f 4377/4560/4085 4413/4597/4121 4412/4596/4120 4376/4559/4084
f 4378/4561/4086 4414/4598/4122 4413/4599/4121 4377/4562/4085
f 4379/4563/4087 4415/4600/4123 4414/4598/4122 4378/4561/4086
f 4380/4564/4088 4416/4601/4124 4415/4600/4123 4379/4563/4087
f 4381/4565/4089 4417/4602/4125 4416/4601/4124 4380/4564/4088
f 4382/4566/4090 4418/4603/4126 4417/4602/4125 4381/4565/4089
f 4383/4567/4091 4419/4604/4127 4418/4603/4126 4382/4566/4090
f 4384/4568/4092 4420/4605/4128 4419/4604/4127 4383/4567/4091
f 4385/4569/4093 4421/4606/4129 4420/4605/4128 4384/4568/4092
f 4386/4570/4094 4422/4607/4130 4421/4606/4129 4385/4569/4093
f 4387/4571/4095 4423/4608/4131 4422/4607/4130 4386/4570/4094
f 4388/4572/4096 4424/4609/4132 4423/4608/4131 4387/4571/4095
f 4389/4573/4097 4425/4610/4133 4424/4609/4132 4388/4572/4096
f 4390/4574/4098 4426/4611/4134 4425/4610/4133 4389/4573/4097
f 4391/4575/4099 4427/4612/4135 4426/4611/4134 4390/4574/4098
f 4392/4576/4100 4428/4613/4136 4427/4612/4135 4391/4575/4099
f 4393/4577/4101 4429/4614/4137 4428/4613/4136 4392/4576/4100
f 4394/4578/4102 4430/4615/4138 4429/4614/4137 4393/4577/4101
f 4360/4543/4068 4396/4580/4104 4430/4615/4138 4394/4578/4102
f 4395/4579/4103 4431/4616/4139 4432/4617/4140 4396/4580/4104
f 4397/4581/4105 4433/4618/4141 4431/4616/4139 4395/4579/4103
f 4398/4582/4106 4434/4619/4142 4433/4618/4141 4397/4581/4105
f 4399/4583/4107 4435/4620/4143 4434/4619/4142 4398/4582/4106
f 4400/4584/4108 4436/4621/4144 4435/4620/4143 4399/4583/4107
f 4401/4585/4109 4437/4622/4145 4436/4621/4144 4400/4584/4108
f 4402/4586/4110 4438/4623/4146 4437/4622/4145 4401/4585/4109
f 4403/4587/4111 4439/4624/4147 4438/4623/4146 4402/4586/4110
f 4404/4588/4112 4440/4625/4148 4439/4624/4147 4403/4587/4111
f 4405/4589/4113 4441/4626/4149 4440/4625/4148 4404/4588/4112
f 4406/4590/4114 4442/4627/4150 4441/4626/4149 4405/4589/4113
f 4407/4591/4115 4443/4628/4151 4442/4627/4150 4406/4590/4114
f 4408/4592/4116 4444/4629/4152 4443/4628/4151 4407/4591/4115
f 4409/4593/4117 4445/4630/4153 4444/4629/4152 4408/4592/4116
f 4410/4594/4118 4446/4631/4154 4445/4630/4153 4409/4593/4117
f 4411/4595/4119 4447/4632/4155 4446/4631/4154 4410/4594/4118
f 4412/4596/4120 4448/4633/4156 4447/4632/4155 4411/4595/4119
f 4413/4597/4121 4449/4634/4157 4448/4633/4156 4412/4596/4120
f 4414/4598/4122 4450/4635/4158 4449/4636/4157 4413/4599/4121
f 4415/4600/4123 4451/4637/4159 4450/4635/4158 4414/4598/4122
f 4416/4601/4124 4452/4638/4160 4451/4637/4159 4415/4600/4123
f 4417/4602/4125 4453/4639/4161 4452/4638/4160 4416/4601/4124
f 4418/4603/4126 4454/4640/4162 4453/4639/4161 4417/4602/4125
f 4419/4604/4127 4455/4641/4163 4454/4640/4162 4418/4603/4126
f 4420/4605/4128 4456/4642/4164 4455/4641/4163 4419/4604/4127
f 4421/4606/4129 4457/4643/4165 4456/4642/4164 4420/4605/4128
f 4422/4607/4130 4458/4644/4166 4457/4643/4165 4421/4606/4129
f 4423/4608/4131 4459/4645/4167 4458/4644/4166 4422/4607/4130
f 4424/4609/4132 4460/4646/4168 4459/4645/4167 4423/4608/4131
f 4425/4610/4133 4461/4647/4169 4460/4646/4168 4424/4609/4132
f 4426/4611/4134 4462/4648/4170 4461/4647/4169 4425/4610/4133
f 4427/4612/4135 4463/4649/4171 4462/4648/4170 4426/4611/4134
f 4428/4613/4136 4464/4650/4172 4463/4649/4171 4427/4612/4135
f 4429/4614/4137 4465/4651/4173 4464/4650/4172 4428/4613/4136
f 4430/4615/4138 4466/4652/4174 4465/4651/4173 4429/4614/4137
f 4396/4580/4104 4432/4617/4140 4466/4652/4174 4430/4615/4138
f 4431/4616/4139 4467/4653/4175 4468/4654/4176 4432/4617/4140
f 4433/4618/4141 4469/4655/4177 4467/4653/4175 4431/4616/4139
f 4434/4619/4142 4470/4656/4178 4469/4655/4177 4433/4618/4141
f 4435/4620/4143 4471/4657/4179 4470/4656/4178 4434/4619/4142
f 4436/4621/4144 4472/4658/4180 4471/4657/4179 4435/4620/4143
f 4437/4622/4145 4473/4659/4181 4472/4658/4180 4436/4621/4144
f 4438/4623/4146 4474/4660/4182 4473/4659/4181 4437/4622/4145
f 4439/4624/4147 4475/4661/4183 4474/4660/4182 4438/4623/4146
f 4440/4625/4148 4476/4662/4184 4475/4661/4183 4439/4624/4147
f 4441/4626/4149 4477/4663/4185 4476/4662/4184 4440/4625/4148
f 4442/4627/4150 4478/4664/4186 4477/4663/4185 4441/4626/4149
f 4443/4628/4151 4479/4665/4187 4478/4664/4186 4442/4627/4150
f 4444/4629/4152 4480/4666/4188 4479/4665/4187 4443/4628/4151
f 4445/4630/4153 4481/4667/4189 4480/4666/4188 4444/4629/4152
f 4446/4631/4154 4482/4668/4190 4481/4667/4189 4445/4630/4153
f 4447/4632/4155 4483/4669/4191 4482/4668/4190 4446/4631/4154
f 4448/4633/4156 4484/4670/4192 4483/4669/4191 4447/4632/4155
f 4449/4634/4157 4485/4671/4193 4484/4670/4192 4448/4633/4156
f 4450/4635/4158 4486/4672/4194 4485/4673/4193 4449/4636/4157
f 4451/4637/4159 4487/4674/4195 4486/4672/4194 4450/4635/4158
f 4452/4638/4160 4488/4675/4196 4487/4674/4195 4451/4637/4159
f 4453/4639/4161 4489/4676/4197 4488/4675/4196 4452/4638/4160
f 4454/4640/4162 4490/4677/4198 4489/4676/4197 4453/4639/4161
f 4455/4641/4163 4491/4678/4199 4490/4677/4198 4454/4640/4162
f 4456/4642/4164 4492/4679/4200 4491/4678/4199 4455/4641/4163
f 4457/4643/4165 4493/4680/4201 4492/4679/4200 4456/4642/4164
f 4458/4644/4166 4494/4681/4202 4493/4680/4201 4457/4643/4165
f 4459/4645/4167 4495/4682/4203 4494/4681/4202 4458/4644/4166
f 4460/4646/4168 4496/4683/4204 4495/4682/4203 4459/4645/4167
f 4461/4647/4169 4497/4684/4205 4496/4683/4204 4460/4646/4168
f 4462/4648/4170 4498/4685/4206 4497/4684/4205 4461/4647/4169
f 4463/4649/4171 4499/4686/4207 4498/4685/4206 4462/4648/4170
f 4464/4650/4172 4500/4687/4208 4499/4686/4207 4463/4649/4171
f 4465/4651/4173 4501/4688/4209 4500/4687/4208 4464/4650/4172
f 4466/4652/4174 4502/4689/4210 4501/4688/4209 4465/4651/4173
f 4432/4617/4140 4468/4654/4176 4502/4689/4210 4466/4652/4174
f 4467/4690/4175 4503/4691/4211 4504/4692/4212 4468/4693/4176
f 4469/4694/4177 4505/4695/4213 4503/4691/4211 4467/4690/4175
f 4470/4696/4178 4506/4697/4214 4505/4695/4213 4469/4694/4177
f 4471/4698/4179 4507/4699/4215 4506/4697/4214 4470/4696/4178
f 4472/4700/4180 4508/4701/4216 4507/4699/4215 4471/4698/4179
f 4473/4702/4181 4509/4703/4217 4508/4701/4216 4472/4700/4180
f 4474/4704/4182 4510/4705/4218 4509/4703/4217 4473/4702/4181
f 4475/4706/4183 4511/4707/4219 4510/4705/4218 4474/4704/4182
f 4476/4708/4184 4512/4709/4220 4511/4707/4219 4475/4706/4183
f 4477/4710/4185 4513/4711/4221 4512/4709/4220 4476/4708/4184
f 4478/4712/4186 4514/4713/4222 4513/4711/4221 4477/4710/4185
f 4479/4714/4187 4515/4715/4223 4514/4713/4222 4478/4712/4186
f 4480/4716/4188 4516/4717/4224 4515/4715/4223 4479/4714/4187
f 4481/4718/4189 4517/4719/4225 4516/4717/4224 4480/4716/4188
f 4482/4720/4190 4518/4721/4226 4517/4719/4225 4481/4718/4189
f 4483/4722/4191 4519/4723/4227 4518/4721/4226 4482/4720/4190
f 4484/4724/4192 4520/4725/4228 4519/4723/4227 4483/4722/4191
f 4485/4726/4193 4521/4727/4229 4520/4725/4228 4484/4724/4192
f 4486/4728/4194 4522/4729/4230 4521/4727/4229 4485/4726/4193
f 4487/4730/4195 4523/4731/4231 4522/4729/4230 4486/4728/4194
f 4488/4732/4196 4524/4733/4232 4523/4731/4231 4487/4730/4195
f 4489/4734/4197 4525/4735/4233 4524/4733/4232 4488/4732/4196
f 4490/4736/4198 4526/4737/4234 4525/4735/4233 4489/4734/4197
f 4491/4738/4199 4527/4739/4235 4526/4737/4234 4490/4736/4198
f 4492/4740/4200 4528/4741/4236 4527/4739/4235 4491/4738/4199
f 4493/4742/4201 4529/4743/4237 4528/4741/4236 4492/4740/4200
f 4494/4744/4202 4530/4745/4238 4529/4743/4237 4493/4742/4201
f 4495/4746/4203 4531/4747/4239 4530/4745/4238 4494/4744/4202
f 4496/4748/4204 4532/4749/4240 4531/4747/4239 4495/4746/4203
f 4497/4750/4205 4533/4751/4241 4532/4749/4240 4496/4748/4204
f 4498/4752/4206 4534/4753/4242 4533/4751/4241 4497/4750/4205
f 4499/4754/4207 4535/4755/4243 4534/4753/4242 4498/4752/4206
f 4500/4756/4208 4536/4757/4244 4535/4755/4243 4499/4754/4207
f 4501/4758/4209 4537/4759/4245 4536/4757/4244 4500/4756/4208
f 4502/4760/4210 4538/4761/4246 4537/4759/4245 4501/4758/4209
f 4468/4693/4176 4504/4692/4212 4538/4761/4246 4502/4760/4210
f 4503/4691/4211 4539/4762/4247 4540/4763/4248 4504/4692/4212
f 4505/4695/4213 4541/4764/4249 4539/4762/4247 4503/4691/4211
f 4506/4697/4214 4542/4765/4250 4541/4764/4249 4505/4695/4213
f 4507/4699/4215 4543/4766/4251 4542/4765/4250 4506/4697/4214
f 4508/4701/4216 4544/4767/4252 4543/4766/4251 4507/4699/4215
f 4509/4703/4217 4545/4768/4253 4544/4767/4252 4508/4701/4216
f 4510/4705/4218 4546/4769/4254 4545/4768/4253 4509/4703/4217
f 4511/4707/4219 4547/4770/4255 4546/4769/4254 4510/4705/4218
f 4512/4709/4220 4548/4771/4256 4547/4770/4255 4511/4707/4219
f 4513/4711/4221 4549/4772/4257 4548/4771/4256 4512/4709/4220
f 4514/4713/4222 4550/4773/4258 4549/4772/4257 4513/4711/4221
f 4515/4715/4223 4551/4774/4259 4550/4773/4258 4514/4713/4222
f 4516/4717/4224 4552/4775/4260 4551/4774/4259 4515/4715/4223
f 4517/4719/4225 4553/4776/4261 4552/4775/4260 4516/4717/4224
f 4518/4721/4226 4554/4777/4262 4553/4776/4261 4517/4719/4225
f 4519/4723/4227 4555/4778/4263 4554/4777/4262 4518/4721/4226
f 4520/4725/4228 4556/4779/4264 4555/4778/4263 4519/4723/4227
f 4521/4727/4229 4557/4780/4265 4556/4779/4264 4520/4725/4228
f 4522/4729/4230 4558/4781/4266 4557/4780/4265 4521/4727/4229
f 4523/4731/4231 4559/4782/4267 4558/4781/4266 4522/4729/4230
f 4524/4733/4232 4560/4783/4268 4559/4782/4267 4523/4731/4231
f 4525/4735/4233 4561/4784/4269 4560/4783/4268 4524/4733/4232
f 4526/4737/4234 4562/4785/4270 4561/4784/4269 4525/4735/4233
f 4527/4739/4235 4563/4786/4271 4562/4785/4270 4526/4737/4234
f 4528/4741/4236 4564/4787/4272 4563/4786/4271 4527/4739/4235
f 4529/4743/4237 4565/4788/4273 4564/4787/4272 4528/4741/4236
f 4530/4745/4238 4566/4789/4274 4565/4788/4273 4529/4743/4237
f 4531/4747/4239 4567/4790/4275 4566/4789/4274 4530/4745/4238
f 4532/4749/4240 4568/4791/4276 4567/4790/4275 4531/4747/4239
f 4533/4751/4241 4569/4792/4277 4568/4791/4276 4532/4749/4240
f 4534/4753/4242 4570/4793/4278 4569/4792/4277 4533/4751/4241
f 4535/4755/4243 4571/4794/4279 4570/4793/4278 4534/4753/4242
f 4536/4757/4244 4572/4795/4280 4571/4794/4279 4535/4755/4243
f 4537/4759/4245 4573/4796/4281 4572/4795/4280 4536/4757/4244
f 4538/4761/4246 4574/4797/4282 4573/4796/4281 4537/4759/4245
f 4504/4692/4212 4540/4763/4248 4574/4797/4282 4538/4761/4246
f 4539/4762/4247 4575/4798/4283 4576/4799/4284 4540/4763/4248
f 4541/4764/4249 4577/4800/4285 4575/4798/4283 4539/4762/4247
f 4542/4765/4250 4578/4801/4286 4577/4800/4285 4541/4764/4249
f 4543/4766/4251 4579/4802/4287 4578/4801/4286 4542/4765/4250
f 4544/4767/4252 4580/4803/4288 4579/4802/4287 4543/4766/4251
f 4545/4768/4253 4581/4804/4289 4580/4803/4288 4544/4767/4252
f 4546/4769/4254 4582/4805/4290 4581/4804/4289 4545/4768/4253
f 4547/4770/4255 4583/4806/4291 4582/4805/4290 4546/4769/4254
f 4548/4771/4256 4584/4807/4292 4583/4806/4291 4547/4770/4255
f 4549/4772/4257 4585/4808/4293 4584/4807/4292 4548/4771/4256
f 4550/4773/4258 4586/4809/4294 4585/4808/4293 4549/4772/4257
f 4551/4774/4259 4587/4810/4295 4586/4809/4294 4550/4773/4258
f 4552/4775/4260 4588/4811/4296 4587/4810/4295 4551/4774/4259
f 4553/4776/4261 4589/4812/4297 4588/4811/4296 4552/4775/4260
f 4554/4777/4262 4590/4813/4298 4589/4812/4297 4553/4776/4261
f 4555/4778/4263 4591/4814/4299 4590/4813/4298 4554/4777/4262
f 4556/4779/4264 4592/4815/4300 4591/4814/4299 4555/4778/4263
f 4557/4780/4265 4593/4816/4301 4592/4815/4300 4556/4779/4264
f 4558/4781/4266 4594/4817/4302 4593/4816/4301 4557/4780/4265
f 4559/4782/4267 4595/4818/4303 4594/4817/4302 4558/4781/4266
f 4560/4783/4268 4596/4819/4304 4595/4818/4303 4559/4782/4267
f 4561/4784/4269 4597/4820/4305 4596/4819/4304 4560/4783/4268
f 4562/4785/4270 4598/4821/4306 4597/4820/4305 4561/4784/4269
f 4563/4786/4271 4599/4822/4307 4598/4821/4306 4562/4785/4270
f 4564/4787/4272 4600/4823/4308 4599/4822/4307 4563/4786/4271
f 4565/4788/4273 4601/4824/4309 4600/4823/4308 4564/4787/4272
f 4566/4789/4274 4602/4825/4310 4601/4824/4309 4565/4788/4273
f 4567/4790/4275 4603/4826/4311 4602/4825/4310 4566/4789/4274
f 4568/4791/4276 4604/4827/4312 4603/4826/4311 4567/4790/4275
f 4569/4792/4277 4605/4828/4313 4604/4827/4312 4568/4791/4276
f 4570/4793/4278 4606/4829/4314 4605/4828/4313 4569/4792/4277
f 4571/4794/4279 4607/4830/4315 4606/4829/4314 4570/4793/4278
f 4572/4795/4280 4608/4831/4316 4607/4830/4315 4571/4794/4279
f 4573/4796/4281 4609/4832/4317 4608/4831/4316 4572/4795/4280
f 4574/4797/4282 4610/4833/4318 4609/4832/4317 4573/4796/4281
f 4540/4763/4248 4576/4799/4284 4610/4833/4318 4574/4797/4282
f 4575/4798/4283 4611/4834/4319 4612/4835/4320 4576/4799/4284
f 4577/4800/4285 4613/4836/4321 4611/4834/4319 4575/4798/4283
f 4578/4801/4286 4614/4837/4322 4613/4836/4321 4577/4800/4285
f 4579/4802/4287 4615/4838/4323 4614/4837/4322 4578/4801/4286
f 4580/4803/4288 4616/4839/4324 4615/4838/4323 4579/4802/4287
f 4581/4804/4289 4617/4840/4325 4616/4839/4324 4580/4803/4288
f 4582/4805/4290 4618/4841/4326 4617/4840/4325 4581/4804/4289
f 4583/4806/4291 4619/4842/4327 4618/4841/4326 4582/4805/4290
f 4584/4807/4292 4620/4843/4328 4619/4842/4327 4583/4806/4291
f 4585/4808/4293 4621/4844/4329 4620/4843/4328 4584/4807/4292
f 4586/4809/4294 4622/4845/4330 4621/4844/4329 4585/4808/4293
f 4587/4810/4295 4623/4846/4331 4622/4845/4330 4586/4809/4294
f 4588/4811/4296 4624/4847/4332 4623/4846/4331 4587/4810/4295
f 4589/4812/4297 4625/4848/4333 4624/4847/4332 4588/4811/4296
f 4590/4813/4298 4626/4849/4334 4625/4848/4333 4589/4812/4297
f 4591/4814/4299 4627/4850/4335 4626/4849/4334 4590/4813/4298
f 4592/4815/4300 4628/4851/4336 4627/4850/4335 4591/4814/4299
f 4593/4816/4301 4629/4852/4337 4628/4851/4336 4592/4815/4300
f 4594/4817/4302 4630/4853/4338 4629/4852/4337 4593/4816/4301
f 4595/4818/4303 4631/4854/4339 4630/4853/4338 4594/4817/4302
f 4596/4819/4304 4632/4855/4340 4631/4854/4339 4595/4818/4303
f 4597/4820/4305 4633/4856/4341 4632/4855/4340 4596/4819/4304
f 4598/4821/4306 4634/4857/4342 4633/4856/4341 4597/4820/4305
f 4599/4822/4307 4635/4858/4343 4634/4857/4342 4598/4821/4306
f 4600/4823/4308 4636/4859/4344 4635/4858/4343 4599/4822/4307
f 4601/4824/4309 4637/4860/4345 4636/4859/4344 4600/4823/4308
f 4602/4825/4310 4638/4861/4346 4637/4860/4345 4601/4824/4309
f 4603/4826/4311 4639/4862/4347 4638/4861/4346 4602/4825/4310
f 4604/4827/4312 4640/4863/4348 4639/4862/4347 4603/4826/4311
f 4605/4828/4313 4641/4864/4349 4640/4863/4348 4604/4827/4312
f 4606/4829/4314 4642/4865/4350 4641/4864/4349 4605/4828/4313
f 4607/4830/4315 4643/4866/4351 4642/4865/4350 4606/4829/4314
f 4608/4831/4316 4644/4867/4352 4643/4866/4351 4607/4830/4315
f 4609/4832/4317 4645/4868/4353 4644/4867/4352 4608/4831/4316
f 4610/4833/4318 4646/4869/4354 4645/4868/4353 4609/4832/4317
f 4576/4799/4284 4612/4835/4320 4646/4869/4354 4610/4833/4318
f 4611/4834/4319 4647/4870/4355 4648/4871/4356 4612/4835/4320
f 4613/4836/4321 4649/4872/4357 4647/4870/4355 4611/4834/4319
f 4614/4837/4322 4650/4873/4358 4649/4872/4357 4613/4836/4321
f 4615/4838/4323 4651/4874/4359 4650/4873/4358 4614/4837/4322
f 4616/4839/4324 4652/4875/4360 4651/4874/4359 4615/4838/4323
f 4617/4840/4325 4653/4876/4361 4652/4875/4360 4616/4839/4324
f 4618/4841/4326 4654/4877/4362 4653/4876/4361 4617/4840/4325
f 4619/4842/4327 4655/4878/4363 4654/4877/4362 4618/4841/4326
f 4620/4843/4328 4656/4879/4364 4655/4878/4363 4619/4842/4327
f 4621/4844/4329 4657/4880/4365 4656/4879/4364 4620/4843/4328
f 4622/4845/4330 4658/4881/4366 4657/4880/4365 4621/4844/4329
f 4623/4846/4331 4659/4882/4367 4658/4881/4366 4622/4845/4330
f 4624/4847/4332 4660/4883/4368 4659/4882/4367 4623/4846/4331
f 4625/4848/4333 4661/4884/4369 4660/4883/4368 4624/4847/4332
f 4626/4849/4334 4662/4885/4370 4661/4884/4369 4625/4848/4333
f 4627/4850/4335 4663/4886/4371 4662/4885/4370 4626/4849/4334
f 4628/4851/4336 4664/4887/4372 4663/4886/4371 4627/4850/4335
f 4629/4852/4337 4665/4888/4373 4664/4887/4372 4628/4851/4336
f 4630/4853/4338 4666/4889/4374 4665/4888/4373 4629/4852/4337
f 4631/4854/4339 4667/4890/4375 4666/4889/4374 4630/4853/4338
f 4632/4855/4340 4668/4891/4376 4667/4890/4375 4631/4854/4339
f 4633/4856/4341 4669/4892/4377 4668/4891/4376 4632/4855/4340
f 4634/4857/4342 4670/4893/4378 4669/4892/4377 4633/4856/4341
f 4635/4858/4343 4671/4894/4379 4670/4893/4378 4634/4857/4342
f 4636/4859/4344 4672/4895/4380 4671/4894/4379 4635/4858/4343
f 4637/4860/4345 4673/4896/4381 4672/4895/4380 4636/4859/4344
f 4638/4861/4346 4674/4897/4382 4673/4896/4381 4637/4860/4345
f 4639/4862/4347 4675/4898/4383 4674/4897/4382 4638/4861/4346
f 4640/4863/4348 4676/4899/4384 4675/4898/4383 4639/4862/4347
f 4641/4864/4349 4677/4900/4385 4676/4899/4384 4640/4863/4348
f 4642/4865/4350 4678/4901/4386 4677/4900/4385 4641/4864/4349
f 4643/4866/4351 4679/4902/4387 4678/4901/4386 4642/4865/4350
f 4644/4867/4352 4680/4903/4388 4679/4902/4387 4643/4866/4351
f 4645/4868/4353 4681/4904/4389 4680/4903/4388 4644/4867/4352
f 4646/4869/4354 4682/4905/4390 4681/4904/4389 4645/4868/4353
f 4612/4835/4320 4648/4871/4356 4682/4905/4390 4646/4869/4354
f 4647/4870/4355 4683/4906/4391 4684/4907/4392 4648/4871/4356
f 4649/4872/4357 4685/4908/4393 4683/4906/4391 4647/4870/4355
f 4650/4873/4358 4686/4909/4394 4685/4908/4393 4649/4872/4357
f 4651/4874/4359 4687/4910/4395 4686/4909/4394 4650/4873/4358
f 4652/4875/4360 4688/4911/4396 4687/4910/4395 4651/4874/4359
f 4653/4876/4361 4689/4912/4397 4688/4911/4396 4652/4875/4360
f 4654/4877/4362 4690/4913/4398 4689/4912/4397 4653/4876/4361
f 4655/4878/4363 4691/4914/4399 4690/4913/4398 4654/4877/4362
f 4656/4879/4364 4692/4915/4400 4691/4914/4399 4655/4878/4363
f 4657/4880/4365 4693/4916/4401 4692/4915/4400 4656/4879/4364
f 4658/4881/4366 4694/4917/4402 4693/4916/4401 4657/4880/4365
f 4659/4882/4367 4695/4918/4403 4694/4917/4402 4658/4881/4366
f 4660/4883/4368 4696/4919/4404 4695/4918/4403 4659/4882/4367
f 4661/4884/4369 4697/4920/4405 4696/4919/4404 4660/4883/4368
f 4662/4885/4370 4698/4921/4406 4697/4920/4405 4661/4884/4369
f 4663/4886/4371 4699/4922/4407 4698/4921/4406 4662/4885/4370
f 4664/4887/4372 4700/4923/4408 4699/4922/4407 4663/4886/4371
f 4665/4888/4373 4701/4924/4409 4700/4923/4408 4664/4887/4372
f 4666/4889/4374 4702/4925/4410 4701/4924/4409 4665/4888/4373
f 4667/4890/4375 4703/4926/4411 4702/4925/4410 4666/4889/4374
f 4668/4891/4376 4704/4927/4412 4703/4926/4411 4667/4890/4375
f 4669/4892/4377 4705/4928/4413 4704/4927/4412 4668/4891/4376
f 4670/4893/4378 4706/4929/4414 4705/4928/4413 4669/4892/4377
f 4671/4894/4379 4707/4930/4415 4706/4929/4414 4670/4893/4378
f 4672/4895/4380 4708/4931/4416 4707/4930/4415 4671/4894/4379
f 4673/4896/4381 4709/4932/4417 4708/4931/4416 4672/4895/4380
f 4674/4897/4382 4710/4933/4418 4709/4932/4417 4673/4896/4381
f 4675/4898/4383 4711/4934/4419 4710/4933/4418 4674/4897/4382
f 4676/4899/4384 4712/4935/4420 4711/4934/4419 4675/4898/4383
f 4677/4900/4385 4713/4936/4421 4712/4935/4420 4676/4899/4384
f 4678/4901/4386 4714/4937/4422 4713/4936/4421 4677/4900/4385
f 4679/4902/4387 4715/4938/4423 4714/4937/4422 4678/4901/4386
f 4680/4903/4388 4716/4939/4424 4715/4938/4423 4679/4902/4387
f 4681/4904/4389 4717/4940/4425 4716/4939/4424 4680/4903/4388
f 4682/4905/4390 4718/4941/4426 4717/4940/4425 4681/4904/4389
f 4648/4871/4356 4684/4907/4392 4718/4941/4426 4682/4905/4390
f 4684/4907/4392 4683/4906/4391 4719/4942/4427
f 4683/4906/4391 4685/4908/4393 4719/4942/4427
f 4685/4908/4393 4686/4909/4394 4719/4942/4427
f 4686/4909/4394 4687/4910/4395 4719/4942/4427
f 4687/4910/4395 4688/4911/4396 4719/4942/4427
f 4688/4911/4396 4689/4912/4397 4719/4942/4427
f 4689/4912/4397 4690/4913/4398 4719/4942/4427
f 4690/4913/4398 4691/4914/4399 4719/4942/4427
f 4691/4914/4399 4692/4915/4400 4719/4942/4427
f 4692/4915/4400 4693/4916/4401 4719/4942/4427
f 4693/4916/4401 4694/4917/4402 4719/4942/4427
f 4694/4917/4402 4695/4918/4403 4719/4942/4427
f 4695/4918/4403 4696/4919/4404 4719/4942/4427
f 4696/4919/4404 4697/4920/4405 4719/4942/4427
f 4697/4920/4405 4698/4921/4406 4719/4942/4427
f 4698/4921/4406 4699/4922/4407 4719/4942/4427
f 4699/4922/4407 4700/4923/4408 4719/4942/4427
f 4700/4923/4408 4701/4924/4409 4719/4942/4427
f 4701/4924/4409 4702/4925/4410 4719/4942/4427
f 4702/4925/4410 4703/4926/4411 4719/4942/4427
f 4703/4926/4411 4704/4927/4412 4719/4942/4427
f 4704/4927/4412 4705/4928/4413 4719/4942/4427
f 4705/4928/4413 4706/4929/4414 4719/4942/4427
f 4706/4929/4414 4707/4930/4415 4719/4942/4427
f 4707/4930/4415 4708/4931/4416 4719/4942/4427
f 4708/4931/4416 4709/4932/4417 4719/4942/4427
f 4709/4932/4417 4710/4933/4418 4719/4942/4427
f 4710/4933/4418 4711/4934/4419 4719/4942/4427
f 4711/4934/4419 4712/4935/4420 4719/4942/4427
f 4712/4935/4420 4713/4936/4421 4719/4942/4427
f 4713/4936/4421 4714/4937/4422 4719/4942/4427
f 4714/4937/4422 4715/4938/4423 4719/4942/4427
f 4715/4938/4423 4716/4939/4424 4719/4942/4427
f 4716/4939/4424 4717/4940/4425 4719/4942/4427
f 4717/4940/4425 4718/4941/4426 4719/4942/4427
f 4718/4941/4426 4684/4907/4392 4719/4942/4427
f 4720/4103/4428 4721/4106/4429 4722/4105/4430 4723/4104/4431
f 4724/4107/4432 4720/4103/4428 4723/4104/4431 4725/4108/4433
f 4726/4109/4434 4724/4107/4432 4725/4108/4433 4727/4110/4435
f 4728/4111/4436 4726/4109/4434 4727/4110/4435 4729/4112/4437
f 4730/4113/4438 4728/4111/4436 4729/4112/4437 4731/4114/4439
f 4732/4115/4440 4730/4113/4438 4731/4114/4439 4733/4116/4441
f 4734/4117/4442 4732/4115/4440 4733/4116/4441 4735/4118/4443
f 4736/4119/4444 4734/4117/4442 4735/4118/4443 4737/4120/4445
f 4738/4121/4446 4736/4119/4444 4737/4120/4445 4739/4122/4447
f 4740/4123/4448 4738/4121/4446 4739/4122/4447 4741/4124/4449
f 4742/4125/4450 4740/4123/4448 4741/4124/4449 4743/4126/4451
f 4744/4127/4452 4742/4125/4450 4743/4126/4451 4745/4128/4453
f 4746/4129/4454 4744/4127/4452 4745/4128/4453 4747/4130/4455
f 4748/4131/4456 4746/4129/4454 4747/4130/4455 4749/4132/4457
f 4750/4133/4458 4748/4131/4456 4749/4132/4457 4751/4134/4459
f 4752/4135/4460 4750/4133/4458 4751/4134/4459 4753/4136/4461
f 4754/4137/4462 4752/4135/4460 4753/4136/4461 4755/4138/4463
f 4756/4139/4464 4754/4137/4462 4755/4138/4463 4757/4140/4465
f 4758/4141/4466 4756/4139/4464 4757/4140/4465 4759/4142/4467
f 4760/4143/4468 4758/4146/4466 4759/4145/4467 4761/4144/4469
f 4762/4147/4470 4760/4143/4468 4761/4144/4469 4763/4148/4471
f 4764/4149/4472 4762/4147/4470 4763/4148/4471 4765/4150/4473
f 4766/4151/4474 4764/4149/4472 4765/4150/4473 4767/4152/4475
f 4768/4153/4476 4766/4151/4474 4767/4152/4475 4769/4154/4477
f 4770/4155/4478 4768/4153/4476 4769/4154/4477 4771/4156/4479
f 4772/4157/4480 4770/4155/4478 4771/4156/4479 4773/4158/4481
f 4774/4159/4482 4772/4157/4480 4773/4158/4481 4775/4160/4483
f 4776/4161/4484 4774/4159/4482 4775/4160/4483 4777/4162/4485
f 4778/4163/4486 4776/4161/4484 4777/4162/4485 4779/4164/4487
f 4780/4165/4488 4778/4163/4486 4779/4164/4487 4781/4166/4489
f 4782/4167/4490 4780/4165/4488 4781/4166/4489 4783/4168/4491
f 4784/4169/4492 4782/4167/4490 4783/4168/4491 4785/4170/4493
f 4786/4171/4494 4784/4169/4492 4785/4170/4493 4787/4172/4495
f 4788/4173/4496 4786/4171/4494 4787/4172/4495 4789/4174/4497
f 4790/4175/4498 4788/4173/4496 4789/4174/4497 4791/4176/4499
f 4721/4106/4429 4790/4175/4498 4791/4176/4499 4722/4105/4430
f 4723/4104/4431 4722/4105/4430 4792/4178/4500 4793/4177/4501
f 4725/4108/4433 4723/4104/4431 4793/4177/4501 4794/4179/4502
f 4727/4110/4435 4725/4108/4433 4794/4179/4502 4795/4180/4503
f 4729/4112/4437 4727/4110/4435 4795/4180/4503 4796/4181/4504
f 4731/4114/4439 4729/4112/4437 4796/4181/4504 4797/4182/4505
f 4733/4116/4441 4731/4114/4439 4797/4182/4505 4798/4183/4506
f 4735/4118/4443 4733/4116/4441 4798/4183/4506 4799/4184/4507
f 4737/4120/4445 4735/4118/4443 4799/4184/4507 4800/4185/4508
f 4739/4122/4447 4737/4120/4445 4800/4185/4508 4801/4186/4509
f 4741/4124/4449 4739/4122/4447 4801/4186/4509 4802/4187/4510
f 4743/4126/4451 4741/4124/4449 4802/4187/4510 4803/4188/4511
f 4745/4128/4453 4743/4126/4451 4803/4188/4511 4804/4189/4512
f 4747/4130/4455 4745/4128/4453 4804/4189/4512 4805/4190/4513
f 4749/4132/4457 4747/4130/4455 4805/4190/4513 4806/4191/4514
f 4751/4134/4459 4749/4132/4457 4806/4191/4514 4807/4192/4515
f 4753/4136/4461 4751/4134/4459 4807/4192/4515 4808/4193/4516
f 4755/4138/4463 4753/4136/4461 4808/4193/4516 4809/4194/4517
f 4757/4140/4465 4755/4138/4463 4809/4194/4517 4810/4195/4518
f 4759/4142/4467 4757/4140/4465 4810/4195/4518 4811/4196/4519
f 4761/4144/4469 4759/4145/4467 4811/4198/4519 4812/4197/4520
f 4763/4148/4471 4761/4144/4469 4812/4197/4520 4813/4199/4521
f 4765/4150/4473 4763/4148/4471 4813/4199/4521 4814/4200/4522
f 4767/4152/4475 4765/4150/4473 4814/4200/4522 4815/4201/4523
f 4769/4154/4477 4767/4152/4475 4815/4201/4523 4816/4202/4524
f 4771/4156/4479 4769/4154/4477 4816/4202/4524 4817/4203/4525
f 4773/4158/4481 4771/4156/4479 4817/4203/4525 4818/4204/4526
f 4775/4160/4483 4773/4158/4481 4818/4204/4526 4819/4205/4527
f 4777/4162/4485 4775/4160/4483 4819/4205/4527 4820/4206/4528
f 4779/4164/4487 4777/4162/4485 4820/4206/4528 4821/4207/4529
f 4781/4166/4489 4779/4164/4487 4821/4207/4529 4822/4208/4530
f 4783/4168/4491 4781/4166/4489 4822/4208/4530 4823/4209/4531
f 4785/4170/4493 4783/4168/4491 4823/4209/4531 4824/4210/4532
f 4787/4172/4495 4785/4170/4493 4824/4210/4532 4825/4211/4533
f 4789/4174/4497 4787/4172/4495 4825/4211/4533 4826/4212/4534
f 4791/4176/4499 4789/4174/4497 4826/4212/4534 4827/4213/4535
f 4722/4105/4430 4791/4176/4499 4827/4213/4535 4792/4178/4500
f 4793/4177/4501 4792/4178/4500 4828/4215/4536 4829/4214/4537
f 4794/4179/4502 4793/4177/4501 4829/4214/4537 4830/4216/4538
f 4795/4180/4503 4794/4179/4502 4830/4216/4538 4831/4217/4539
f 4796/4181/4504 4795/4180/4503 4831/4217/4539 4832/4218/4540
f 4797/4182/4505 4796/4181/4504 4832/4218/4540 4833/4219/4541
f 4798/4183/4506 4797/4182/4505 4833/4219/4541 4834/4220/4542
f 4799/4184/4507 4798/4183/4506 4834/4220/4542 4835/4221/4543
f 4800/4185/4508 4799/4184/4507 4835/4221/4543 4836/4222/4544
f 4801/4186/4509 4800/4185/4508 4836/4222/4544 4837/4223/4545
f 4802/4187/4510 4801/4186/4509 4837/4223/4545 4838/4224/4546
f 4803/4188/4511 4802/4187/4510 4838/4224/4546 4839/4225/4547
f 4804/4189/4512 4803/4188/4511 4839/4225/4547 4840/4226/4548
f 4805/4190/4513 4804/4189/4512 4840/4226/4548 4841/4227/4549
f 4806/4191/4514 4805/4190/4513 4841/4227/4549 4842/4228/4550
f 4807/4192/4515 4806/4191/4514 4842/4228/4550 4843/4229/4551
f 4808/4193/4516 4807/4192/4515 4843/4229/4551 4844/4230/4552
f 4809/4194/4517 4808/4193/4516 4844/4230/4552 4845/4231/4553
f 4810/4195/4518 4809/4194/4517 4845/4231/4553 4846/4232/4554
f 4811/4196/4519 4810/4195/4518 4846/4232/4554 4847/4233/4555
f 4812/4197/4520 4811/4198/4519 4847/4235/4555 4848/4234/4556
f 4813/4199/4521 4812/4197/4520 4848/4234/4556 4849/4236/4557
f 4814/4200/4522 4813/4199/4521 4849/4236/4557 4850/4237/4558
f 4815/4201/4523 4814/4200/4522 4850/4237/4558 4851/4238/4559
f 4816/4202/4524 4815/4201/4523 4851/4238/4559 4852/4239/4560
f 4817/4203/4525 4816/4202/4524 4852/4239/4560 4853/4240/4561
f 4818/4204/4526 4817/4203/4525 4853/4240/4561 4854/4241/4562
f 4819/4205/4527 4818/4204/4526 4854/4241/4562 4855/4242/4563
f 4820/4206/4528 4819/4205/4527 4855/4242/4563 4856/4243/4564
f 4821/4207/4529 4820/4206/4528 4856/4243/4564 4857/4244/4565
f 4822/4208/4530 4821/4207/4529 4857/4244/4565 4858/4245/4566
f 4823/4209/4531 4822/4208/4530 4858/4245/4566 4859/4246/4567
f 4824/4210/4532 4823/4209/4531 4859/4246/4567 4860/4247/4568
f 4825/4211/4533 4824/4210/4532 4860/4247/4568 4861/4248/4569
f 4826/4212/4534 4825/4211/4533 4861/4248/4569 4862/4249/4570
f 4827/4213/4535 4826/4212/4534 4862/4249/4570 4863/4250/4571
f 4792/4178/4500 4827/4213/4535 4863/4250/4571 4828/4215/4536
f 4829/4214/4537 4828/4215/4536 4864/4252/4572 4865/4251/4573
f 4830/4216/4538 4829/4214/4537 4865/4251/4573 4866/4253/4574
f 4831/4217/4539 4830/4216/4538 4866/4253/4574 4867/4254/4575
f 4832/4218/4540 4831/4217/4539 4867/4254/4575 4868/4255/4576
f 4833/4219/4541 4832/4218/4540 4868/4255/4576 4869/4256/4577
f 4834/4220/4542 4833/4219/4541 4869/4256/4577 4870/4257/4578
f 4835/4221/4543 4834/4220/4542 4870/4257/4578 4871/4258/4579
f 4836/4222/4544 4835/4221/4543 4871/4258/4579 4872/4259/4580
f 4837/4223/4545 4836/4222/4544 4872/4259/4580 4873/4260/4581
f 4838/4224/4546 4837/4223/4545 4873/4260/4581 4874/4261/4582
f 4839/4225/4547 4838/4224/4546 4874/4261/4582 4875/4262/4583
f 4840/4226/4548 4839/4225/4547 4875/4262/4583 4876/4263/4584
f 4841/4227/4549 4840/4226/4548 4876/4263/4584 4877/4264/4585
f 4842/4228/4550 4841/4227/4549 4877/4264/4585 4878/4265/4586
f 4843/4229/4551 4842/4228/4550 4878/4265/4586 4879/4266/4587
f 4844/4230/4552 4843/4229/4551 4879/4266/4587 4880/4267/4588
f 4845/4231/4553 4844/4230/4552 4880/4267/4588 4881/4268/4589
f 4846/4232/4554 4845/4231/4553 4881/4268/4589 4882/4269/4590
f 4847/4233/4555 4846/4232/4554 4882/4269/4590 4883/4270/4591
f 4848/4234/4556 4847/4235/4555 4883/4272/4591 4884/4271/4592
f 4849/4236/4557 4848/4234/4556 4884/4271/4592 4885/4273/4593
f 4850/4237/4558 4849/4236/4557 4885/4273/4593 4886/4274/4594
f 4851/4238/4559 4850/4237/4558 4886/4274/4594 4887/4275/4595
f 4852/4239/4560 4851/4238/4559 4887/4275/4595 4888/4276/4596
f 4853/4240/4561 4852/4239/4560 4888/4276/4596 4889/4277/4597
f 4854/4241/4562 4853/4240/4561 4889/4277/4597 4890/4278/4598
f 4855/4242/4563 4854/4241/4562 4890/4278/4598 4891/4279/4599
f 4856/4243/4564 4855/4242/4563 4891/4279/4599 4892/4280/4600
f 4857/4244/4565 4856/4243/4564 4892/4280/4600 4893/4281/4601
f 4858/4245/4566 4857/4244/4565 4893/4281/4601 4894/4282/4602
f 4859/4246/4567 4858/4245/4566 4894/4282/4602 4895/4283/4603
f 4860/4247/4568 4859/4246/4567 4895/4283/4603 4896/4284/4604
f 4861/4248/4569 4860/4247/4568 4896/4284/4604 4897/4285/4605
f 4862/4249/4570 4861/4248/4569 4897/4285/4605 4898/4286/4606
f 4863/4250/4571 4862/4249/4570 4898/4286/4606 4899/4287/4607
f 4828/4215/4536 4863/4250/4571 4899/4287/4607 4864/4252/4572
f 4865/4288/4573 4864/4291/4572 4900/4290/4608 4901/4289/4609
f 4866/4292/4574 4865/4288/4573 4901/4289/4609 4902/4293/4610
f 4867/4294/4575 4866/4292/4574 4902/4293/4610 4903/4295/4611
f 4868/4296/4576 4867/4294/4575 4903/4295/4611 4904/4297/4612
f 4869/4298/4577 4868/4296/4576 4904/4297/4612 4905/4299/4613
f 4870/4300/4578 4869/4298/4577 4905/4299/4613 4906/4301/4614
f 4871/4302/4579 4870/4300/4578 4906/4301/4614 4907/4303/4615
f 4872/4304/4580 4871/4302/4579 4907/4303/4615 4908/4305/4616
f 4873/4306/4581 4872/4304/4580 4908/4305/4616 4909/4307/4617
f 4874/4308/4582 4873/4306/4581 4909/4307/4617 4910/4309/4618
f 4875/4310/4583 4874/4308/4582 4910/4309/4618 4911/4311/4619
f 4876/4312/4584 4875/4310/4583 4911/4311/4619 4912/4313/4620
f 4877/4314/4585 4876/4312/4584 4912/4313/4620 4913/4315/4621
f 4878/4316/4586 4877/4314/4585 4913/4315/4621 4914/4317/4622
f 4879/4318/4587 4878/4316/4586 4914/4317/4622 4915/4319/4623
f 4880/4320/4588 4879/4318/4587 4915/4319/4623 4916/4321/4624
f 4881/4322/4589 4880/4320/4588 4916/4321/4624 4917/4323/4625
f 4882/4324/4590 4881/4322/4589 4917/4323/4625 4918/4325/4626
f 4883/4326/4591 4882/4324/4590 4918/4325/4626 4919/4327/4627
f 4884/4328/4592 4883/4326/4591 4919/4327/4627 4920/4329/4628
f 4885/4330/4593 4884/4328/4592 4920/4329/4628 4921/4331/4629
f 4886/4332/4594 4885/4330/4593 4921/4331/4629 4922/4333/4630
f 4887/4334/4595 4886/4332/4594 4922/4333/4630 4923/4335/4631
f 4888/4336/4596 4887/4334/4595 4923/4335/4631 4924/4337/4632
f 4889/4338/4597 4888/4336/4596 4924/4337/4632 4925/4339/4633
f 4890/4340/4598 4889/4338/4597 4925/4339/4633 4926/4341/4634
f 4891/4342/4599 4890/4340/4598 4926/4341/4634 4927/4343/4635
f 4892/4344/4600 4891/4342/4599 4927/4343/4635 4928/4345/4636
f 4893/4346/4601 4892/4344/4600 4928/4345/4636 4929/4347/4637
f 4894/4348/4602 4893/4346/4601 4929/4347/4637 4930/4349/4638
f 4895/4350/4603 4894/4348/4602 4930/4349/4638 4931/4351/4639
f 4896/4352/4604 4895/4350/4603 4931/4351/4639 4932/4353/4640
f 4897/4354/4605 4896/4352/4604 4932/4353/4640 4933/4355/4641
f 4898/4356/4606 4897/4354/4605 4933/4355/4641 4934/4357/4642
f 4899/4358/4607 4898/4356/4606 4934/4357/4642 4935/4359/4643
f 4864/4291/4572 4899/4358/4607 4935/4359/4643 4900/4290/4608
f 4901/4289/4609 4900/4290/4608 4936/4361/4644 4937/4360/4645
f 4902/4293/4610 4901/4289/4609 4937/4360/4645 4938/4362/4646
f 4903/4295/4611 4902/4293/4610 4938/4362/4646 4939/4363/4647
f 4904/4297/4612 4903/4295/4611 4939/4363/4647 4940/4364/4648
f 4905/4299/4613 4904/4297/4612 4940/4364/4648 4941/4365/4649
f 4906/4301/4614 4905/4299/4613 4941/4365/4649 4942/4366/4650
f 4907/4303/4615 4906/4301/4614 4942/4366/4650 4943/4367/4651
f 4908/4305/4616 4907/4303/4615 4943/4367/4651 4944/4368/4652
f 4909/4307/4617 4908/4305/4616 4944/4368/4652 4945/4369/4653
f 4910/4309/4618 4909/4307/4617 4945/4369/4653 4946/4370/4654
f 4911/4311/4619 4910/4309/4618 4946/4370/4654 4947/4371/4655
f 4912/4313/4620 4911/4311/4619 4947/4371/4655 4948/4372/4656
f 4913/4315/4621 4912/4313/4620 4948/4372/4656 4949/4373/4657
f 4914/4317/4622 4913/4315/4621 4949/4373/4657 4950/4374/4658
f 4915/4319/4623 4914/4317/4622 4950/4374/4658 4951/4375/4659
f 4916/4321/4624 4915/4319/4623 4951/4375/4659 4952/4376/4660
f 4917/4323/4625 4916/4321/4624 4952/4376/4660 4953/4377/4661
f 4918/4325/4626 4917/4323/4625 4953/4377/4661 4954/4378/4662
f 4919/4327/4627 4918/4325/4626 4954/4378/4662 4955/4379/4663
f 4920/4329/4628 4919/4327/4627 4955/4379/4663 4956/4380/4664
f 4921/4331/4629 4920/4329/4628 4956/4380/4664 4957/4381/4665
f 4922/4333/4630 4921/4331/4629 4957/4381/4665 4958/4382/4666
f 4923/4335/4631 4922/4333/4630 4958/4382/4666 4959/4383/4667
f 4924/4337/4632 4923/4335/4631 4959/4383/4667 4960/4384/4668
f 4925/4339/4633 4924/4337/4632 4960/4384/4668 4961/4385/4669
f 4926/4341/4634 4925/4339/4633 4961/4385/4669 4962/4386/4670
f 4927/4343/4635 4926/4341/4634 4962/4386/4670 4963/4387/4671
f 4928/4345/4636 4927/4343/4635 4963/4387/4671 4964/4388/4672
f 4929/4347/4637 4928/4345/4636 4964/4388/4672 4965/4389/4673
f 4930/4349/4638 4929/4347/4637 4965/4389/4673 4966/4390/4674
f 4931/4351/4639 4930/4349/4638 4966/4390/4674 4967/4391/4675
f 4932/4353/4640 4931/4351/4639 4967/4391/4675 4968/4392/4676
f 4933/4355/4641 4932/4353/4640 4968/4392/4676 4969/4393/4677
f 4934/4357/4642 4933/4355/4641 4969/4393/4677 4970/4394/4678
f 4935/4359/4643 4934/4357/4642 4970/4394/4678 4971/4395/4679
f 4900/4290/4608 4935/4359/4643 4971/4395/4679 4936/4361/4644
f 4937/4360/4645 4936/4361/4644 4972/4397/4680 4973/4396/4681
f 4938/4362/4646 4937/4360/4645 4973/4396/4681 4974/4398/4682
f 4939/4363/4647 4938/4362/4646 4974/4398/4682 4975/4399/4683
f 4940/4364/4648 4939/4363/4647 4975/4399/4683 4976/4400/4684
f 4941/4365/4649 4940/4364/4648 4976/4400/4684 4977/4401/4685
f 4942/4366/4650 4941/4365/4649 4977/4401/4685 4978/4402/4686
f 4943/4367/4651 4942/4366/4650 4978/4402/4686 4979/4403/4687
f 4944/4368/4652 4943/4367/4651 4979/4403/4687 4980/4404/4688
f 4945/4369/4653 4944/4368/4652 4980/4404/4688 4981/4405/4689
f 4946/4370/4654 4945/4369/4653 4981/4405/4689 4982/4406/4690
f 4947/4371/4655 4946/4370/4654 4982/4406/4690 4983/4407/4691
f 4948/4372/4656 4947/4371/4655 4983/4407/4691 4984/4408/4692
f 4949/4373/4657 4948/4372/4656 4984/4408/4692 4985/4409/4693
f 4950/4374/4658 4949/4373/4657 4985/4409/4693 4986/4410/4694
f 4951/4375/4659 4950/4374/4658 4986/4410/4694 4987/4411/4695
f 4952/4376/4660 4951/4375/4659 4987/4411/4695 4988/4412/4696
f 4953/4377/4661 4952/4376/4660 4988/4412/4696 4989/4413/4697
f 4954/4378/4662 4953/4377/4661 4989/4413/4697 4990/4414/4698
f 4955/4379/4663 4954/4378/4662 4990/4414/4698 4991/4415/4699
f 4956/4380/4664 4955/4379/4663 4991/4415/4699 4992/4416/4700
f 4957/4381/4665 4956/4380/4664 4992/4416/4700 4993/4417/4701
f 4958/4382/4666 4957/4381/4665 4993/4417/4701 4994/4418/4702
f 4959/4383/4667 4958/4382/4666 4994/4418/4702 4995/4419/4703
f 4960/4384/4668 4959/4383/4667 4995/4419/4703 4996/4420/4704
f 4961/4385/4669 4960/4384/4668 4996/4420/4704 4997/4421/4705
f 4962/4386/4670 4961/4385/4669 4997/4421/4705 4998/4422/4706
f 4963/4387/4671 4962/4386/4670 4998/4422/4706 4999/4423/4707
f 4964/4388/4672 4963/4387/4671 4999/4423/4707 5000/4424/4708
f 4965/4389/4673 4964/4388/4672 5000/4424/4708 5001/4425/4709
f 4966/4390/4674 4965/4389/4673 5001/4425/4709 5002/4426/4710
f 4967/4391/4675 4966/4390/4674 5002/4426/4710 5003/4427/4711
f 4968/4392/4676 4967/4391/4675 5003/4427/4711 5004/4428/4712
f 4969/4393/4677 4968/4392/4676 5004/4428/4712 5005/4429/4713
f 4970/4394/4678 4969/4393/4677 5005/4429/4713 5006/4430/4714
f 4971/4395/4679 4970/4394/4678 5006/4430/4714 5007/4431/4715
f 4936/4361/4644 4971/4395/4679 5007/4431/4715 4972/4397/4680
f 4973/4396/4681 4972/4397/4680 5008/4433/4716 5009/4432/4717
f 4974/4398/4682 4973/4396/4681 5009/4432/4717 5010/4434/4718
f 4975/4399/4683 4974/4398/4682 5010/4434/4718 5011/4435/4719
f 4976/4400/4684 4975/4399/4683 5011/4435/4719 5012/4436/4720
f 4977/4401/4685 4976/4400/4684 5012/4436/4720 5013/4437/4721
f 4978/4402/4686 4977/4401/4685 5013/4437/4721 5014/4438/4722
f 4979/4403/4687 4978/4402/4686 5014/4438/4722 5015/4439/4723
f 4980/4404/4688 4979/4403/4687 5015/4439/4723 5016/4440/4724
f 4981/4405/4689 4980/4404/4688 5016/4440/4724 5017/4441/4725
f 4982/4406/4690 4981/4405/4689 5017/4441/4725 5018/4442/4726
f 4983/4407/4691 4982/4406/4690 5018/4442/4726 5019/4443/4727
f 4984/4408/4692 4983/4407/4691 5019/4443/4727 5020/4444/4728
f 4985/4409/4693 4984/4408/4692 5020/4444/4728 5021/4445/4729
f 4986/4410/4694 4985/4409/4693 5021/4445/4729 5022/4446/4730
f 4987/4411/4695 4986/4410/4694 5022/4446/4730 5023/4447/4731
f 4988/4412/4696 4987/4411/4695 5023/4447/4731 5024/4448/4732
f 4989/4413/4697 4988/4412/4696 5024/4448/4732 5025/4449/4733
f 4990/4414/4698 4989/4413/4697 5025/4449/4733 5026/4450/4734
f 4991/4415/4699 4990/4414/4698 5026/4450/4734 5027/4451/4735
f 4992/4416/4700 4991/4415/4699 5027/4451/4735 5028/4452/4736
f 4993/4417/4701 4992/4416/4700 5028/4452/4736 5029/4453/4737
f 4994/4418/4702 4993/4417/4701 5029/4453/4737 5030/4454/4738
f 4995/4419/4703 4994/4418/4702 5030/4454/4738 5031/4455/4739
f 4996/4420/4704 4995/4419/4703 5031/4455/4739 5032/4456/4740
f 4997/4421/4705 4996/4420/4704 5032/4456/4740 5033/4457/4741
f 4998/4422/4706 4997/4421/4705 5033/4457/4741 5034/4458/4742
f 4999/4423/4707 4998/4422/4706 5034/4458/4742 5035/4459/4743
f 5000/4424/4708 4999/4423/4707 5035/4459/4743 5036/4460/4744
f 5001/4425/4709 5000/4424/4708 5036/4460/4744 5037/4461/4745
f 5002/4426/4710 5001/4425/4709 5037/4461/4745 5038/4462/4746
f 5003/4427/4711 5002/4426/4710 5038/4462/4746 5039/4463/4747
f 5004/4428/4712 5003/4427/4711 5039/4463/4747 5040/4464/4748
f 5005/4429/4713 5004/4428/4712 5040/4464/4748 5041/4465/4749
f 5006/4430/4714 5005/4429/4713 5041/4465/4749 5042/4466/4750
f 5007/4431/4715 5006/4430/4714 5042/4466/4750 5043/4467/4751
f 4972/4397/4680 5007/4431/4715 5043/4467/4751 5008/4433/4716
f 5009/4432/4717 5008/4433/4716 5044/4469/4752 5045/4468/4753
f 5010/4434/4718 5009/4432/4717 5045/4468/4753 5046/4470/4754
f 5011/4435/4719 5010/4434/4718 5046/4470/4754 5047/4471/4755
f 5012/4436/4720 5011/4435/4719 5047/4471/4755 5048/4472/4756
f 5013/4437/4721 5012/4436/4720 5048/4472/4756 5049/4473/4757
f 5014/4438/4722 5013/4437/4721 5049/4473/4757 5050/4474/4758
f 5015/4439/4723 5014/4438/4722 5050/4474/4758 5051/4475/4759
f 5016/4440/4724 5015/4439/4723 5051/4475/4759 5052/4476/4760
f 5017/4441/4725 5016/4440/4724 5052/4476/4760 5053/4477/4761
f 5018/4442/4726 5017/4441/4725 5053/4477/4761 5054/4478/4762
f 5019/4443/4727 5018/4442/4726 5054/4478/4762 5055/4479/4763
f 5020/4444/4728 5019/4443/4727 5055/4479/4763 5056/4480/4764
f 5021/4445/4729 5020/4444/4728 5056/4480/4764 5057/4481/4765
f 5022/4446/4730 5021/4445/4729 5057/4481/4765 5058/4482/4766
f 5023/4447/4731 5022/4446/4730 5058/4482/4766 5059/4483/4767
f 5024/4448/4732 5023/4447/4731 5059/4483/4767 5060/4484/4768
f 5025/4449/4733 5024/4448/4732 5060/4484/4768 5061/4485/4769
f 5026/4450/4734 5025/4449/4733 5061/4485/4769 5062/4486/4770
f 5027/4451/4735 5026/4450/4734 5062/4486/4770 5063/4487/4771
f 5028/4452/4736 5027/4451/4735 5063/4487/4771 5064/4488/4772
f 5029/4453/4737 5028/4452/4736 5064/4488/4772 5065/4489/4773
f 5030/4454/4738 5029/4453/4737 5065/4489/4773 5066/4490/4774
f 5031/4455/4739 5030/4454/4738 5066/4490/4774 5067/4491/4775
f 5032/4456/4740 5031/4455/4739 5067/4491/4775 5068/4492/4776
f 5033/4457/4741 5032/4456/4740 5068/4492/4776 5069/4493/4777
f 5034/4458/4742 5033/4457/4741 5069/4493/4777 5070/4494/4778
f 5035/4459/4743 5034/4458/4742 5070/4494/4778 5071/4495/4779
f 5036/4460/4744 5035/4459/4743 5071/4495/4779 5072/4496/4780
f 5037/4461/4745 5036/4460/4744 5072/4496/4780 5073/4497/4781
f 5038/4462/4746 5037/4461/4745 5073/4497/4781 5074/4498/4782
f 5039/4463/4747 5038/4462/4746 5074/4498/4782 5075/4499/4783
f 5040/4464/4748 5039/4463/4747 5075/4499/4783 5076/4500/4784
f 5041/4465/4749 5040/4464/4748 5076/4500/4784 5077/4501/4785
f 5042/4466/4750 5041/4465/4749 5077/4501/4785 5078/4502/4786
f 5043/4467/4751 5042/4466/4750 5078/4502/4786 5079/4503/4787
f 5008/4433/4716 5043/4467/4751 5079/4503/4787 5044/4469/4752
f 5044/4469/4752 5080/4504/4427 5045/4468/4753
f 5045/4468/4753 5080/4504/4427 5046/4470/4754
f 5046/4470/4754 5080/4504/4427 5047/4471/4755
f 5047/4471/4755 5080/4504/4427 5048/4472/4756
f 5048/4472/4756 5080/4504/4427 5049/4473/4757
f 5049/4473/4757 5080/4504/4427 5050/4474/4758
f 5050/4474/4758 5080/4504/4427 5051/4475/4759
f 5051/4475/4759 5080/4504/4427 5052/4476/4760
f 5052/4476/4760 5080/4504/4427 5053/4477/4761
f 5053/4477/4761 5080/4504/4427 5054/4478/4762
f 5054/4478/4762 5080/4504/4427 5055/4479/4763
f 5055/4479/4763 5080/4504/4427 5056/4480/4764
f 5056/4480/4764 5080/4504/4427 5057/4481/4765
f 5057/4481/4765 5080/4504/4427 5058/4482/4766
f 5058/4482/4766 5080/4504/4427 5059/4483/4767
f 5059/4483/4767 5080/4504/4427 5060/4484/4768
f 5060/4484/4768 5080/4504/4427 5061/4485/4769
f 5061/4485/4769 5080/4504/4427 5062/4486/4770
f 5062/4486/4770 5080/4504/4427 5063/4487/4771
f 5063/4487/4771 5080/4504/4427 5064/4488/4772
f 5064/4488/4772 5080/4504/4427 5065/4489/4773
f 5065/4489/4773 5080/4504/4427 5066/4490/4774
f 5066/4490/4774 5080/4504/4427 5067/4491/4775
f 5067/4491/4775 5080/4504/4427 5068/4492/4776
f 5068/4492/4776 5080/4504/4427 5069/4493/4777
f 5069/4493/4777 5080/4504/4427 5070/4494/4778
f 5070/4494/4778 5080/4504/4427 5071/4495/4779
f 5071/4495/4779 5080/4504/4427 5072/4496/4780
f 5072/4496/4780 5080/4504/4427 5073/4497/4781
f 5073/4497/4781 5080/4504/4427 5074/4498/4782
f 5074/4498/4782 5080/4504/4427 5075/4499/4783
f 5075/4499/4783 5080/4504/4427 5076/4500/4784
f 5076/4500/4784 5080/4504/4427 5077/4501/4785
f 5077/4501/4785 5080/4504/4427 5078/4502/4786
f 5078/4502/4786 5080/4504/4427 5079/4503/4787
f 5079/4503/4787 5080/4504/4427 5044/4469/4752
f 4721/4106/4429 4720/4103/4428 5081/4506/4788 5082/4505/4789
f 4790/4175/4498 4721/4106/4429 5082/4505/4789 5083/4507/4790
f 4788/4173/4496 4790/4175/4498 5083/4507/4790 5084/4508/4791
f 4786/4171/4494 4788/4173/4496 5084/4508/4791 5085/4509/4792
f 4784/4169/4492 4786/4171/4494 5085/4509/4792 5086/4510/4793
f 4782/4167/4490 4784/4169/4492 5086/4510/4793 5087/4511/4794
f 4780/4165/4488 4782/4167/4490 5087/4511/4794 5088/4512/4795
f 4778/4163/4486 4780/4165/4488 5088/4512/4795 5089/4513/4796
f 4776/4161/4484 4778/4163/4486 5089/4513/4796 5090/4514/4797
f 4774/4159/4482 4776/4161/4484 5090/4514/4797 5091/4515/4798
f 4772/4157/4480 4774/4159/4482 5091/4515/4798 5092/4516/4799
f 4770/4155/4478 4772/4157/4480 5092/4516/4799 5093/4517/4800
f 4768/4153/4476 4770/4155/4478 5093/4517/4800 5094/4518/4801
f 4766/4151/4474 4768/4153/4476 5094/4518/4801 5095/4519/4802
f 4764/4149/4472 4766/4151/4474 5095/4519/4802 5096/4520/4803
f 4762/4147/4470 4764/4149/4472 5096/4520/4803 5097/4521/4804
f 4760/4143/4468 4762/4147/4470 5097/4521/4804 5098/4522/4805
f 4758/4146/4466 4760/4143/4468 5098/4522/4805 5099/4523/4806
f 4756/4139/4464 4758/4141/4466 5099/4525/4806 5100/4524/4807
f 4754/4137/4462 4756/4139/4464 5100/4524/4807 5101/4526/4808
f 4752/4135/4460 4754/4137/4462 5101/4526/4808 5102/4527/4809
f 4750/4133/4458 4752/4135/4460 5102/4527/4809 5103/4528/4810
f 4748/4131/4456 4750/4133/4458 5103/4528/4810 5104/4529/4811
f 4746/4129/4454 4748/4131/4456 5104/4529/4811 5105/4530/4812
f 4744/4127/4452 4746/4129/4454 5105/4530/4812 5106/4531/4813
f 4742/4125/4450 4744/4127/4452 5106/4531/4813 5107/4532/4814
f 4740/4123/4448 4742/4125/4450 5107/4532/4814 5108/4533/4815
f 4738/4121/4446 4740/4123/4448 5108/4533/4815 5109/4534/4816
f 4736/4119/4444 4738/4121/4446 5109/4534/4816 5110/4535/4817
f 4734/4117/4442 4736/4119/4444 5110/4535/4817 5111/4536/4818
f 4732/4115/4440 4734/4117/4442 5111/4536/4818 5112/4537/4819
f 4730/4113/4438 4732/4115/4440 5112/4537/4819 5113/4538/4820
f 4728/4111/4436 4730/4113/4438 5113/4538/4820 5114/4539/4821
f 4726/4109/4434 4728/4111/4436 5114/4539/4821 5115/4540/4822
f 4724/4107/4432 4726/4109/4434 5115/4540/4822 5116/4541/4823
f 4720/4103/4428 4724/4107/4432 5116/4541/4823 5081/4506/4788
f 5082/4505/4789 5081/4506/4788 5117/4543/4824 5118/4542/4825
f 5083/4507/4790 5082/4505/4789 5118/4542/4825 5119/4544/4826
f 5084/4508/4791 5083/4507/4790 5119/4544/4826 5120/4545/4827
f 5085/4509/4792 5084/4508/4791 5120/4545/4827 5121/4546/4828
f 5086/4510/4793 5085/4509/4792 5121/4546/4828 5122/4547/4829
f 5087/4511/4794 5086/4510/4793 5122/4547/4829 5123/4548/4830
f 5088/4512/4795 5087/4511/4794 5123/4548/4830 5124/4549/4831
f 5089/4513/4796 5088/4512/4795 5124/4549/4831 5125/4550/4832
f 5090/4514/4797 5089/4513/4796 5125/4550/4832 5126/4551/4833
f 5091/4515/4798 5090/4514/4797 5126/4551/4833 5127/4552/4834
f 5092/4516/4799 5091/4515/4798 5127/4552/4834 5128/4553/4835
f 5093/4517/4800 5092/4516/4799 5128/4553/4835 5129/4554/4836
f 5094/4518/4801 5093/4517/4800 5129/4554/4836 5130/4555/4837
f 5095/4519/4802 5094/4518/4801 5130/4555/4837 5131/4556/4838
f 5096/4520/4803 5095/4519/4802 5131/4556/4838 5132/4557/4839
f 5097/4521/4804 5096/4520/4803 5132/4557/4839 5133/4558/4840
f 5098/4522/4805 5097/4521/4804 5133/4558/4840 5134/4559/4841
f 5099/4523/4806 5098/4522/4805 5134/4559/4841 5135/4560/4842
f 5100/4524/4807 5099/4525/4806 5135/4562/4842 5136/4561/4843
f 5101/4526/4808 5100/4524/4807 5136/4561/4843 5137/4563/4844
f 5102/4527/4809 5101/4526/4808 5137/4563/4844 5138/4564/4845
f 5103/4528/4810 5102/4527/4809 5138/4564/4845 5139/4565/4846
f 5104/4529/4811 5103/4528/4810 5139/4565/4846 5140/4566/4847
f 5105/4530/4812 5104/4529/4811 5140/4566/4847 5141/4567/4848
f 5106/4531/4813 5105/4530/4812 5141/4567/4848 5142/4568/4849
f 5107/4532/4814 5106/4531/4813 5142/4568/4849 5143/4569/4850
f 5108/4533/4815 5107/4532/4814 5143/4569/4850 5144/4570/4851
f 5109/4534/4816 5108/4533/4815 5144/4570/4851 5145/4571/4852
f 5110/4535/4817 5109/4534/4816 5145/4571/4852 5146/4572/4853
f 5111/4536/4818 5110/4535/4817 5146/4572/4853 5147/4573/4854
f 5112/4537/4819 5111/4536/4818 5147/4573/4854 5148/4574/4855
f 5113/4538/4820 5112/4537/4819 5148/4574/4855 5149/4575/4856
f 5114/4539/4821 5113/4538/4820 5149/4575/4856 5150/4576/4857
f 5115/4540/4822 5114/4539/4821 5150/4576/4857 5151/4577/4858
f 5116/4541/4823 5115/4540/4822 5151/4577/4858 5152/4578/4859
f 5081/4506/4788 5116/4541/4823 5152/4578/4859 5117/4543/4824
f 5118/4542/4825 5117/4543/4824 5153/4580/4860 5154/4579/4861
f 5119/4544/4826 5118/4542/4825 5154/4579/4861 5155/4581/4862
f 5120/4545/4827 5119/4544/4826 5155/4581/4862 5156/4582/4863
f 5121/4546/4828 5120/4545/4827 5156/4582/4863 5157/4583/4864
f 5122/4547/4829 5121/4546/4828 5157/4583/4864 5158/4584/4865
f 5123/4548/4830 5122/4547/4829 5158/4584/4865 5159/4585/4866
f 5124/4549/4831 5123/4548/4830 5159/4585/4866 5160/4586/4867
f 5125/4550/4832 5124/4549/4831 5160/4586/4867 5161/4587/4868
f 5126/4551/4833 5125/4550/4832 5161/4587/4868 5162/4588/4869
f 5127/4552/4834 5126/4551/4833 5162/4588/4869 5163/4589/4870
f 5128/4553/4835 5127/4552/4834 5163/4589/4870 5164/4590/4871
f 5129/4554/4836 5128/4553/4835 5164/4590/4871 5165/4591/4872
f 5130/4555/4837 5129/4554/4836 5165/4591/4872 5166/4592/4873
f 5131/4556/4838 5130/4555/4837 5166/4592/4873 5167/4593/4874
f 5132/4557/4839 5131/4556/4838 5167/4593/4874 5168/4594/4875
f 5133/4558/4840 5132/4557/4839 5168/4594/4875 5169/4595/4876
f 5134/4559/4841 5133/4558/4840 5169/4595/4876 5170/4596/4877
f 5135/4560/4842 5134/4559/4841 5170/4596/4877 5171/4597/4878
f 5136/4561/4843 5135/4562/4842 5171/4599/4878 5172/4598/4879
f 5137/4563/4844 5136/4561/4843 5172/4598/4879 5173/4600/4880
f 5138/4564/4845 5137/4563/4844 5173/4600/4880 5174/4601/4881
f 5139/4565/4846 5138/4564/4845 5174/4601/4881 5175/4602/4882
f 5140/4566/4847 5139/4565/4846 5175/4602/4882 5176/4603/4883
f 5141/4567/4848 5140/4566/4847 5176/4603/4883 5177/4604/4884
f 5142/4568/4849 5141/4567/4848 5177/4604/4884 5178/4605/4885
f 5143/4569/4850 5142/4568/4849 5178/4605/4885 5179/4606/4886
f 5144/4570/4851 5143/4569/4850 5179/4606/4886 5180/4607/4887
f 5145/4571/4852 5144/4570/4851 5180/4607/4887 5181/4608/4888
f 5146/4572/4853 5145/4571/4852 5181/4608/4888 5182/4609/4889
f 5147/4573/4854 5146/4572/4853 5182/4609/4889 5183/4610/4890
f 5148/4574/4855 5147/4573/4854 5183/4610/4890 5184/4611/4891
f 5149/4575/4856 5148/4574/4855 5184/4611/4891 5185/4612/4892
f 5150/4576/4857 5149/4575/4856 5185/4612/4892 5186/4613/4893
f 5151/4577/4858 5150/4576/4857 5186/4613/4893 5187/4614/4894
f 5152/4578/4859 5151/4577/4858 5187/4614/4894 5188/4615/4895
f 5117/4543/4824 5152/4578/4859 5188/4615/4895 5153/4580/4860
f 5154/4579/4861 5153/4580/4860 5189/4617/4896 5190/4616/4897
f 5155/4581/4862 5154/4579/4861 5190/4616/4897 5191/4618/4898
f 5156/4582/4863 5155/4581/4862 5191/4618/4898 5192/4619/4899
f 5157/4583/4864 5156/4582/4863 5192/4619/4899 5193/4620/4900
f 5158/4584/4865 5157/4583/4864 5193/4620/4900 5194/4621/4901
f 5159/4585/4866 5158/4584/4865 5194/4621/4901 5195/4622/4902
f 5160/4586/4867 5159/4585/4866 5195/4622/4902 5196/4623/4903
f 5161/4587/4868 5160/4586/4867 5196/4623/4903 5197/4624/4904
f 5162/4588/4869 5161/4587/4868 5197/4624/4904 5198/4625/4905
f 5163/4589/4870 5162/4588/4869 5198/4625/4905 5199/4626/4906
f 5164/4590/4871 5163/4589/4870 5199/4626/4906 5200/4627/4907
f 5165/4591/4872 5164/4590/4871 5200/4627/4907 5201/4628/4908
f 5166/4592/4873 5165/4591/4872 5201/4628/4908 5202/4629/4909
f 5167/4593/4874 5166/4592/4873 5202/4629/4909 5203/4630/4910
f 5168/4594/4875 5167/4593/4874 5203/4630/4910 5204/4631/4911
f 5169/4595/4876 5168/4594/4875 5204/4631/4911 5205/4632/4912
f 5170/4596/4877 5169/4595/4876 5205/4632/4912 5206/4633/4913
f 5171/4597/4878 5170/4596/4877 5206/4633/4913 5207/4634/4914
f 5172/4598/4879 5171/4599/4878 5207/4636/4914 5208/4635/4915
f 5173/4600/4880 5172/4598/4879 5208/4635/4915 5209/4637/4916
f 5174/4601/4881 5173/4600/4880 5209/4637/4916 5210/4638/4917
f 5175/4602/4882 5174/4601/4881 5210/4638/4917 5211/4639/4918
f 5176/4603/4883 5175/4602/4882 5211/4639/4918 5212/4640/4919
f 5177/4604/4884 5176/4603/4883 5212/4640/4919 5213/4641/4920
f 5178/4605/4885 5177/4604/4884 5213/4641/4920 5214/4642/4921
f 5179/4606/4886 5178/4605/4885 5214/4642/4921 5215/4643/4922
f 5180/4607/4887 5179/4606/4886 5215/4643/4922 5216/4644/4923
f 5181/4608/4888 5180/4607/4887 5216/4644/4923 5217/4645/4924
f 5182/4609/4889 5181/4608/4888 5217/4645/4924 5218/4646/4925
f 5183/4610/4890 5182/4609/4889 5218/4646/4925 5219/4647/4926
f 5184/4611/4891 5183/4610/4890 5219/4647/4926 5220/4648/4927
f 5185/4612/4892 5184/4611/4891 5220/4648/4927 5221/4649/4928
f 5186/4613/4893 5185/4612/4892 5221/4649/4928 5222/4650/4929
f 5187/4614/4894 5186/4613/4893 5222/4650/4929 5223/4651/4930
f 5188/4615/4895 5187/4614/4894 5223/4651/4930 5224/4652/4931
f 5153/4580/4860 5188/4615/4895 5224/4652/4931 5189/4617/4896
f 5190/4616/4897 5189/4617/4896 5225/4654/4932 5226/4653/4933
f 5191/4618/4898 5190/4616/4897 5226/4653/4933 5227/4655/4934
f 5192/4619/4899 5191/4618/4898 5227/4655/4934 5228/4656/4935
f 5193/4620/4900 5192/4619/4899 5228/4656/4935 5229/4657/4936
f 5194/4621/4901 5193/4620/4900 5229/4657/4936 5230/4658/4937
f 5195/4622/4902 5194/4621/4901 5230/4658/4937 5231/4659/4938
f 5196/4623/4903 5195/4622/4902 5231/4659/4938 5232/4660/4939
f 5197/4624/4904 5196/4623/4903 5232/4660/4939 5233/4661/4940
f 5198/4625/4905 5197/4624/4904 5233/4661/4940 5234/4662/4941
f 5199/4626/4906 5198/4625/4905 5234/4662/4941 5235/4663/4942
f 5200/4627/4907 5199/4626/4906 5235/4663/4942 5236/4664/4943
f 5201/4628/4908 5200/4627/4907 5236/4664/4943 5237/4665/4944
f 5202/4629/4909 5201/4628/4908 5237/4665/4944 5238/4666/4945
f 5203/4630/4910 5202/4629/4909 5238/4666/4945 5239/4667/4946
f 5204/4631/4911 5203/4630/4910 5239/4667/4946 5240/4668/4947
f 5205/4632/4912 5204/4631/4911 5240/4668/4947 5241/4669/4948
f 5206/4633/4913 5205/4632/4912 5241/4669/4948 5242/4670/4949
f 5207/4634/4914 5206/4633/4913 5242/4670/4949 5243/4671/4950
f 5208/4635/4915 5207/4636/4914 5243/4673/4950 5244/4672/4951
f 5209/4637/4916 5208/4635/4915 5244/4672/4951 5245/4674/4952
f 5210/4638/4917 5209/4637/4916 5245/4674/4952 5246/4675/4953
f 5211/4639/4918 5210/4638/4917 5246/4675/4953 5247/4676/4954
f 5212/4640/4919 5211/4639/4918 5247/4676/4954 5248/4677/4955
f 5213/4641/4920 5212/4640/4919 5248/4677/4955 5249/4678/4956
f 5214/4642/4921 5213/4641/4920 5249/4678/4956 5250/4679/4957
f 5215/4643/4922 5214/4642/4921 5250/4679/4957 5251/4680/4958
f 5216/4644/4923 5215/4643/4922 5251/4680/4958 5252/4681/4959
f 5217/4645/4924 5216/4644/4923 5252/4681/4959 5253/4682/4960
f 5218/4646/4925 5217/4645/4924 5253/4682/4960 5254/4683/4961
f 5219/4647/4926 5218/4646/4925 5254/4683/4961 5255/4684/4962
f 5220/4648/4927 5219/4647/4926 5255/4684/4962 5256/4685/4963
f 5221/4649/4928 5220/4648/4927 5256/4685/4963 5257/4686/4964
f 5222/4650/4929 5221/4649/4928 5257/4686/4964 5258/4687/4965
f 5223/4651/4930 5222/4650/4929 5258/4687/4965 5259/4688/4966
f 5224/4652/4931 5223/4651/4930 5259/4688/4966 5260/4689/4967
f 5189/4617/4896 5224/4652/4931 5260/4689/4967 5225/4654/4932
f 5226/4690/4933 5225/4693/4932 5261/4692/4968 5262/4691/4969
f 5227/4694/4934 5226/4690/4933 5262/4691/4969 5263/4695/4970
f 5228/4696/4935 5227/4694/4934 5263/4695/4970 5264/4697/4971
f 5229/4698/4936 5228/4696/4935 5264/4697/4971 5265/4699/4972
f 5230/4700/4937 5229/4698/4936 5265/4699/4972 5266/4701/4973
f 5231/4702/4938 5230/4700/4937 5266/4701/4973 5267/4703/4974
f 5232/4704/4939 5231/4702/4938 5267/4703/4974 5268/4705/4975
f 5233/4706/4940 5232/4704/4939 5268/4705/4975 5269/4707/4976
f 5234/4708/4941 5233/4706/4940 5269/4707/4976 5270/4709/4977
f 5235/4710/4942 5234/4708/4941 5270/4709/4977 5271/4711/4978
f 5236/4712/4943 5235/4710/4942 5271/4711/4978 5272/4713/4979
f 5237/4714/4944 5236/4712/4943 5272/4713/4979 5273/4715/4980
f 5238/4716/4945 5237/4714/4944 5273/4715/4980 5274/4717/4981
f 5239/4718/4946 5238/4716/4945 5274/4717/4981 5275/4719/4982
f 5240/4720/4947 5239/4718/4946 5275/4719/4982 5276/4721/4983
f 5241/4722/4948 5240/4720/4947 5276/4721/4983 5277/4723/4984
f 5242/4724/4949 5241/4722/4948 5277/4723/4984 5278/4725/4985
f 5243/4726/4950 5242/4724/4949 5278/4725/4985 5279/4727/4986
f 5244/4728/4951 5243/4726/4950 5279/4727/4986 5280/4729/4987
f 5245/4730/4952 5244/4728/4951 5280/4729/4987 5281/4731/4988
f 5246/4732/4953 5245/4730/4952 5281/4731/4988 5282/4733/4989
f 5247/4734/4954 5246/4732/4953 5282/4733/4989 5283/4735/4990
f 5248/4736/4955 5247/4734/4954 5283/4735/4990 5284/4737/4991
f 5249/4738/4956 5248/4736/4955 5284/4737/4991 5285/4739/4992
f 5250/4740/4957 5249/4738/4956 5285/4739/4992 5286/4741/4993
f 5251/4742/4958 5250/4740/4957 5286/4741/4993 5287/4743/4994
f 5252/4744/4959 5251/4742/4958 5287/4743/4994 5288/4745/4995
f 5253/4746/4960 5252/4744/4959 5288/4745/4995 5289/4747/4996
f 5254/4748/4961 5253/4746/4960 5289/4747/4996 5290/4749/4997
f 5255/4750/4962 5254/4748/4961 5290/4749/4997 5291/4751/4998
f 5256/4752/4963 5255/4750/4962 5291/4751/4998 5292/4753/4999
f 5257/4754/4964 5256/4752/4963 5292/4753/4999 5293/4755/5000
f 5258/4756/4965 5257/4754/4964 5293/4755/5000 5294/4757/5001
f 5259/4758/4966 5258/4756/4965 5294/4757/5001 5295/4759/5002
f 5260/4760/4967 5259/4758/4966 5295/4759/5002 5296/4761/5003
f 5225/4693/4932 5260/4760/4967 5296/4761/5003 5261/4692/4968
f 5262/4691/4969 5261/4692/4968 5297/4763/5004 5298/4762/5005
f 5263/4695/4970 5262/4691/4969 5298/4762/5005 5299/4764/5006
f 5264/4697/4971 5263/4695/4970 5299/4764/5006 5300/4765/5007
f 5265/4699/4972 5264/4697/4971 5300/4765/5007 5301/4766/5008
f 5266/4701/4973 5265/4699/4972 5301/4766/5008 5302/4767/5009
f 5267/4703/4974 5266/4701/4973 5302/4767/5009 5303/4768/5010
f 5268/4705/4975 5267/4703/4974 5303/4768/5010 5304/4769/5011
f 5269/4707/4976 5268/4705/4975 5304/4769/5011 5305/4770/5012
f 5270/4709/4977 5269/4707/4976 5305/4770/5012 5306/4771/5013
f 5271/4711/4978 5270/4709/4977 5306/4771/5013 5307/4772/5014
f 5272/4713/4979 5271/4711/4978 5307/4772/5014 5308/4773/5015
f 5273/4715/4980 5272/4713/4979 5308/4773/5015 5309/4774/5016
f 5274/4717/4981 5273/4715/4980 5309/4774/5016 5310/4775/5017
f 5275/4719/4982 5274/4717/4981 5310/4775/5017 5311/4776/5018
f 5276/4721/4983 5275/4719/4982 5311/4776/5018 5312/4777/5019
f 5277/4723/4984 5276/4721/4983 5312/4777/5019 5313/4778/5020
f 5278/4725/4985 5277/4723/4984 5313/4778/5020 5314/4779/5021
f 5279/4727/4986 5278/4725/4985 5314/4779/5021 5315/4780/5022
f 5280/4729/4987 5279/4727/4986 5315/4780/5022 5316/4781/5023
f 5281/4731/4988 5280/4729/4987 5316/4781/5023 5317/4782/5024
f 5282/4733/4989 5281/4731/4988 5317/4782/5024 5318/4783/5025
f 5283/4735/4990 5282/4733/4989 5318/4783/5025 5319/4784/5026
f 5284/4737/4991 5283/4735/4990 5319/4784/5026 5320/4785/5027
f 5285/4739/4992 5284/4737/4991 5320/4785/5027 5321/4786/5028
f 5286/4741/4993 5285/4739/4992 5321/4786/5028 5322/4787/5029
f 5287/4743/4994 5286/4741/4993 5322/4787/5029 5323/4788/5030
f 5288/4745/4995 5287/4743/4994 5323/4788/5030 5324/4789/5031
f 5289/4747/4996 5288/4745/4995 5324/4789/5031 5325/4790/5032
f 5290/4749/4997 5289/4747/4996 5325/4790/5032 5326/4791/5033
f 5291/4751/4998 5290/4749/4997 5326/4791/5033 5327/4792/5034
f 5292/4753/4999 5291/4751/4998 5327/4792/5034 5328/4793/5035
f 5293/4755/5000 5292/4753/4999 5328/4793/5035 5329/4794/5036
f 5294/4757/5001 5293/4755/5000 5329/4794/5036 5330/4795/5037
f 5295/4759/5002 5294/4757/5001 5330/4795/5037 5331/4796/5038
f 5296/4761/5003 5295/4759/5002 5331/4796/5038 5332/4797/5039
f 5261/4692/4968 5296/4761/5003 5332/4797/5039 5297/4763/5004
f 5298/4762/5005 5297/4763/5004 5333/4799/5040 5334/4798/5041
f 5299/4764/5006 5298/4762/5005 5334/4798/5041 5335/4800/5042
f 5300/4765/5007 5299/4764/5006 5335/4800/5042 5336/4801/5043
f 5301/4766/5008 5300/4765/5007 5336/4801/5043 5337/4802/5044
f 5302/4767/5009 5301/4766/5008 5337/4802/5044 5338/4803/5045
f 5303/4768/5010 5302/4767/5009 5338/4803/5045 5339/4804/5046
f 5304/4769/5011 5303/4768/5010 5339/4804/5046 5340/4805/5047
f 5305/4770/5012 5304/4769/5011 5340/4805/5047 5341/4806/5048
f 5306/4771/5013 5305/4770/5012 5341/4806/5048 5342/4807/5049
f 5307/4772/5014 5306/4771/5013 5342/4807/5049 5343/4808/5050
f 5308/4773/5015 5307/4772/5014 5343/4808/5050 5344/4809/5051
f 5309/4774/5016 5308/4773/5015 5344/4809/5051 5345/4810/5052
f 5310/4775/5017 5309/4774/5016 5345/4810/5052 5346/4811/5053
f 5311/4776/5018 5310/4775/5017 5346/4811/5053 5347/4812/5054
f 5312/4777/5019 5311/4776/5018 5347/4812/5054 5348/4813/5055
f 5313/4778/5020 5312/4777/5019 5348/4813/5055 5349/4814/5056
f 5314/4779/5021 5313/4778/5020 5349/4814/5056 5350/4815/5057
f 5315/4780/5022 5314/4779/5021 5350/4815/5057 5351/4816/5058
f 5316/4781/5023 5315/4780/5022 5351/4816/5058 5352/4817/5059
f 5317/4782/5024 5316/4781/5023 5352/4817/5059 5353/4818/5060
f 5318/4783/5025 5317/4782/5024 5353/4818/5060 5354/4819/5061
f 5319/4784/5026 5318/4783/5025 5354/4819/5061 5355/4820/5062
f 5320/4785/5027 5319/4784/5026 5355/4820/5062 5356/4821/5063
f 5321/4786/5028 5320/4785/5027 5356/4821/5063 5357/4822/5064
f 5322/4787/5029 5321/4786/5028 5357/4822/5064 5358/4823/5065
f 5323/4788/5030 5322/4787/5029 5358/4823/5065 5359/4824/5066
f 5324/4789/5031 5323/4788/5030 5359/4824/5066 5360/4825/5067
f 5325/4790/5032 5324/4789/5031 5360/4825/5067 5361/4826/5068
f 5326/4791/5033 5325/4790/5032 5361/4826/5068 5362/4827/5069
f 5327/4792/5034 5326/4791/5033 5362/4827/5069 5363/4828/5070
f 5328/4793/5035 5327/4792/5034 5363/4828/5070 5364/4829/5071
f 5329/4794/5036 5328/4793/5035 5364/4829/5071 5365/4830/5072
f 5330/4795/5037 5329/4794/5036 5365/4830/5072 5366/4831/5073
f 5331/4796/5038 5330/4795/5037 5366/4831/5073 5367/4832/5074
f 5332/4797/5039 5331/4796/5038 5367/4832/5074 5368/4833/5075
f 5297/4763/5004 5332/4797/5039 5368/4833/5075 5333/4799/5040
f 5334/4798/5041 5333/4799/5040 5369/4835/5076 5370/4834/5077
f 5335/4800/5042 5334/4798/5041 5370/4834/5077 5371/4836/5078
f 5336/4801/5043 5335/4800/5042 5371/4836/5078 5372/4837/5079
f 5337/4802/5044 5336/4801/5043 5372/4837/5079 5373/4838/5080
f 5338/4803/5045 5337/4802/5044 5373/4838/5080 5374/4839/5081
f 5339/4804/5046 5338/4803/5045 5374/4839/5081 5375/4840/5082
f 5340/4805/5047 5339/4804/5046 5375/4840/5082 5376/4841/5083
f 5341/4806/5048 5340/4805/5047 5376/4841/5083 5377/4842/5084
f 5342/4807/5049 5341/4806/5048 5377/4842/5084 5378/4843/5085
f 5343/4808/5050 5342/4807/5049 5378/4843/5085 5379/4844/5086
f 5344/4809/5051 5343/4808/5050 5379/4844/5086 5380/4845/5087
f 5345/4810/5052 5344/4809/5051 5380/4845/5087 5381/4846/5088
f 5346/4811/5053 5345/4810/5052 5381/4846/5088 5382/4847/5089
f 5347/4812/5054 5346/4811/5053 5382/4847/5089 5383/4848/5090
f 5348/4813/5055 5347/4812/5054 5383/4848/5090 5384/4849/5091
f 5349/4814/5056 5348/4813/5055 5384/4849/5091 5385/4850/5092
f 5350/4815/5057 5349/4814/5056 5385/4850/5092 5386/4851/5093
f 5351/4816/5058 5350/4815/5057 5386/4851/5093 5387/4852/5094
f 5352/4817/5059 5351/4816/5058 5387/4852/5094 5388/4853/5095
f 5353/4818/5060 5352/4817/5059 5388/4853/5095 5389/4854/5096
f 5354/4819/5061 5353/4818/5060 5389/4854/5096 5390/4855/5097
f 5355/4820/5062 5354/4819/5061 5390/4855/5097 5391/4856/5098
f 5356/4821/5063 5355/4820/5062 5391/4856/5098 5392/4857/5099
f 5357/4822/5064 5356/4821/5063 5392/4857/5099 5393/4858/5100
f 5358/4823/5065 5357/4822/5064 5393/4858/5100 5394/4859/5101
f 5359/4824/5066 5358/4823/5065 5394/4859/5101 5395/4860/5102
f 5360/4825/5067 5359/4824/5066 5395/4860/5102 5396/4861/5103
f 5361/4826/5068 5360/4825/5067 5396/4861/5103 5397/4862/5104
f 5362/4827/5069 5361/4826/5068 5397/4862/5104 5398/4863/5105
f 5363/4828/5070 5362/4827/5069 5398/4863/5105 5399/4864/5106
f 5364/4829/5071 5363/4828/5070 5399/4864/5106 5400/4865/5107
f 5365/4830/5072 5364/4829/5071 5400/4865/5107 5401/4866/5108
f 5366/4831/5073 5365/4830/5072 5401/4866/5108 5402/4867/5109
f 5367/4832/5074 5366/4831/5073 5402/4867/5109 5403/4868/5110
f 5368/4833/5075 5367/4832/5074 5403/4868/5110 5404/4869/5111
f 5333/4799/5040 5368/4833/5075 5404/4869/5111 5369/4835/5076
f 5370/4834/5077 5369/4835/5076 5405/4871/5112 5406/4870/5113
f 5371/4836/5078 5370/4834/5077 5406/4870/5113 5407/4872/5114
f 5372/4837/5079 5371/4836/5078 5407/4872/5114 5408/4873/5115
f 5373/4838/5080 5372/4837/5079 5408/4873/5115 5409/4874/5116
f 5374/4839/5081 5373/4838/5080 5409/4874/5116 5410/4875/5117
f 5375/4840/5082 5374/4839/5081 5410/4875/5117 5411/4876/5118
f 5376/4841/5083 5375/4840/5082 5411/4876/5118 5412/4877/5119
f 5377/4842/5084 5376/4841/5083 5412/4877/5119 5413/4878/5120
f 5378/4843/5085 5377/4842/5084 5413/4878/5120 5414/4879/5121
f 5379/4844/5086 5378/4843/5085 5414/4879/5121 5415/4880/5122
f 5380/4845/5087 5379/4844/5086 5415/4880/5122 5416/4881/5123
f 5381/4846/5088 5380/4845/5087 5416/4881/5123 5417/4882/5124
f 5382/4847/5089 5381/4846/5088 5417/4882/5124 5418/4883/5125
f 5383/4848/5090 5382/4847/5089 5418/4883/5125 5419/4884/5126
f 5384/4849/5091 5383/4848/5090 5419/4884/5126 5420/4885/5127
f 5385/4850/5092 5384/4849/5091 5420/4885/5127 5421/4886/5128
f 5386/4851/5093 5385/4850/5092 5421/4886/5128 5422/4887/5129
f 5387/4852/5094 5386/4851/5093 5422/4887/5129 5423/4888/5130
f 5388/4853/5095 5387/4852/5094 5423/4888/5130 5424/4889/5131
f 5389/4854/5096 5388/4853/5095 5424/4889/5131 5425/4890/5132
f 5390/4855/5097 5389/4854/5096 5425/4890/5132 5426/4891/5133
f 5391/4856/5098 5390/4855/5097 5426/4891/5133 5427/4892/5134
f 5392/4857/5099 5391/4856/5098 5427/4892/5134 5428/4893/5135
f 5393/4858/5100 5392/4857/5099 5428/4893/5135 5429/4894/5136
f 5394/4859/5101 5393/4858/5100 5429/4894/5136 5430/4895/5137
f 5395/4860/5102 5394/4859/5101 5430/4895/5137 5431/4896/5138
f 5396/4861/5103 5395/4860/5102 5431/4896/5138 5432/4897/5139
f 5397/4862/5104 5396/4861/5103 5432/4897/5139 5433/4898/5140
f 5398/4863/5105 5397/4862/5104 5433/4898/5140 5434/4899/5141
f 5399/4864/5106 5398/4863/5105 5434/4899/5141 5435/4900/5142
f 5400/4865/5107 5399/4864/5106 5435/4900/5142 5436/4901/5143
f 5401/4866/5108 5400/4865/5107 5436/4901/5143 5437/4902/5144
f 5402/4867/5109 5401/4866/5108 5437/4902/5144 5438/4903/5145
f 5403/4868/5110 5402/4867/5109 5438/4903/5145 5439/4904/5146
f 5404/4869/5111 5403/4868/5110 5439/4904/5146 5440/4905/5147
f 5369/4835/5076 5404/4869/5111 5440/4905/5147 5405/4871/5112
f 5406/4870/5113 5405/4871/5112 5441/4907/5148 5442/4906/5149
f 5407/4872/5114 5406/4870/5113 5442/4906/5149 5443/4908/5150
f 5408/4873/5115 5407/4872/5114 5443/4908/5150 5444/4909/5151
f 5409/4874/5116 5408/4873/5115 5444/4909/5151 5445/4910/5152
f 5410/4875/5117 5409/4874/5116 5445/4910/5152 5446/4911/5153
f 5411/4876/5118 5410/4875/5117 5446/4911/5153 5447/4912/5154
f 5412/4877/5119 5411/4876/5118 5447/4912/5154 5448/4913/5155
f 5413/4878/5120 5412/4877/5119 5448/4913/5155 5449/4914/5156
f 5414/4879/5121 5413/4878/5120 5449/4914/5156 5450/4915/5157
f 5415/4880/5122 5414/4879/5121 5450/4915/5157 5451/4916/5158
f 5416/4881/5123 5415/4880/5122 5451/4916/5158 5452/4917/5159
f 5417/4882/5124 5416/4881/5123 5452/4917/5159 5453/4918/5160
f 5418/4883/5125 5417/4882/5124 5453/4918/5160 5454/4919/5161
f 5419/4884/5126 5418/4883/5125 5454/4919/5161 5455/4920/5162
f 5420/4885/5127 5419/4884/5126 5455/4920/5162 5456/4921/5163
f 5421/4886/5128 5420/4885/5127 5456/4921/5163 5457/4922/5164
f 5422/4887/5129 5421/4886/5128 5457/4922/5164 5458/4923/5165
f 5423/4888/5130 5422/4887/5129 5458/4923/5165 5459/4924/5166
f 5424/4889/5131 5423/4888/5130 5459/4924/5166 5460/4925/5167
f 5425/4890/5132 5424/4889/5131 5460/4925/5167 5461/4926/5168
f 5426/4891/5133 5425/4890/5132 5461/4926/5168 5462/4927/5169
f 5427/4892/5134 5426/4891/5133 5462/4927/5169 5463/4928/5170
f 5428/4893/5135 5427/4892/5134 5463/4928/5170 5464/4929/5171
f 5429/4894/5136 5428/4893/5135 5464/4929/5171 5465/4930/5172
f 5430/4895/5137 5429/4894/5136 5465/4930/5172 5466/4931/5173
f 5431/4896/5138 5430/4895/5137 5466/4931/5173 5467/4932/5174
f 5432/4897/5139 5431/4896/5138 5467/4932/5174 5468/4933/5175
f 5433/4898/5140 5432/4897/5139 5468/4933/5175 5469/4934/5176
f 5434/4899/5141 5433/4898/5140 5469/4934/5176 5470/4935/5177
f 5435/4900/5142 5434/4899/5141 5470/4935/5177 5471/4936/5178
f 5436/4901/5143 5435/4900/5142 5471/4936/5178 5472/4937/5179
f 5437/4902/5144 5436/4901/5143 5472/4937/5179 5473/4938/5180
f 5438/4903/5145 5437/4902/5144 5473/4938/5180 5474/4939/5181
f 5439/4904/5146 5438/4903/5145 5474/4939/5181 5475/4940/5182
f 5440/4905/5147 5439/4904/5146 5475/4940/5182 5476/4941/5183
f 5405/4871/5112 5440/4905/5147 5476/4941/5183 5441/4907/5148
f 5441/4907/5148 5477/4942/4030 5442/4906/5149
f 5442/4906/5149 5477/4942/4030 5443/4908/5150
f 5443/4908/5150 5477/4942/4030 5444/4909/5151
f 5444/4909/5151 5477/4942/4030 5445/4910/5152
f 5445/4910/5152 5477/4942/4030 5446/4911/5153
f 5446/4911/5153 5477/4942/4030 5447/4912/5154
f 5447/4912/5154 5477/4942/4030 5448/4913/5155
f 5448/4913/5155 5477/4942/4030 5449/4914/5156
f 5449/4914/5156 5477/4942/4030 5450/4915/5157
f 5450/4915/5157 5477/4942/4030 5451/4916/5158
f 5451/4916/5158 5477/4942/4030 5452/4917/5159
f 5452/4917/5159 5477/4942/4030 5453/4918/5160
f 5453/4918/5160 5477/4942/4030 5454/4919/5161
f 5454/4919/5161 5477/4942/4030 5455/4920/5162
f 5455/4920/5162 5477/4942/4030 5456/4921/5163
f 5456/4921/5163 5477/4942/4030 5457/4922/5164
f 5457/4922/5164 5477/4942/4030 5458/4923/5165
f 5458/4923/5165 5477/4942/4030 5459/4924/5166
f 5459/4924/5166 5477/4942/4030 5460/4925/5167
f 5460/4925/5167 5477/4942/4030 5461/4926/5168
f 5461/4926/5168 5477/4942/4030 5462/4927/5169
f 5462/4927/5169 5477/4942/4030 5463/4928/5170
f 5463/4928/5170 5477/4942/4030 5464/4929/5171
f 5464/4929/5171 5477/4942/4030 5465/4930/5172
f 5465/4930/5172 5477/4942/4030 5466/4931/5173
f 5466/4931/5173 5477/4942/4030 5467/4932/5174
f 5467/4932/5174 5477/4942/4030 5468/4933/5175
f 5468/4933/5175 5477/4942/4030 5469/4934/5176
f 5469/4934/5176 5477/4942/4030 5470/4935/5177
f 5470/4935/5177 5477/4942/4030 5471/4936/5178
f 5471/4936/5178 5477/4942/4030 5472/4937/5179
f 5472/4937/5179 5477/4942/4030 5473/4938/5180
f 5473/4938/5180 5477/4942/4030 5474/4939/5181
f 5474/4939/5181 5477/4942/4030 5475/4940/5182
f 5475/4940/5182 5477/4942/4030 5476/4941/5183
f 5476/4941/5183 5477/4942/4030 5441/4907/5148
o LowTire001
v 195.561874 36.099564 60.374870
v 195.561874 36.099567 79.246101
v 196.045578 30.712265 79.246101
v 196.045578 30.712263 60.374870
v 194.167435 41.171692 60.374870
v 194.167435 41.171696 79.246101
v 191.947372 45.843552 60.374870
v 191.947372 45.843555 79.246101
v 188.986725 50.030087 60.374870
v 188.986725 50.030090 79.246117
v 185.370605 53.646202 60.374870
v 185.370605 53.646206 79.246109
v 181.184082 56.606846 60.374870
v 181.184082 56.606850 79.246109
v 176.512207 58.826904 60.374870
v 176.512207 58.826908 79.246109
v 171.440094 60.221344 60.374870
v 171.440094 60.221348 79.246109
v 166.052780 60.705051 60.374870
v 166.052780 60.705055 79.246109
v 160.665482 60.221344 60.374870
v 160.665482 60.221348 79.246109
v 155.593384 58.826916 60.374870
v 155.593384 58.826908 79.246109
v 150.921494 56.606846 60.374870
v 150.921494 56.606838 79.246109
v 146.734985 53.646202 60.374870
v 146.734985 53.646206 79.246109
v 143.118790 50.030087 60.374870
v 143.118790 50.030090 79.246117
v 140.158188 45.843552 60.374870
v 140.158188 45.843555 79.246101
v 137.938095 41.171684 60.374870
v 137.938095 41.171688 79.246101
v 136.543686 36.099564 60.374870
v 136.543686 36.099567 79.246101
v 136.059982 30.712263 60.374870
v 136.059982 30.712265 79.246101
v 136.543686 25.324953 60.374870
v 136.543686 25.324955 79.246101
v 137.938095 20.252834 60.374874
v 137.938095 20.252836 79.246101
v 140.158188 15.580965 60.374859
v 140.158188 15.580966 79.246101
v 143.118790 11.394435 60.374859
v 143.118790 11.394436 79.246086
v 146.734985 7.778315 60.374859
v 146.734985 7.778316 79.246086
v 150.921494 4.817685 60.374859
v 150.921494 4.817686 79.246086
v 155.593384 2.597615 60.374859
v 155.593384 2.597616 79.246086
v 160.665482 1.203185 60.374859
v 160.665482 1.203176 79.246086
v 166.052780 0.719465 60.374859
v 166.052780 0.719466 79.246086
v 171.440094 1.203175 60.374859
v 171.440094 1.203176 79.246086
v 176.512222 2.597615 60.374859
v 176.512222 2.597606 79.246086
v 181.184082 4.817685 60.374859
v 181.184082 4.817686 79.246086
v 185.370605 7.778315 60.374859
v 185.370605 7.778316 79.246086
v 188.986725 11.394444 60.374859
v 188.986725 11.394445 79.246086
v 191.947372 15.580975 60.374859
v 191.947372 15.580966 79.246101
v 194.167435 20.252834 60.374874
v 194.167435 20.252836 79.246101
v 195.561874 25.324953 60.374870
v 195.561874 25.324955 79.246101
v 193.942856 35.803997 80.978142
v 194.400024 30.712265 80.978142
v 192.624924 40.597839 80.978142
v 190.526657 45.013378 80.978142
v 187.728470 48.970219 80.978142
v 184.310730 52.387936 80.978134
v 180.353912 55.186142 80.978134
v 175.938354 57.284397 80.978134
v 171.144516 58.602329 80.978134
v 166.052780 59.059505 80.978134
v 160.961060 58.602329 80.978134
v 156.167191 57.284397 80.978134
v 151.751694 55.186131 80.978134
v 147.794785 52.387936 80.978134
v 144.377090 48.970207 80.978142
v 141.578888 45.013378 80.978142
v 139.480698 40.597828 80.978142
v 138.162689 35.803997 80.978142
v 137.705597 30.712265 80.978142
v 138.162689 25.620535 80.978134
v 139.480698 20.826687 80.978134
v 141.578888 16.411146 80.978134
v 144.377090 12.454316 80.978134
v 147.794785 9.036595 80.978134
v 151.751694 6.238396 80.978134
v 156.167191 4.140126 80.978134
v 160.961060 2.822196 80.978134
v 166.052780 2.365026 80.978134
v 171.144516 2.822196 80.978134
v 175.938354 4.140126 80.978134
v 180.353912 6.238396 80.978134
v 184.310745 9.036586 80.978134
v 187.728470 12.454316 80.978134
v 190.526657 16.411156 80.978134
v 192.624924 20.826696 80.978134
v 193.942856 25.620535 80.978134
v 191.939240 35.438206 81.247231
v 192.363571 30.712265 81.247231
v 190.715988 39.887657 81.247231
v 188.768463 43.985989 81.247231
v 186.171295 47.658569 81.247231
v 182.999100 50.830769 81.247223
v 179.326523 53.427952 81.247238
v 175.228180 55.375465 81.247238
v 170.778732 56.598721 81.247238
v 166.052780 57.023048 81.247238
v 161.326859 56.598721 81.247238
v 156.877396 55.375465 81.247238
v 152.779099 53.427937 81.247238
v 149.106491 50.830769 81.247223
v 145.934296 47.658569 81.247231
v 143.337082 43.985989 81.247231
v 141.389587 39.887657 81.247231
v 140.166382 35.438206 81.247231
v 139.741989 30.712265 81.247231
v 140.166382 25.986317 81.247231
v 141.389587 21.536867 81.247231
v 143.337082 17.438536 81.247231
v 145.934296 13.765956 81.247231
v 149.106491 10.593766 81.247231
v 152.779099 7.996586 81.247223
v 156.877396 6.049057 81.247223
v 161.326859 4.825806 81.247223
v 166.052780 4.401476 81.247223
v 170.778732 4.825806 81.247223
v 175.228180 6.049057 81.247223
v 179.326523 7.996596 81.247223
v 182.999100 10.593756 81.247231
v 186.171295 13.765956 81.247231
v 188.768478 17.438536 81.247231
v 190.715988 21.536867 81.247231
v 191.939240 25.986324 81.247231
v 187.603790 34.646709 81.244957
v 187.957062 30.712265 81.244957
v 186.585403 38.350971 81.244957
v 184.964035 41.762909 81.244957
v 182.801865 44.820408 81.244957
v 180.160934 47.461327 81.244957
v 177.103439 49.623528 81.244957
v 173.691483 51.244881 81.244949
v 169.987228 52.263271 81.244949
v 166.052780 52.616531 81.244949
v 162.118332 52.263271 81.244949
v 158.414093 51.244881 81.244949
v 155.002090 49.623528 81.244957
v 151.944595 47.461327 81.244957
v 149.303696 44.820408 81.244957
v 147.141495 41.762909 81.244957
v 145.520187 38.350971 81.244957
v 144.501785 34.646709 81.244957
v 144.148483 30.712265 81.244957
v 144.501785 26.777817 81.244957
v 145.520187 23.073557 81.244957
v 147.141495 19.661617 81.244957
v 149.303696 16.604116 81.244957
v 151.944595 13.963206 81.244957
v 155.002090 11.800996 81.244957
v 158.414093 10.179646 81.244957
v 162.118332 9.161266 81.244957
v 166.052780 8.808006 81.244957
v 169.987228 9.161266 81.244957
v 173.691483 10.179646 81.244957
v 177.103439 11.801006 81.244957
v 180.160934 13.963206 81.244957
v 182.801865 16.604116 81.244957
v 184.964050 19.661617 81.244957
v 186.585403 23.073566 81.244957
v 187.603790 26.777817 81.244957
v 186.636154 34.470051 80.393578
v 186.973557 30.712265 80.393578
v 185.663498 38.007999 80.393578
v 184.114929 41.266739 80.393578
v 182.049820 44.186958 80.393578
v 179.527466 46.709297 80.393578
v 176.607254 48.774418 80.393578
v 173.348511 50.322971 80.393578
v 169.810577 51.295628 80.393570
v 166.052780 51.633030 80.393570
v 162.294998 51.295628 80.393570
v 158.757065 50.322979 80.393578
v 155.498291 48.774406 80.393578
v 152.578094 46.709297 80.393578
v 150.055786 44.186958 80.393578
v 147.990585 41.266739 80.393578
v 146.442093 38.007988 80.393578
v 145.469391 34.470051 80.393578
v 145.131989 30.712265 80.393578
v 145.469391 26.954477 80.393578
v 146.442093 23.416536 80.393578
v 147.990585 20.157787 80.393578
v 150.055786 17.237576 80.393578
v 152.578094 14.715236 80.393578
v 155.498291 12.650116 80.393578
v 158.757065 11.101556 80.393578
v 162.294998 10.128906 80.393578
v 166.052780 9.791496 80.393578
v 169.810577 10.128896 80.393578
v 173.348511 11.101556 80.393578
v 176.607254 12.650116 80.393578
v 179.527481 14.715236 80.393578
v 182.049805 17.237576 80.393578
v 184.114944 20.157787 80.393578
v 185.663498 23.416536 80.393578
v 186.636154 26.954477 80.393578
v 185.157455 34.200096 80.391281
v 185.470612 30.712265 80.391281
v 184.254669 37.483868 80.391281
v 182.817352 40.508518 80.391281
v 180.900604 43.218937 80.391281
v 178.559464 45.560066 80.391281
v 175.849030 47.476841 80.391281
v 172.824387 48.914146 80.391281
v 169.540604 49.816929 80.391281
v 166.052780 50.130089 80.391281
v 162.564972 49.816929 80.391281
v 159.281174 48.914146 80.391281
v 156.256500 47.476841 80.391281
v 153.546097 45.560078 80.391281
v 151.205002 43.218937 80.391281
v 149.288193 40.508507 80.391281
v 147.850891 37.483868 80.391281
v 146.948090 34.200089 80.391281
v 146.634995 30.712265 80.391281
v 146.948090 27.224436 80.391273
v 147.850891 23.940655 80.391273
v 149.288193 20.916016 80.391273
v 151.205002 18.205585 80.391273
v 153.546097 15.864456 80.391273
v 156.256500 13.947686 80.391273
v 159.281174 12.510376 80.391273
v 162.564972 11.607606 80.391273
v 166.052780 11.294436 80.391273
v 169.540604 11.607595 80.391273
v 172.824387 12.510376 80.391273
v 175.849030 13.947696 80.391273
v 178.559464 15.864456 80.391273
v 180.900589 18.205585 80.391273
v 182.817368 20.916016 80.391273
v 184.254669 23.940666 80.391273
v 185.157455 27.224436 80.391273
v 184.974380 34.166668 79.232941
v 185.284546 30.712265 79.232941
v 184.080246 37.418987 79.232941
v 182.656723 40.414639 79.232941
v 180.758331 43.099098 79.232941
v 178.439606 45.417797 79.232941
v 175.755157 47.316196 79.232941
v 172.759506 48.739727 79.232941
v 169.507187 49.633858 79.232941
v 166.052780 49.944027 79.232941
v 162.598373 49.633869 79.232941
v 159.346069 48.739727 79.232941
v 156.350388 47.316189 79.232941
v 153.666000 45.417797 79.232941
v 151.347290 43.099098 79.232941
v 149.448898 40.414639 79.232941
v 148.025299 37.418980 79.232941
v 147.131195 34.166668 79.232941
v 146.820984 30.712265 79.232941
v 147.131195 27.257854 79.232933
v 148.025299 24.005547 79.232933
v 149.448898 21.009886 79.232933
v 151.347290 18.325426 79.232933
v 153.666000 16.006725 79.232933
v 156.350388 14.108335 79.232933
v 159.346069 12.684796 79.232933
v 162.598373 11.790666 79.232933
v 166.052780 11.480506 79.232933
v 169.507187 11.790666 79.232933
v 172.759506 12.684796 79.232933
v 175.755157 14.108335 79.232933
v 178.439621 16.006725 79.232933
v 180.758331 18.325426 79.232933
v 182.656723 21.009886 79.232933
v 184.080246 24.005547 79.232933
v 184.974380 27.257854 79.232933
v 171.944916 31.787954 79.232941
v 172.041489 30.712265 79.232941
v 171.666489 32.800720 79.232941
v 171.223190 33.733547 79.232941
v 170.632034 34.569489 79.232941
v 169.910019 35.291519 79.232941
v 169.074081 35.882679 79.232941
v 168.141235 36.325958 79.232941
v 167.128479 36.604389 79.232941
v 166.052780 36.700970 79.232941
v 164.977097 36.604389 79.232941
v 163.964340 36.325958 79.232941
v 163.031494 35.882679 79.232941
v 162.195557 35.291519 79.232941
v 161.473541 34.569489 79.232941
v 160.882370 33.733547 79.232941
v 160.439087 32.800709 79.232941
v 160.160660 31.787954 79.232941
v 160.064087 30.712265 79.232941
v 160.160660 29.636566 79.232941
v 160.439087 28.623816 79.232941
v 160.882370 27.690975 79.232941
v 161.473541 26.855047 79.232941
v 162.195557 26.133005 79.232941
v 163.031494 25.541857 79.232941
v 163.964340 25.098566 79.232941
v 164.977097 24.820135 79.232941
v 166.052780 24.723557 79.232941
v 167.128479 24.820135 79.232941
v 168.141235 25.098566 79.232941
v 169.074081 25.541857 79.232941
v 169.910019 26.133005 79.232941
v 170.632034 26.855047 79.232941
v 171.223190 27.690975 79.232941
v 171.666489 28.623816 79.232941
v 171.944916 29.636576 79.232941
v 170.300888 31.487818 79.457695
v 170.370529 30.712265 79.457695
v 170.100143 32.217999 79.457695
v 169.780548 32.890556 79.457695
v 169.354355 33.493248 79.457695
v 168.833771 34.013817 79.457695
v 168.231079 34.440029 79.457695
v 167.558517 34.759628 79.457695
v 166.828354 34.960369 79.457695
v 166.052780 35.030006 79.457695
v 165.277222 34.960369 79.457695
v 164.547043 34.759628 79.457695
v 163.874496 34.440029 79.457695
v 163.271805 34.013817 79.457695
v 162.751221 33.493248 79.457695
v 162.325027 32.890556 79.457695
v 162.005417 32.217999 79.457695
v 161.804672 31.487818 79.457695
v 161.735031 30.712265 79.457695
v 161.804672 29.936707 79.457695
v 162.005417 29.206524 79.457695
v 162.325027 28.533976 79.457695
v 162.751221 27.931278 79.457695
v 163.271805 27.410706 79.457695
v 163.874496 26.984497 79.457695
v 164.547043 26.664896 79.457695
v 165.277222 26.464157 79.457695
v 166.052780 26.394526 79.457695
v 166.828354 26.464157 79.457695
v 167.558517 26.664896 79.457695
v 168.231079 26.984497 79.457695
v 168.833771 27.410706 79.457695
v 169.354355 27.931278 79.457695
v 169.780548 28.533976 79.457695
v 170.100143 29.206524 79.457695
v 170.300888 29.936707 79.457695
v 166.052780 30.712265 79.457703
v 195.758179 30.712263 59.181038
v 195.279099 36.047943 59.181038
v 195.279099 25.376583 59.181038
v 193.898026 20.353064 59.181042
v 191.699219 15.725965 59.181042
v 188.766968 11.579556 59.181030
v 185.185501 7.998074 59.181030
v 181.039093 5.065825 59.181030
v 176.411987 2.867014 59.181030
v 171.388474 1.485944 59.181030
v 166.052780 1.006874 59.181030
v 160.717087 1.485954 59.181030
v 155.693588 2.867025 59.181030
v 151.066498 5.065814 59.181030
v 146.920090 7.998074 59.181030
v 143.338593 11.579545 59.181030
v 140.406296 15.725965 59.181042
v 138.207489 20.353054 59.181042
v 136.826492 25.376574 59.181038
v 136.347397 30.712263 59.181038
v 136.826492 36.047943 59.181038
v 138.207596 41.071465 59.181038
v 140.406296 45.698555 59.181038
v 143.338593 49.844975 59.181038
v 146.920090 53.426456 59.181038
v 151.066498 56.358704 59.181038
v 155.693588 58.557510 59.181038
v 160.717087 59.938583 59.181038
v 166.052780 60.417664 59.181038
v 171.388474 59.938572 59.181038
v 176.411972 58.557510 59.181038
v 181.039093 56.358727 59.181038
v 185.185486 53.426445 59.181038
v 188.766968 49.844986 59.181038
v 191.699219 45.698563 59.181038
v 193.898056 41.071465 59.181038
v 195.194290 30.712263 58.576675
v 194.724319 35.946667 58.576675
v 194.724319 25.477863 58.576675
v 193.369446 20.549704 58.576679
v 191.212402 16.010445 58.576679
v 188.335800 11.942745 58.576679
v 184.822311 8.429255 58.576679
v 180.754593 5.552664 58.576679
v 176.215332 3.395594 58.576679
v 171.287186 2.040745 58.576679
v 166.052780 1.570764 58.576679
v 160.818390 2.040745 58.576679
v 155.890182 3.395594 58.576679
v 151.350998 5.552654 58.576679
v 147.283295 8.429255 58.576679
v 143.769791 11.942735 58.576679
v 140.893188 16.010445 58.576679
v 138.736084 20.549704 58.576679
v 137.381287 25.477863 58.576675
v 136.911301 30.712263 58.576675
v 137.381287 35.946655 58.576675
v 138.736084 40.874817 58.576675
v 140.893188 45.414074 58.576675
v 143.769791 49.481785 58.576675
v 147.283295 52.995274 58.576675
v 151.350998 55.871868 58.576675
v 155.890182 58.028934 58.576675
v 160.818390 59.383793 58.576675
v 166.052780 59.853775 58.576675
v 171.287186 59.383789 58.576675
v 176.215332 58.028934 58.576675
v 180.754593 55.871887 58.576675
v 184.822296 52.995262 58.576675
v 188.335800 49.481785 58.576675
v 191.212387 45.414085 58.576675
v 193.369446 40.874825 58.576675
v 193.849609 30.712263 58.257717
v 193.401321 35.705124 58.257717
v 193.401321 25.719395 58.257717
v 192.108994 21.018633 58.257721
v 190.051468 16.688824 58.257710
v 187.307602 12.808825 58.257710
v 183.956223 9.457455 58.257710
v 180.076218 6.713594 58.257710
v 175.746414 4.656065 58.257710
v 171.045654 3.363724 58.257710
v 166.052780 2.915434 58.257710
v 161.059921 3.363734 58.257710
v 156.359177 4.656065 58.257710
v 152.029388 6.713594 58.257710
v 148.149292 9.457455 58.257710
v 144.797989 12.808815 58.257710
v 142.054092 16.688824 58.257710
v 139.996582 21.018633 58.257721
v 138.704285 25.719395 58.257717
v 138.255997 30.712263 58.257717
v 138.704285 35.705124 58.257717
v 139.996582 40.405884 58.257717
v 142.054092 44.735695 58.257717
v 144.797989 48.615707 58.257717
v 148.149292 51.967075 58.257725
v 152.029388 54.710938 58.257725
v 156.359177 56.768463 58.257725
v 161.059921 58.060802 58.257725
v 166.052780 58.509094 58.257725
v 171.045654 58.060802 58.257725
v 175.746414 56.768463 58.257725
v 180.076218 54.710941 58.257725
v 183.956223 51.967075 58.257725
v 187.307602 48.615707 58.257717
v 190.051437 44.735695 58.257717
v 192.108994 40.405895 58.257717
v 187.278229 30.712263 58.257717
v 186.935913 34.524776 58.257717
v 186.935898 26.899754 58.257717
v 185.949097 23.310284 58.257721
v 184.377975 20.004084 58.257721
v 182.282776 17.041346 58.257710
v 179.723709 14.482265 58.257710
v 176.760971 12.387074 58.257710
v 173.454758 10.815965 58.257710
v 169.865295 9.829144 58.257710
v 166.052780 9.486825 58.257710
v 162.240265 9.829144 58.257710
v 158.650803 10.815965 58.257710
v 155.344589 12.387074 58.257710
v 152.381882 14.482265 58.257710
v 149.822800 17.041334 58.257710
v 147.727585 20.004084 58.257721
v 146.156479 23.310284 58.257721
v 145.169693 26.899744 58.257717
v 144.827393 30.712263 58.257717
v 145.169693 34.524776 58.257717
v 146.156479 38.114235 58.257717
v 147.727585 41.420444 58.257717
v 149.822800 44.383183 58.257717
v 152.381882 46.942265 58.257717
v 155.344589 49.037457 58.257717
v 158.650803 50.608566 58.257717
v 162.240265 51.595398 58.257717
v 166.052780 51.937706 58.257725
v 169.865295 51.595383 58.257717
v 173.454758 50.608566 58.257717
v 176.760971 49.037457 58.257717
v 179.723709 46.942265 58.257717
v 182.282776 44.383183 58.257717
v 184.377975 41.420444 58.257717
v 185.949097 38.114235 58.257717
v 186.882812 30.712263 58.937576
v 186.546875 34.453754 58.937588
v 186.546875 26.970774 58.937576
v 185.578445 23.448183 58.937580
v 184.036606 20.203564 58.937580
v 181.980423 17.296015 58.937580
v 179.469040 14.784615 58.937580
v 176.561478 12.728455 58.937580
v 173.316879 11.186615 58.937580
v 169.794281 10.218175 58.937580
v 166.052780 9.882236 58.937580
v 162.311310 10.218175 58.937580
v 158.788696 11.186615 58.937580
v 155.544098 12.728455 58.937580
v 152.636581 14.784615 58.937580
v 150.125183 17.296015 58.937580
v 148.068985 20.203564 58.937580
v 146.527084 23.448175 58.937580
v 145.558701 26.970774 58.937576
v 145.222794 30.712263 58.937576
v 145.558701 34.453747 58.937588
v 146.527084 37.976345 58.937588
v 148.068985 41.220963 58.937588
v 150.125183 44.128513 58.937588
v 152.636581 46.639915 58.937588
v 155.544098 48.696075 58.937588
v 158.788696 50.237926 58.937588
v 162.311279 51.206352 58.937588
v 166.052780 51.542297 58.937588
v 169.794266 51.206352 58.937588
v 173.316879 50.237926 58.937588
v 176.561478 48.696083 58.937588
v 179.469040 46.639915 58.937588
v 181.980423 44.128513 58.937588
v 184.036606 41.220963 58.937588
v 185.578445 37.976345 58.937588
v 185.561600 30.712263 58.999100
v 185.246948 34.216434 58.999100
v 185.246948 27.208094 58.999100
v 184.339951 23.908934 58.999104
v 182.895905 20.870125 58.999104
v 180.970169 18.146994 58.999104
v 178.618073 15.794895 58.999104
v 175.894928 13.869155 58.999092
v 172.856110 12.425105 58.999092
v 169.556946 11.518095 58.999092
v 166.052780 11.203465 58.999092
v 162.548630 11.518105 58.999092
v 159.249466 12.425105 58.999092
v 156.210693 13.869155 58.999092
v 153.487488 15.794895 58.999104
v 151.135391 18.146994 58.999104
v 149.209702 20.870125 58.999104
v 147.765594 23.908934 58.999104
v 146.858597 27.208094 58.999100
v 146.543991 30.712263 58.999100
v 146.858597 34.216427 58.999100
v 147.765594 37.515594 58.999100
v 149.209702 40.554405 58.999100
v 151.135391 43.277534 58.999100
v 153.487488 45.629635 58.999100
v 156.210693 47.555374 58.999100
v 159.249451 48.999424 58.999100
v 162.548630 49.906433 58.999100
v 166.052780 50.221066 58.999100
v 169.556946 49.906433 58.999100
v 172.856110 48.999424 58.999100
v 175.894928 47.555386 58.999100
v 178.618042 45.629635 58.999100
v 180.970169 43.277534 58.999100
v 182.895905 40.554405 58.999100
v 184.339951 37.515594 58.999100
v 185.191269 30.712263 60.418217
v 184.882599 34.149918 60.418217
v 184.882599 27.274614 60.418217
v 183.992798 24.038084 60.418221
v 182.576172 21.056955 60.418221
v 180.686981 18.385523 60.418221
v 178.379532 16.078064 60.418221
v 175.708115 14.188885 60.418221
v 172.726974 12.772244 60.418221
v 169.490433 11.882455 60.418221
v 166.052780 11.573795 60.418221
v 162.615143 11.882455 60.418221
v 159.378586 12.772244 60.418221
v 156.397491 14.188875 60.418221
v 153.726089 16.078064 60.418221
v 151.418594 18.385515 60.418221
v 149.529388 21.056955 60.418221
v 148.112793 24.038074 60.418221
v 147.222992 27.274614 60.418217
v 146.914291 30.712263 60.418217
v 147.222992 34.149918 60.418217
v 148.112793 37.386444 60.418228
v 149.529388 40.367573 60.418228
v 151.418594 43.039005 60.418228
v 153.726089 45.346466 60.418228
v 156.397491 47.235645 60.418228
v 159.378586 48.652283 60.418228
v 162.615143 49.542072 60.418228
v 166.052780 49.850735 60.418228
v 169.490433 49.542072 60.418228
v 172.726974 48.652283 60.418228
v 175.708115 47.235657 60.418228
v 178.379517 45.346466 60.418228
v 180.686981 43.039017 60.418228
v 182.576172 40.367573 60.418228
v 183.992798 37.386444 60.418228
v 183.502960 30.712263 61.080544
v 183.221512 33.846664 61.080544
v 183.221512 27.577864 61.080544
v 182.410217 24.626844 61.080547
v 181.118561 21.908693 61.080547
v 179.396027 19.472925 61.080547
v 177.292130 17.369024 61.080547
v 174.856354 15.646496 61.080547
v 172.138199 14.354825 61.080547
v 169.187180 13.543525 61.080547
v 166.052780 13.262094 61.080547
v 162.918381 13.543535 61.080547
v 159.967377 14.354825 61.080547
v 157.249222 15.646496 61.080547
v 154.813492 17.369024 61.080547
v 152.709579 19.472925 61.080547
v 150.986984 21.908693 61.080547
v 149.695389 24.626844 61.080547
v 148.884079 27.577864 61.080544
v 148.602585 30.712263 61.080544
v 148.884079 33.846664 61.080544
v 149.695389 36.797684 61.080544
v 150.986984 39.515823 61.080544
v 152.709579 41.951603 61.080544
v 154.813492 44.055504 61.080544
v 157.249222 45.778034 61.080544
v 159.967377 47.069702 61.080544
v 162.918381 47.881004 61.080559
v 166.052780 48.162434 61.080559
v 169.187180 47.880997 61.080559
v 172.138199 47.069702 61.080544
v 174.856354 45.778034 61.080544
v 177.292114 44.055504 61.080544
v 179.396027 41.951603 61.080544
v 181.118561 39.515835 61.080544
v 182.410217 36.797684 61.080544
v 183.028595 30.712263 63.091396
v 182.754807 33.761456 63.091396
v 182.754807 27.663074 63.091396
v 181.965576 24.792274 63.091400
v 180.709015 22.148014 63.091400
v 179.033310 19.778454 63.091400
v 176.986603 17.731745 63.091400
v 174.617050 16.056034 63.091400
v 171.972778 14.799484 63.091400
v 169.101974 14.010245 63.091400
v 166.052780 13.736465 63.091400
v 163.003586 14.010245 63.091400
v 160.132797 14.799484 63.091400
v 157.488525 16.056034 63.091400
v 155.119003 17.731745 63.091400
v 153.072296 19.778454 63.091400
v 151.396591 22.148014 63.091400
v 150.139999 24.792265 63.091400
v 149.350800 27.663065 63.091396
v 149.076996 30.712263 63.091396
v 149.350800 33.761456 63.091396
v 150.139999 36.632256 63.091396
v 151.396591 39.276516 63.091396
v 153.072296 41.646072 63.091396
v 155.119003 43.692783 63.091408
v 157.488525 45.368496 63.091408
v 160.132797 46.625046 63.091396
v 163.003586 47.414284 63.091408
v 166.052780 47.688065 63.091408
v 169.101974 47.414284 63.091408
v 171.972778 46.625046 63.091396
v 174.617050 45.368496 63.091408
v 176.986603 43.692783 63.091408
v 179.033310 41.646072 63.091396
v 180.709015 39.276516 63.091396
v 181.965576 36.632256 63.091396
v 183.028595 30.712265 68.400093
v 182.754807 33.761456 68.400093
v 182.754807 27.663076 68.400093
v 181.965576 24.792276 68.400093
v 180.709015 22.148016 68.400093
v 179.033310 19.778456 68.400093
v 176.986603 17.731747 68.400093
v 174.617050 16.056036 68.400093
v 171.972778 14.799484 68.400093
v 169.101974 14.010245 68.400093
v 166.052780 13.736455 68.400093
v 163.003586 14.010245 68.400093
v 160.132797 14.799484 68.400093
v 157.488525 16.056036 68.400093
v 155.119003 17.731747 68.400093
v 153.072296 19.778456 68.400093
v 151.396591 22.148016 68.400093
v 150.139999 24.792267 68.400093
v 149.350800 27.663067 68.400093
v 149.076996 30.712265 68.400093
v 149.350800 33.761456 68.400093
v 150.139999 36.632256 68.400093
v 151.396591 39.276516 68.400093
v 153.072296 41.646072 68.400093
v 155.119003 43.692783 68.400093
v 157.488525 45.368484 68.400093
v 160.132797 46.625046 68.400093
v 163.003586 47.414284 68.400093
v 166.052780 47.688065 68.400093
v 169.101974 47.414284 68.400093
v 171.972778 46.625046 68.400093
v 174.617050 45.368496 68.400093
v 176.986603 43.692783 68.400093
v 179.033310 41.646072 68.400093
v 180.709015 39.276516 68.400093
v 181.965576 36.632256 68.400093
v 181.531067 30.712265 68.515831
v 181.281448 33.492477 68.515831
v 181.281448 27.932056 68.515831
v 180.561813 25.314507 68.515831
v 179.416122 22.903507 68.515831
v 177.888229 20.742985 68.515831
v 176.022079 18.876827 68.515831
v 173.861542 17.348936 68.515831
v 171.450546 16.203236 68.515831
v 168.832993 15.483616 68.515831
v 166.052780 15.233985 68.515831
v 163.272583 15.483616 68.515831
v 160.655029 16.203236 68.515831
v 158.244034 17.348936 68.515831
v 156.083496 18.876827 68.515831
v 154.217392 20.742977 68.515831
v 152.689499 22.903507 68.515831
v 151.543793 25.314507 68.515831
v 150.824188 27.932056 68.515831
v 150.574493 30.712265 68.515831
v 150.824188 33.492477 68.515831
v 151.543793 36.110023 68.515831
v 152.689499 38.521015 68.515831
v 154.217392 40.681545 68.515831
v 156.083496 42.547703 68.515831
v 158.244034 44.075584 68.515831
v 160.655029 45.221294 68.515831
v 163.272583 45.940914 68.515831
v 166.052780 46.190544 68.515831
v 168.832993 45.940914 68.515831
v 171.450546 45.221294 68.515831
v 173.861542 44.075592 68.515831
v 176.022079 42.547703 68.515831
v 177.888229 40.681545 68.515831
v 179.416122 38.521015 68.515831
v 180.561813 36.110023 68.515831
v 166.052780 30.712265 68.515831
v 195.561874 36.099556 -64.591667
v 196.045578 30.712254 -64.591667
v 196.045578 30.712254 -83.462906
v 195.561874 36.099552 -83.462906
v 194.167435 41.171684 -64.591667
v 194.167435 41.171680 -83.462906
v 191.947372 45.843544 -64.591667
v 191.947372 45.843540 -83.462906
v 188.986725 50.030079 -64.591667
v 188.986725 50.030075 -83.462914
v 185.370605 53.646194 -64.591675
v 185.370605 53.646191 -83.462921
v 181.184082 56.606838 -64.591675
v 181.184082 56.606834 -83.462921
v 176.512207 58.826897 -64.591675
v 176.512207 58.826893 -83.462921
v 171.440094 60.221336 -64.591675
v 171.440094 60.221333 -83.462921
v 166.052780 60.705044 -64.591675
v 166.052780 60.705040 -83.462921
v 160.665482 60.221336 -64.591675
v 160.665482 60.221333 -83.462921
v 155.593384 58.826908 -64.591675
v 155.593384 58.826893 -83.462921
v 150.921494 56.606838 -64.591675
v 150.921494 56.606823 -83.462921
v 146.734985 53.646194 -64.591675
v 146.734985 53.646191 -83.462921
v 143.118790 50.030079 -64.591667
v 143.118790 50.030075 -83.462914
v 140.158188 45.843544 -64.591667
v 140.158188 45.843540 -83.462906
v 137.938095 41.171677 -64.591667
v 137.938095 41.171673 -83.462906
v 136.543686 36.099556 -64.591667
v 136.543686 36.099552 -83.462906
v 136.059982 30.712254 -64.591667
v 136.059982 30.712254 -83.462906
v 136.543686 25.324944 -64.591667
v 136.543686 25.324944 -83.462906
v 137.938095 20.252825 -64.591667
v 137.938095 20.252825 -83.462906
v 140.158188 15.580956 -64.591667
v 140.158188 15.580954 -83.462906
v 143.118790 11.394425 -64.591667
v 143.118790 11.394423 -83.462883
v 146.734985 7.778305 -64.591667
v 146.734985 7.778304 -83.462883
v 150.921494 4.817675 -64.591667
v 150.921494 4.817674 -83.462883
v 155.593384 2.597605 -64.591667
v 155.593384 2.597604 -83.462883
v 160.665482 1.203175 -64.591667
v 160.665482 1.203164 -83.462883
v 166.052780 0.719455 -64.591667
v 166.052780 0.719454 -83.462883
v 171.440094 1.203165 -64.591667
v 171.440094 1.203164 -83.462883
v 176.512222 2.597605 -64.591667
v 176.512222 2.597594 -83.462883
v 181.184082 4.817675 -64.591667
v 181.184082 4.817674 -83.462883
v 185.370605 7.778305 -64.591667
v 185.370605 7.778304 -83.462883
v 188.986725 11.394435 -64.591667
v 188.986725 11.394433 -83.462883
v 191.947372 15.580965 -64.591667
v 191.947372 15.580954 -83.462906
v 194.167435 20.252825 -64.591667
v 194.167435 20.252825 -83.462906
v 195.561874 25.324944 -64.591667
v 195.561874 25.324944 -83.462906
v 194.400024 30.712254 -85.194931
v 193.942856 35.803982 -85.194931
v 192.624924 40.597824 -85.194931
v 190.526657 45.013363 -85.194931
v 187.728470 48.970203 -85.194931
v 184.310730 52.387920 -85.194939
v 180.353912 55.186127 -85.194939
v 175.938354 57.284382 -85.194939
v 171.144516 58.602314 -85.194939
v 166.052780 59.059490 -85.194939
v 160.961060 58.602314 -85.194939
v 156.167191 57.284382 -85.194939
v 151.751694 55.186115 -85.194939
v 147.794785 52.387920 -85.194939
v 144.377090 48.970192 -85.194931
v 141.578888 45.013363 -85.194931
v 139.480698 40.597813 -85.194931
v 138.162689 35.803982 -85.194931
v 137.705597 30.712254 -85.194931
v 138.162689 25.620523 -85.194931
v 139.480698 20.826675 -85.194931
v 141.578888 16.411135 -85.194931
v 144.377090 12.454304 -85.194931
v 147.794785 9.036583 -85.194931
v 151.751694 6.238384 -85.194931
v 156.167191 4.140114 -85.194931
v 160.961060 2.822184 -85.194931
v 166.052780 2.365014 -85.194931
v 171.144516 2.822184 -85.194931
v 175.938354 4.140114 -85.194931
v 180.353912 6.238384 -85.194931
v 184.310745 9.036573 -85.194931
v 187.728470 12.454304 -85.194931
v 190.526657 16.411144 -85.194931
v 192.624924 20.826685 -85.194931
v 193.942856 25.620523 -85.194931
v 192.363571 30.712254 -85.464035
v 191.939240 35.438190 -85.464035
v 190.715988 39.887642 -85.464035
v 188.768463 43.985973 -85.464035
v 186.171295 47.658554 -85.464035
v 182.999100 50.830753 -85.464043
v 179.326523 53.427937 -85.464050
v 175.228180 55.375450 -85.464050
v 170.778732 56.598705 -85.464050
v 166.052780 57.023033 -85.464050
v 161.326859 56.598705 -85.464050
v 156.877396 55.375450 -85.464050
v 152.779099 53.427921 -85.464050
v 149.106491 50.830753 -85.464043
v 145.934296 47.658554 -85.464035
v 143.337082 43.985973 -85.464035
v 141.389587 39.887642 -85.464035
v 140.166382 35.438190 -85.464035
v 139.741989 30.712254 -85.464035
v 140.166382 25.986305 -85.464035
v 141.389587 21.536856 -85.464035
v 143.337082 17.438524 -85.464035
v 145.934296 13.765944 -85.464035
v 149.106491 10.593754 -85.464035
v 152.779099 7.996573 -85.464020
v 156.877396 6.049044 -85.464020
v 161.326859 4.825793 -85.464020
v 166.052780 4.401464 -85.464020
v 170.778732 4.825793 -85.464020
v 175.228180 6.049044 -85.464020
v 179.326523 7.996583 -85.464020
v 182.999100 10.593743 -85.464035
v 186.171295 13.765944 -85.464035
v 188.768478 17.438524 -85.464035
v 190.715988 21.536856 -85.464035
v 191.939240 25.986313 -85.464035
v 187.957062 30.712254 -85.461761
v 187.603790 34.646694 -85.461761
v 186.585403 38.350956 -85.461761
v 184.964035 41.762894 -85.461761
v 182.801865 44.820393 -85.461761
v 180.160934 47.461311 -85.461761
v 177.103439 49.623512 -85.461761
v 173.691483 51.244865 -85.461769
v 169.987228 52.263256 -85.461769
v 166.052780 52.616516 -85.461769
v 162.118332 52.263256 -85.461769
v 158.414093 51.244865 -85.461769
v 155.002090 49.623512 -85.461761
v 151.944595 47.461311 -85.461761
v 149.303696 44.820393 -85.461761
v 147.141495 41.762894 -85.461761
v 145.520187 38.350956 -85.461761
v 144.501785 34.646694 -85.461761
v 144.148483 30.712254 -85.461761
v 144.501785 26.777805 -85.461761
v 145.520187 23.073545 -85.461761
v 147.141495 19.661606 -85.461761
v 149.303696 16.604105 -85.461761
v 151.944595 13.963194 -85.461761
v 155.002090 11.800983 -85.461761
v 158.414093 10.179634 -85.461761
v 162.118332 9.161254 -85.461761
v 166.052780 8.807994 -85.461761
v 169.987228 9.161254 -85.461761
v 173.691483 10.179634 -85.461761
v 177.103439 11.800994 -85.461761
v 180.160934 13.963194 -85.461761
v 182.801865 16.604105 -85.461761
v 184.964050 19.661606 -85.461761
v 186.585403 23.073555 -85.461761
v 187.603790 26.777805 -85.461761
v 186.973557 30.712254 -84.610374
v 186.636154 34.470036 -84.610374
v 185.663498 38.007984 -84.610374
v 184.114929 41.266724 -84.610374
v 182.049820 44.186943 -84.610374
v 179.527466 46.709282 -84.610374
v 176.607254 48.774403 -84.610374
v 173.348511 50.322956 -84.610374
v 169.810577 51.295612 -84.610382
v 166.052780 51.633015 -84.610382
v 162.294998 51.295612 -84.610382
v 158.757065 50.322964 -84.610374
v 155.498291 48.774391 -84.610374
v 152.578094 46.709282 -84.610374
v 150.055786 44.186943 -84.610374
v 147.990585 41.266724 -84.610374
v 146.442093 38.007973 -84.610374
v 145.469391 34.470036 -84.610374
v 145.131989 30.712254 -84.610374
v 145.469391 26.954466 -84.610374
v 146.442093 23.416525 -84.610374
v 147.990585 20.157776 -84.610374
v 150.055786 17.237564 -84.610374
v 152.578094 14.715223 -84.610374
v 155.498291 12.650104 -84.610374
v 158.757065 11.101543 -84.610374
v 162.294998 10.128894 -84.610374
v 166.052780 9.791484 -84.610374
v 169.810577 10.128883 -84.610374
v 173.348511 11.101543 -84.610374
v 176.607254 12.650104 -84.610374
v 179.527481 14.715223 -84.610374
v 182.049805 17.237564 -84.610374
v 184.114944 20.157776 -84.610374
v 185.663498 23.416525 -84.610374
v 186.636154 26.954466 -84.610374
v 185.470612 30.712254 -84.608070
v 185.157455 34.200081 -84.608070
v 184.254669 37.483852 -84.608070
v 182.817352 40.508503 -84.608070
v 180.900604 43.218922 -84.608070
v 178.559464 45.560051 -84.608070
v 175.849030 47.476826 -84.608070
v 172.824387 48.914131 -84.608070
v 169.540604 49.816914 -84.608070
v 166.052780 50.130074 -84.608070
v 162.564972 49.816914 -84.608070
v 159.281174 48.914131 -84.608070
v 156.256500 47.476826 -84.608070
v 153.546097 45.560062 -84.608070
v 151.205002 43.218922 -84.608070
v 149.288193 40.508492 -84.608070
v 147.850891 37.483852 -84.608070
v 146.948090 34.200073 -84.608070
v 146.634995 30.712254 -84.608070
v 146.948090 27.224424 -84.608070
v 147.850891 23.940643 -84.608070
v 149.288193 20.916004 -84.608070
v 151.205002 18.205574 -84.608070
v 153.546097 15.864444 -84.608070
v 156.256500 13.947674 -84.608070
v 159.281174 12.510364 -84.608070
v 162.564972 11.607594 -84.608070
v 166.052780 11.294423 -84.608070
v 169.540604 11.607583 -84.608070
v 172.824387 12.510364 -84.608070
v 175.849030 13.947683 -84.608070
v 178.559464 15.864444 -84.608070
v 180.900589 18.205574 -84.608070
v 182.817368 20.916004 -84.608070
v 184.254669 23.940655 -84.608070
v 185.157455 27.224424 -84.608070
v 185.284546 30.712254 -83.449738
v 184.974380 34.166653 -83.449738
v 184.080246 37.418972 -83.449738
v 182.656723 40.414623 -83.449738
v 180.758331 43.099083 -83.449738
v 178.439606 45.417782 -83.449738
v 175.755157 47.316181 -83.449738
v 172.759506 48.739712 -83.449738
v 169.507187 49.633842 -83.449738
v 166.052780 49.944012 -83.449738
v 162.598373 49.633854 -83.449738
v 159.346069 48.739712 -83.449738
v 156.350388 47.316174 -83.449738
v 153.666000 45.417782 -83.449738
v 151.347290 43.099083 -83.449738
v 149.448898 40.414623 -83.449738
v 148.025299 37.418964 -83.449738
v 147.131195 34.166653 -83.449738
v 146.820984 30.712254 -83.449738
v 147.131195 27.257843 -83.449730
v 148.025299 24.005535 -83.449730
v 149.448898 21.009874 -83.449730
v 151.347290 18.325415 -83.449730
v 153.666000 16.006714 -83.449730
v 156.350388 14.108323 -83.449730
v 159.346069 12.684784 -83.449730
v 162.598373 11.790653 -83.449730
v 166.052780 11.480494 -83.449730
v 169.507187 11.790653 -83.449730
v 172.759506 12.684784 -83.449730
v 175.755157 14.108323 -83.449730
v 178.439621 16.006714 -83.449730
v 180.758331 18.325415 -83.449730
v 182.656723 21.009874 -83.449730
v 184.080246 24.005535 -83.449730
v 184.974380 27.257843 -83.449730
v 172.041489 30.712254 -83.449738
v 171.944916 31.787943 -83.449738
v 171.666489 32.800705 -83.449738
v 171.223190 33.733532 -83.449738
v 170.632034 34.569473 -83.449738
v 169.910019 35.291504 -83.449738
v 169.074081 35.882664 -83.449738
v 168.141235 36.325943 -83.449738
v 167.128479 36.604374 -83.449738
v 166.052780 36.700954 -83.449738
v 164.977097 36.604374 -83.449738
v 163.964340 36.325943 -83.449738
v 163.031494 35.882664 -83.449738
v 162.195557 35.291504 -83.449738
v 161.473541 34.569473 -83.449738
v 160.882370 33.733532 -83.449738
v 160.439087 32.800694 -83.449738
v 160.160660 31.787943 -83.449738
v 160.064087 30.712254 -83.449738
v 160.160660 29.636555 -83.449738
v 160.439087 28.623804 -83.449738
v 160.882370 27.690964 -83.449738
v 161.473541 26.855036 -83.449738
v 162.195557 26.132994 -83.449738
v 163.031494 25.541845 -83.449738
v 163.964340 25.098555 -83.449738
v 164.977097 24.820124 -83.449738
v 166.052780 24.723545 -83.449738
v 167.128479 24.820124 -83.449738
v 168.141235 25.098555 -83.449738
v 169.074081 25.541845 -83.449738
v 169.910019 26.132994 -83.449738
v 170.632034 26.855036 -83.449738
v 171.223190 27.690964 -83.449738
v 171.666489 28.623804 -83.449738
v 171.944916 29.636564 -83.449738
v 170.370529 30.712254 -83.674492
v 170.300888 31.487806 -83.674492
v 170.100143 32.217983 -83.674492
v 169.780548 32.890541 -83.674492
v 169.354355 33.493233 -83.674492
v 168.833771 34.013802 -83.674492
v 168.231079 34.440014 -83.674492
v 167.558517 34.759613 -83.674492
v 166.828354 34.960354 -83.674492
v 166.052780 35.029991 -83.674492
v 165.277222 34.960354 -83.674492
v 164.547043 34.759613 -83.674492
v 163.874496 34.440014 -83.674492
v 163.271805 34.013802 -83.674492
v 162.751221 33.493233 -83.674492
v 162.325027 32.890541 -83.674492
v 162.005417 32.217983 -83.674492
v 161.804672 31.487806 -83.674492
v 161.735031 30.712254 -83.674492
v 161.804672 29.936695 -83.674492
v 162.005417 29.206512 -83.674492
v 162.325027 28.533964 -83.674492
v 162.751221 27.931267 -83.674492
v 163.271805 27.410694 -83.674492
v 163.874496 26.984486 -83.674492
v 164.547043 26.664885 -83.674492
v 165.277222 26.464146 -83.674492
v 166.052780 26.394514 -83.674492
v 166.828354 26.464146 -83.674492
v 167.558517 26.664885 -83.674492
v 168.231079 26.984486 -83.674492
v 168.833771 27.410694 -83.674492
v 169.354355 27.931267 -83.674492
v 169.780548 28.533964 -83.674492
v 170.100143 29.206512 -83.674492
v 170.300888 29.936695 -83.674492
v 166.052780 30.712254 -83.674500
v 195.279099 36.047935 -63.397842
v 195.758179 30.712254 -63.397842
v 195.279099 25.376574 -63.397842
v 193.898026 20.353054 -63.397839
v 191.699219 15.725955 -63.397839
v 188.766968 11.579546 -63.397827
v 185.185501 7.998065 -63.397827
v 181.039093 5.065815 -63.397827
v 176.411987 2.867005 -63.397827
v 171.388474 1.485935 -63.397827
v 166.052780 1.006865 -63.397827
v 160.717087 1.485945 -63.397827
v 155.693588 2.867015 -63.397827
v 151.066498 5.065805 -63.397827
v 146.920090 7.998065 -63.397827
v 143.338593 11.579535 -63.397827
v 140.406296 15.725955 -63.397839
v 138.207489 20.353045 -63.397839
v 136.826492 25.376564 -63.397842
v 136.347397 30.712254 -63.397842
v 136.826492 36.047935 -63.397842
v 138.207596 41.071457 -63.397842
v 140.406296 45.698547 -63.397842
v 143.338593 49.844967 -63.397842
v 146.920090 53.426449 -63.397842
v 151.066498 56.358696 -63.397842
v 155.693588 58.557503 -63.397842
v 160.717087 59.938576 -63.397842
v 166.052780 60.417656 -63.397842
v 171.388474 59.938564 -63.397842
v 176.411972 58.557503 -63.397842
v 181.039093 56.358719 -63.397842
v 185.185486 53.426437 -63.397842
v 188.766968 49.844978 -63.397842
v 191.699219 45.698555 -63.397842
v 193.898056 41.071457 -63.397842
v 194.724319 35.946659 -62.793488
v 195.194290 30.712255 -62.793488
v 194.724319 25.477856 -62.793488
v 193.369446 20.549696 -62.793484
v 191.212402 16.010437 -62.793484
v 188.335800 11.942736 -62.793484
v 184.822311 8.429246 -62.793484
v 180.754593 5.552655 -62.793484
v 176.215332 3.395585 -62.793484
v 171.287186 2.040735 -62.793484
v 166.052780 1.570755 -62.793484
v 160.818390 2.040735 -62.793484
v 155.890182 3.395585 -62.793484
v 151.350998 5.552645 -62.793484
v 147.283295 8.429246 -62.793484
v 143.769791 11.942725 -62.793484
v 140.893188 16.010437 -62.793484
v 138.736084 20.549696 -62.793484
v 137.381287 25.477856 -62.793488
v 136.911301 30.712255 -62.793488
v 137.381287 35.946648 -62.793488
v 138.736084 40.874809 -62.793488
v 140.893188 45.414066 -62.793488
v 143.769791 49.481777 -62.793488
v 147.283295 52.995266 -62.793488
v 151.350998 55.871861 -62.793488
v 155.890182 58.028927 -62.793488
v 160.818390 59.383785 -62.793488
v 166.052780 59.853767 -62.793488
v 171.287186 59.383781 -62.793488
v 176.215332 58.028927 -62.793488
v 180.754593 55.871880 -62.793488
v 184.822296 52.995255 -62.793488
v 188.335800 49.481777 -62.793488
v 191.212387 45.414078 -62.793488
v 193.369446 40.874817 -62.793488
v 193.401321 35.705116 -62.474522
v 193.849609 30.712255 -62.474522
v 193.401321 25.719387 -62.474522
v 192.108994 21.018625 -62.474518
v 190.051468 16.688816 -62.474514
v 187.307602 12.808815 -62.474514
v 183.956223 9.457445 -62.474514
v 180.076218 6.713585 -62.474514
v 175.746414 4.656055 -62.474514
v 171.045654 3.363715 -62.474514
v 166.052780 2.915425 -62.474514
v 161.059921 3.363725 -62.474514
v 156.359177 4.656055 -62.474514
v 152.029388 6.713585 -62.474514
v 148.149292 9.457445 -62.474514
v 144.797989 12.808805 -62.474514
v 142.054092 16.688816 -62.474514
v 139.996582 21.018625 -62.474518
v 138.704285 25.719387 -62.474522
v 138.255997 30.712255 -62.474522
v 138.704285 35.705116 -62.474522
v 139.996582 40.405876 -62.474522
v 142.054092 44.735687 -62.474522
v 144.797989 48.615700 -62.474522
v 148.149292 51.967068 -62.474522
v 152.029388 54.710930 -62.474522
v 156.359177 56.768456 -62.474522
v 161.059921 58.060795 -62.474522
v 166.052780 58.509087 -62.474522
v 171.045654 58.060795 -62.474522
v 175.746414 56.768456 -62.474522
v 180.076218 54.710934 -62.474522
v 183.956223 51.967068 -62.474522
v 187.307602 48.615700 -62.474522
v 190.051437 44.735687 -62.474522
v 192.108994 40.405888 -62.474522
v 186.935913 34.524769 -62.474522
v 187.278229 30.712255 -62.474522
v 186.935898 26.899746 -62.474522
v 185.949097 23.310276 -62.474518
v 184.377975 20.004076 -62.474518
v 182.282776 17.041338 -62.474514
v 179.723709 14.482256 -62.474514
v 176.760971 12.387065 -62.474514
v 173.454758 10.815955 -62.474514
v 169.865295 9.829135 -62.474514
v 166.052780 9.486815 -62.474514
v 162.240265 9.829135 -62.474514
v 158.650803 10.815955 -62.474514
v 155.344589 12.387065 -62.474514
v 152.381882 14.482256 -62.474514
v 149.822800 17.041327 -62.474514
v 147.727585 20.004076 -62.474518
v 146.156479 23.310276 -62.474518
v 145.169693 26.899736 -62.474522
v 144.827393 30.712255 -62.474522
v 145.169693 34.524769 -62.474522
v 146.156479 38.114227 -62.474522
v 147.727585 41.420437 -62.474522
v 149.822800 44.383175 -62.474522
v 152.381882 46.942257 -62.474522
v 155.344589 49.037449 -62.474522
v 158.650803 50.608559 -62.474522
v 162.240265 51.595390 -62.474522
v 166.052780 51.937698 -62.474522
v 169.865295 51.595375 -62.474522
v 173.454758 50.608559 -62.474522
v 176.760971 49.037449 -62.474522
v 179.723709 46.942257 -62.474522
v 182.282776 44.383175 -62.474522
v 184.377975 41.420437 -62.474522
v 185.949097 38.114227 -62.474522
v 186.546875 34.453747 -63.154392
v 186.882812 30.712255 -63.154388
v 186.546875 26.970766 -63.154388
v 185.578445 23.448175 -63.154385
v 184.036606 20.203556 -63.154385
v 181.980423 17.296007 -63.154385
v 179.469040 14.784605 -63.154385
v 176.561478 12.728445 -63.154385
v 173.316879 11.186605 -63.154385
v 169.794281 10.218165 -63.154385
v 166.052780 9.882226 -63.154385
v 162.311310 10.218165 -63.154385
v 158.788696 11.186605 -63.154385
v 155.544098 12.728445 -63.154385
v 152.636581 14.784605 -63.154385
v 150.125183 17.296007 -63.154385
v 148.068985 20.203556 -63.154385
v 146.527084 23.448168 -63.154385
v 145.558701 26.970766 -63.154388
v 145.222794 30.712255 -63.154388
v 145.558701 34.453739 -63.154392
v 146.527084 37.976337 -63.154392
v 148.068985 41.220955 -63.154392
v 150.125183 44.128506 -63.154392
v 152.636581 46.639908 -63.154392
v 155.544098 48.696068 -63.154392
v 158.788696 50.237919 -63.154392
v 162.311279 51.206345 -63.154392
v 166.052780 51.542290 -63.154392
v 169.794266 51.206345 -63.154392
v 173.316879 50.237919 -63.154392
v 176.561478 48.696075 -63.154392
v 179.469040 46.639908 -63.154392
v 181.980423 44.128506 -63.154392
v 184.036606 41.220955 -63.154392
v 185.578445 37.976337 -63.154392
v 185.246948 34.216427 -63.215904
v 185.561600 30.712254 -63.215904
v 185.246948 27.208084 -63.215904
v 184.339951 23.908924 -63.215900
v 182.895905 20.870115 -63.215900
v 180.970169 18.146984 -63.215900
v 178.618073 15.794886 -63.215900
v 175.894928 13.869145 -63.215889
v 172.856110 12.425096 -63.215889
v 169.556946 11.518085 -63.215889
v 166.052780 11.203455 -63.215889
v 162.548630 11.518095 -63.215889
v 159.249466 12.425096 -63.215889
v 156.210693 13.869145 -63.215889
v 153.487488 15.794886 -63.215900
v 151.135391 18.146984 -63.215900
v 149.209702 20.870115 -63.215900
v 147.765594 23.908924 -63.215900
v 146.858597 27.208084 -63.215904
v 146.543991 30.712254 -63.215904
v 146.858597 34.216419 -63.215904
v 147.765594 37.515587 -63.215904
v 149.209702 40.554398 -63.215904
v 151.135391 43.277527 -63.215904
v 153.487488 45.629627 -63.215904
v 156.210693 47.555367 -63.215904
v 159.249451 48.999416 -63.215904
v 162.548630 49.906425 -63.215904
v 166.052780 50.221058 -63.215904
v 169.556946 49.906425 -63.215904
v 172.856110 48.999416 -63.215904
v 175.894928 47.555378 -63.215904
v 178.618042 45.629627 -63.215904
v 180.970169 43.277527 -63.215904
v 182.895905 40.554398 -63.215904
v 184.339951 37.515587 -63.215904
v 184.882599 34.149910 -64.635025
v 185.191269 30.712254 -64.635025
v 184.882599 27.274605 -64.635025
v 183.992798 24.038074 -64.635025
v 182.576172 21.056946 -64.635025
v 180.686981 18.385513 -64.635025
v 178.379532 16.078054 -64.635025
v 175.708115 14.188875 -64.635025
v 172.726974 12.772235 -64.635025
v 169.490433 11.882445 -64.635025
v 166.052780 11.573786 -64.635025
v 162.615143 11.882445 -64.635025
v 159.378586 12.772235 -64.635025
v 156.397491 14.188866 -64.635025
v 153.726089 16.078054 -64.635025
v 151.418594 18.385506 -64.635025
v 149.529388 21.056946 -64.635025
v 148.112793 24.038065 -64.635025
v 147.222992 27.274605 -64.635025
v 146.914291 30.712254 -64.635025
v 147.222992 34.149910 -64.635025
v 148.112793 37.386436 -64.635033
v 149.529388 40.367565 -64.635033
v 151.418594 43.038998 -64.635033
v 153.726089 45.346458 -64.635033
v 156.397491 47.235638 -64.635033
v 159.378586 48.652275 -64.635033
v 162.615143 49.542065 -64.635033
v 166.052780 49.850727 -64.635033
v 169.490433 49.542065 -64.635033
v 172.726974 48.652275 -64.635033
v 175.708115 47.235649 -64.635033
v 178.379517 45.346458 -64.635033
v 180.686981 43.039009 -64.635033
v 182.576172 40.367565 -64.635033
v 183.992798 37.386436 -64.635033
v 183.221512 33.846657 -65.297340
v 183.502960 30.712254 -65.297340
v 183.221512 27.577854 -65.297340
v 182.410217 24.626835 -65.297340
v 181.118561 21.908684 -65.297340
v 179.396027 19.472916 -65.297340
v 177.292130 17.369015 -65.297340
v 174.856354 15.646486 -65.297340
v 172.138199 14.354815 -65.297340
v 169.187180 13.543515 -65.297340
v 166.052780 13.262085 -65.297340
v 162.918381 13.543526 -65.297340
v 159.967377 14.354815 -65.297340
v 157.249222 15.646486 -65.297340
v 154.813492 17.369015 -65.297340
v 152.709579 19.472916 -65.297340
v 150.986984 21.908684 -65.297340
v 149.695389 24.626835 -65.297340
v 148.884079 27.577854 -65.297340
v 148.602585 30.712254 -65.297340
v 148.884079 33.846657 -65.297340
v 149.695389 36.797676 -65.297340
v 150.986984 39.515816 -65.297340
v 152.709579 41.951595 -65.297340
v 154.813492 44.055496 -65.297340
v 157.249222 45.778027 -65.297340
v 159.967377 47.069695 -65.297340
v 162.918381 47.880997 -65.297356
v 166.052780 48.162426 -65.297356
v 169.187180 47.880989 -65.297356
v 172.138199 47.069695 -65.297340
v 174.856354 45.778027 -65.297340
v 177.292114 44.055496 -65.297340
v 179.396027 41.951595 -65.297340
v 181.118561 39.515827 -65.297340
v 182.410217 36.797676 -65.297340
v 182.754807 33.761448 -67.308197
v 183.028595 30.712254 -67.308197
v 182.754807 27.663065 -67.308197
v 181.965576 24.792265 -67.308197
v 180.709015 22.148005 -67.308197
v 179.033310 19.778444 -67.308197
v 176.986603 17.731735 -67.308197
v 174.617050 16.056025 -67.308197
v 171.972778 14.799475 -67.308197
v 169.101974 14.010236 -67.308197
v 166.052780 13.736455 -67.308197
v 163.003586 14.010236 -67.308197
v 160.132797 14.799475 -67.308197
v 157.488525 16.056025 -67.308197
v 155.119003 17.731735 -67.308197
v 153.072296 19.778444 -67.308197
v 151.396591 22.148005 -67.308197
v 150.139999 24.792255 -67.308197
v 149.350800 27.663055 -67.308197
v 149.076996 30.712254 -67.308197
v 149.350800 33.761448 -67.308197
v 150.139999 36.632248 -67.308197
v 151.396591 39.276508 -67.308197
v 153.072296 41.646065 -67.308197
v 155.119003 43.692776 -67.308212
v 157.488525 45.368488 -67.308212
v 160.132797 46.625038 -67.308197
v 163.003586 47.414276 -67.308212
v 166.052780 47.688057 -67.308212
v 169.101974 47.414276 -67.308212
v 171.972778 46.625038 -67.308197
v 174.617050 45.368488 -67.308212
v 176.986603 43.692776 -67.308212
v 179.033310 41.646065 -67.308197
v 180.709015 39.276508 -67.308197
v 181.965576 36.632248 -67.308197
v 182.754807 33.761448 -72.616890
v 183.028595 30.712254 -72.616890
v 182.754807 27.663065 -72.616890
v 181.965576 24.792265 -72.616890
v 180.709015 22.148005 -72.616890
v 179.033310 19.778444 -72.616890
v 176.986603 17.731735 -72.616890
v 174.617050 16.056025 -72.616890
v 171.972778 14.799474 -72.616890
v 169.101974 14.010235 -72.616890
v 166.052780 13.736444 -72.616890
v 163.003586 14.010235 -72.616890
v 160.132797 14.799474 -72.616890
v 157.488525 16.056025 -72.616890
v 155.119003 17.731735 -72.616890
v 153.072296 19.778444 -72.616890
v 151.396591 22.148005 -72.616890
v 150.139999 24.792255 -72.616890
v 149.350800 27.663055 -72.616890
v 149.076996 30.712254 -72.616890
v 149.350800 33.761448 -72.616890
v 150.139999 36.632248 -72.616890
v 151.396591 39.276508 -72.616890
v 153.072296 41.646065 -72.616890
v 155.119003 43.692776 -72.616890
v 157.488525 45.368477 -72.616890
v 160.132797 46.625038 -72.616890
v 163.003586 47.414276 -72.616890
v 166.052780 47.688057 -72.616890
v 169.101974 47.414276 -72.616890
v 171.972778 46.625038 -72.616890
v 174.617050 45.368488 -72.616890
v 176.986603 43.692776 -72.616890
v 179.033310 41.646065 -72.616890
v 180.709015 39.276508 -72.616890
v 181.965576 36.632248 -72.616890
v 181.281448 33.492470 -72.732628
v 181.531067 30.712254 -72.732628
v 181.281448 27.932045 -72.732628
v 180.561813 25.314495 -72.732628
v 179.416122 22.903496 -72.732628
v 177.888229 20.742973 -72.732628
v 176.022079 18.876816 -72.732628
v 173.861542 17.348925 -72.732628
v 171.450546 16.203224 -72.732628
v 168.832993 15.483605 -72.732628
v 166.052780 15.233974 -72.732628
v 163.272583 15.483605 -72.732628
v 160.655029 16.203224 -72.732628
v 158.244034 17.348925 -72.732628
v 156.083496 18.876816 -72.732628
v 154.217392 20.742966 -72.732628
v 152.689499 22.903496 -72.732628
v 151.543793 25.314495 -72.732628
v 150.824188 27.932045 -72.732628
v 150.574493 30.712254 -72.732628
v 150.824188 33.492470 -72.732628
v 151.543793 36.110016 -72.732628
v 152.689499 38.521008 -72.732628
v 154.217392 40.681538 -72.732628
v 156.083496 42.547695 -72.732628
v 158.244034 44.075577 -72.732628
v 160.655029 45.221287 -72.732628
v 163.272583 45.940907 -72.732628
v 166.052780 46.190536 -72.732628
v 168.832993 45.940907 -72.732628
v 171.450546 45.221287 -72.732628
v 173.861542 44.075584 -72.732628
v 176.022079 42.547695 -72.732628
v 177.888229 40.681538 -72.732628
v 179.416122 38.521008 -72.732628
v 180.561813 36.110016 -72.732628
v 166.052780 30.712254 -72.732628
vn 0.9773 0.1768 -0.1171
vn 0.9166 0.1658 0.3638
vn 0.9315 -0.0000 0.3638
vn 0.9931 -0.0000 -0.1171
vn 0.9309 0.3461 -0.1171
vn 0.8730 0.3246 0.3639
vn 0.8571 0.5017 -0.1171
vn 0.8038 0.4705 0.3640
vn 0.7593 0.6401 -0.1171
vn 0.7121 0.6003 0.3641
vn 0.6401 0.7593 -0.1171
vn 0.6003 0.7121 0.3641
vn 0.5017 0.8571 -0.1171
vn 0.4705 0.8038 0.3640
vn 0.3461 0.9309 -0.1171
vn 0.3246 0.8730 0.3639
vn 0.1768 0.9773 -0.1171
vn 0.1658 0.9166 0.3638
vn -0.0000 0.9931 -0.1171
vn -0.0000 0.9315 0.3638
vn -0.1768 0.9773 -0.1171
vn -0.1658 0.9166 0.3638
vn -0.3461 0.9309 -0.1171
vn -0.3246 0.8730 0.3639
vn -0.5017 0.8571 -0.1171
vn -0.4705 0.8038 0.3640
vn -0.6401 0.7593 -0.1171
vn -0.6003 0.7121 0.3641
vn -0.7593 0.6401 -0.1171
vn -0.7121 0.6003 0.3641
vn -0.8571 0.5017 -0.1171
vn -0.8038 0.4705 0.3640
vn -0.9309 0.3461 -0.1171
vn -0.8730 0.3246 0.3639
vn -0.9773 0.1768 -0.1171
vn -0.9166 0.1658 0.3638
vn -0.9931 -0.0000 -0.1171
vn -0.9315 -0.0000 0.3638
vn -0.9773 -0.1767 -0.1171
vn -0.9166 -0.1658 0.3638
vn -0.9309 -0.3461 -0.1171
vn -0.8730 -0.3246 0.3639
vn -0.8571 -0.5017 -0.1171
vn -0.8038 -0.4705 0.3640
vn -0.7593 -0.6401 -0.1171
vn -0.7121 -0.6003 0.3641
vn -0.6401 -0.7593 -0.1171
vn -0.6003 -0.7121 0.3641
vn -0.5017 -0.8571 -0.1171
vn -0.4705 -0.8038 0.3640
vn -0.3461 -0.9309 -0.1171
vn -0.3246 -0.8730 0.3639
vn -0.1768 -0.9773 -0.1171
vn -0.1658 -0.9166 0.3638
vn -0.0000 -0.9931 -0.1171
vn -0.0000 -0.9315 0.3638
vn 0.1768 -0.9773 -0.1171
vn 0.1658 -0.9166 0.3638
vn 0.3461 -0.9309 -0.1171
vn 0.3246 -0.8730 0.3639
vn 0.5017 -0.8571 -0.1171
vn 0.4705 -0.8038 0.3640
vn 0.6401 -0.7593 -0.1171
vn 0.6003 -0.7121 0.3641
vn 0.7593 -0.6401 -0.1171
vn 0.7121 -0.6003 0.3641
vn 0.8571 -0.5017 -0.1171
vn 0.8038 -0.4705 0.3640
vn 0.9309 -0.3461 -0.1171
vn 0.8730 -0.3246 0.3639
vn 0.9773 -0.1768 -0.1171
vn 0.9166 -0.1658 0.3638
vn 0.4612 0.0834 0.8834
vn 0.4688 -0.0000 0.8833
vn 0.4391 0.1632 0.8835
vn 0.4041 0.2365 0.8836
vn 0.3579 0.3017 0.8837
vn 0.3017 0.3579 0.8837
vn 0.2365 0.4041 0.8836
vn 0.1632 0.4391 0.8835
vn 0.0834 0.4612 0.8834
vn -0.0000 0.4688 0.8833
vn -0.0834 0.4612 0.8834
vn -0.1632 0.4391 0.8835
vn -0.2365 0.4041 0.8836
vn -0.3017 0.3579 0.8837
vn -0.3579 0.3017 0.8837
vn -0.4041 0.2365 0.8836
vn -0.4390 0.1632 0.8835
vn -0.4612 0.0834 0.8834
vn -0.4688 -0.0000 0.8833
vn -0.4612 -0.0834 0.8834
vn -0.4390 -0.1632 0.8835
vn -0.4041 -0.2365 0.8836
vn -0.3579 -0.3017 0.8837
vn -0.3017 -0.3579 0.8837
vn -0.2365 -0.4041 0.8836
vn -0.1632 -0.4391 0.8835
vn -0.0834 -0.4612 0.8834
vn -0.0000 -0.4688 0.8833
vn 0.0834 -0.4612 0.8834
vn 0.1632 -0.4391 0.8835
vn 0.2365 -0.4041 0.8836
vn 0.3017 -0.3579 0.8837
vn 0.3579 -0.3017 0.8837
vn 0.4041 -0.2365 0.8836
vn 0.4391 -0.1632 0.8835
vn 0.4612 -0.0834 0.8834
vn 0.0680 0.0123 0.9976
vn 0.0691 -0.0000 0.9976
vn 0.0647 0.0241 0.9976
vn 0.0595 0.0348 0.9976
vn 0.0527 0.0444 0.9976
vn 0.0444 0.0527 0.9976
vn 0.0348 0.0595 0.9976
vn 0.0241 0.0647 0.9976
vn 0.0123 0.0680 0.9976
vn -0.0000 0.0691 0.9976
vn -0.0123 0.0680 0.9976
vn -0.0241 0.0647 0.9976
vn -0.0348 0.0595 0.9976
vn -0.0444 0.0527 0.9976
vn -0.0527 0.0444 0.9976
vn -0.0595 0.0348 0.9976
vn -0.0647 0.0241 0.9976
vn -0.0680 0.0123 0.9976
vn -0.0691 -0.0000 0.9976
vn -0.0680 -0.0123 0.9976
vn -0.0647 -0.0241 0.9976
vn -0.0595 -0.0348 0.9976
vn -0.0527 -0.0444 0.9976
vn -0.0444 -0.0527 0.9976
vn -0.0348 -0.0595 0.9976
vn -0.0241 -0.0647 0.9976
vn -0.0123 -0.0680 0.9976
vn -0.0000 -0.0691 0.9976
vn 0.0123 -0.0680 0.9976
vn 0.0241 -0.0647 0.9976
vn 0.0348 -0.0595 0.9976
vn 0.0444 -0.0527 0.9976
vn 0.0527 -0.0444 0.9976
vn 0.0595 -0.0348 0.9976
vn 0.0647 -0.0241 0.9976
vn 0.0680 -0.0123 0.9976
vn -0.3265 -0.0591 0.9434
vn -0.3318 -0.0000 0.9434
vn -0.3113 -0.1157 0.9432
vn -0.2870 -0.1680 0.9431
vn -0.2544 -0.2145 0.9430
vn -0.2145 -0.2544 0.9430
vn -0.1680 -0.2870 0.9431
vn -0.1157 -0.3113 0.9432
vn -0.0591 -0.3265 0.9434
vn -0.0000 -0.3318 0.9434
vn 0.0591 -0.3265 0.9434
vn 0.1157 -0.3113 0.9432
vn 0.1680 -0.2870 0.9431
vn 0.2145 -0.2544 0.9430
vn 0.2544 -0.2145 0.9430
vn 0.2870 -0.1680 0.9431
vn 0.3113 -0.1157 0.9432
vn 0.3265 -0.0591 0.9433
vn 0.3318 -0.0000 0.9434
vn 0.3265 0.0591 0.9433
vn 0.3113 0.1157 0.9432
vn 0.2870 0.1680 0.9431
vn 0.2544 0.2145 0.9430
vn 0.2145 0.2544 0.9430
vn 0.1680 0.2870 0.9431
vn 0.1157 0.3113 0.9432
vn 0.0591 0.3265 0.9434
vn -0.0000 0.3318 0.9434
vn -0.0591 0.3265 0.9434
vn -0.1157 0.3113 0.9432
vn -0.1680 0.2870 0.9431
vn -0.2145 0.2544 0.9430
vn -0.2544 0.2145 0.9430
vn -0.2870 0.1680 0.9431
vn -0.3113 0.1157 0.9432
vn -0.3265 0.0591 0.9434
vn -0.3612 -0.0653 0.9302
vn -0.3671 -0.0000 0.9302
vn -0.3438 -0.1278 0.9303
vn -0.3163 -0.1851 0.9304
vn -0.2801 -0.2361 0.9305
vn -0.2361 -0.2801 0.9305
vn -0.1851 -0.3163 0.9304
vn -0.1278 -0.3438 0.9303
vn -0.0653 -0.3612 0.9302
vn -0.0000 -0.3671 0.9302
vn 0.0653 -0.3612 0.9302
vn 0.1278 -0.3438 0.9303
vn 0.1851 -0.3163 0.9304
vn 0.2361 -0.2801 0.9305
vn 0.2801 -0.2361 0.9305
vn 0.3163 -0.1851 0.9304
vn 0.3438 -0.1278 0.9303
vn 0.3612 -0.0653 0.9302
vn 0.3671 -0.0000 0.9302
vn 0.3612 0.0653 0.9302
vn 0.3438 0.1278 0.9303
vn 0.3163 0.1851 0.9304
vn 0.2801 0.2361 0.9305
vn 0.2361 0.2801 0.9305
vn 0.1851 0.3163 0.9304
vn 0.1278 0.3438 0.9303
vn 0.0653 0.3612 0.9302
vn -0.0000 0.3671 0.9302
vn -0.0653 0.3612 0.9302
vn -0.1278 0.3438 0.9303
vn -0.1851 0.3163 0.9304
vn -0.2361 0.2801 0.9305
vn -0.2801 0.2361 0.9305
vn -0.3163 0.1851 0.9304
vn -0.3438 0.1278 0.9303
vn -0.3612 0.0653 0.9302
vn -0.6168 -0.1116 0.7791
vn -0.6268 -0.0000 0.7792
vn -0.5880 -0.2186 0.7788
vn -0.5418 -0.3171 0.7784
vn -0.4802 -0.4048 0.7782
vn -0.4048 -0.4802 0.7782
vn -0.3171 -0.5418 0.7784
vn -0.2186 -0.5880 0.7788
vn -0.1116 -0.6168 0.7791
vn -0.0000 -0.6268 0.7792
vn 0.1116 -0.6168 0.7791
vn 0.2186 -0.5880 0.7788
vn 0.3171 -0.5418 0.7784
vn 0.4048 -0.4801 0.7782
vn 0.4801 -0.4048 0.7782
vn 0.5418 -0.3171 0.7784
vn 0.5880 -0.2186 0.7788
vn 0.6168 -0.1116 0.7791
vn 0.6268 -0.0000 0.7792
vn 0.6168 0.1116 0.7791
vn 0.5880 0.2186 0.7788
vn 0.5418 0.3171 0.7784
vn 0.4802 0.4048 0.7782
vn 0.4048 0.4801 0.7782
vn 0.3171 0.5418 0.7784
vn 0.2186 0.5880 0.7788
vn 0.1116 0.6168 0.7791
vn -0.0000 0.6268 0.7792
vn -0.1116 0.6168 0.7791
vn -0.2186 0.5880 0.7788
vn -0.3171 0.5418 0.7784
vn -0.4048 0.4802 0.7782
vn -0.4802 0.4048 0.7782
vn -0.5418 0.3171 0.7784
vn -0.5880 0.2186 0.7788
vn -0.6168 0.1116 0.7791
vn -0.6583 -0.1190 0.7433
vn -0.6690 -0.0000 0.7432
vn -0.6267 -0.2330 0.7436
vn -0.5767 -0.3376 0.7439
vn -0.5107 -0.4306 0.7441
vn -0.4306 -0.5107 0.7441
vn -0.3376 -0.5767 0.7439
vn -0.2330 -0.6267 0.7436
vn -0.1190 -0.6583 0.7433
vn -0.0000 -0.6690 0.7432
vn 0.1190 -0.6583 0.7433
vn 0.2330 -0.6267 0.7436
vn 0.3376 -0.5767 0.7439
vn 0.4306 -0.5107 0.7441
vn 0.5107 -0.4306 0.7441
vn 0.5767 -0.3376 0.7439
vn 0.6267 -0.2330 0.7436
vn 0.6583 -0.1190 0.7433
vn 0.6690 -0.0000 0.7432
vn 0.6583 0.1190 0.7433
vn 0.6267 0.2330 0.7436
vn 0.5767 0.3376 0.7439
vn 0.5107 0.4306 0.7441
vn 0.4306 0.5107 0.7441
vn 0.3376 0.5767 0.7439
vn 0.2330 0.6267 0.7436
vn 0.1190 0.6583 0.7433
vn -0.0000 0.6690 0.7432
vn -0.1190 0.6583 0.7433
vn -0.2330 0.6267 0.7436
vn -0.3376 0.5767 0.7439
vn -0.4306 0.5107 0.7441
vn -0.5107 0.4306 0.7441
vn -0.5767 0.3376 0.7439
vn -0.6267 0.2330 0.7436
vn -0.6583 0.1190 0.7433
vn 0.0620 0.0112 0.9980
vn 0.0630 -0.0000 0.9980
vn 0.0591 0.0220 0.9980
vn 0.0545 0.0319 0.9980
vn 0.0483 0.0407 0.9980
vn 0.0407 0.0483 0.9980
vn 0.0319 0.0545 0.9980
vn 0.0220 0.0591 0.9980
vn 0.0112 0.0620 0.9980
vn -0.0000 0.0630 0.9980
vn -0.0112 0.0620 0.9980
vn -0.0220 0.0591 0.9980
vn -0.0319 0.0545 0.9980
vn -0.0407 0.0483 0.9980
vn -0.0483 0.0407 0.9980
vn -0.0545 0.0319 0.9980
vn -0.0591 0.0220 0.9980
vn -0.0620 0.0112 0.9980
vn -0.0630 -0.0000 0.9980
vn -0.0620 -0.0112 0.9980
vn -0.0591 -0.0220 0.9980
vn -0.0545 -0.0319 0.9980
vn -0.0483 -0.0407 0.9980
vn -0.0407 -0.0483 0.9980
vn -0.0319 -0.0545 0.9980
vn -0.0220 -0.0591 0.9980
vn -0.0112 -0.0620 0.9980
vn -0.0000 -0.0630 0.9980
vn 0.0112 -0.0620 0.9980
vn 0.0220 -0.0591 0.9980
vn 0.0319 -0.0545 0.9980
vn 0.0407 -0.0483 0.9980
vn 0.0483 -0.0407 0.9980
vn 0.0545 -0.0319 0.9980
vn 0.0591 -0.0220 0.9980
vn 0.0620 -0.0112 0.9980
vn 0.0694 0.0126 0.9975
vn 0.0706 -0.0000 0.9975
vn 0.0661 0.0246 0.9975
vn 0.0608 0.0356 0.9975
vn 0.0538 0.0454 0.9975
vn 0.0454 0.0538 0.9975
vn 0.0356 0.0608 0.9975
vn 0.0246 0.0661 0.9975
vn 0.0126 0.0694 0.9975
vn -0.0000 0.0706 0.9975
vn -0.0126 0.0694 0.9975
vn -0.0246 0.0661 0.9975
vn -0.0356 0.0608 0.9975
vn -0.0454 0.0538 0.9975
vn -0.0538 0.0454 0.9975
vn -0.0608 0.0356 0.9975
vn -0.0661 0.0246 0.9975
vn -0.0694 0.0126 0.9975
vn -0.0706 -0.0000 0.9975
vn -0.0694 -0.0126 0.9975
vn -0.0661 -0.0246 0.9975
vn -0.0608 -0.0356 0.9975
vn -0.0538 -0.0454 0.9975
vn -0.0454 -0.0538 0.9975
vn -0.0356 -0.0608 0.9975
vn -0.0246 -0.0661 0.9975
vn -0.0125 -0.0694 0.9975
vn -0.0000 -0.0706 0.9975
vn 0.0125 -0.0694 0.9975
vn 0.0246 -0.0661 0.9975
vn 0.0356 -0.0608 0.9975
vn 0.0454 -0.0538 0.9975
vn 0.0538 -0.0454 0.9975
vn 0.0608 -0.0356 0.9975
vn 0.0661 -0.0246 0.9975
vn 0.0694 -0.0126 0.9975
vn -0.0000 -0.0000 1.0000
vn 0.8838 -0.0000 -0.4678
vn 0.8697 0.1573 -0.4678
vn 0.8697 -0.1573 -0.4678
vn 0.8284 -0.3080 -0.4679
vn 0.7627 -0.4464 -0.4680
vn 0.6756 -0.5696 -0.4680
vn 0.5696 -0.6756 -0.4680
vn 0.4464 -0.7627 -0.4680
vn 0.3080 -0.8284 -0.4680
vn 0.1573 -0.8697 -0.4678
vn -0.0000 -0.8838 -0.4678
vn -0.1573 -0.8697 -0.4678
vn -0.3080 -0.8284 -0.4679
vn -0.4464 -0.7627 -0.4680
vn -0.5696 -0.6756 -0.4680
vn -0.6756 -0.5696 -0.4680
vn -0.7627 -0.4464 -0.4680
vn -0.8284 -0.3080 -0.4680
vn -0.8697 -0.1573 -0.4678
vn -0.8838 -0.0000 -0.4678
vn -0.8697 0.1573 -0.4678
vn -0.8284 0.3080 -0.4680
vn -0.7627 0.4464 -0.4680
vn -0.6756 0.5696 -0.4680
vn -0.5696 0.6756 -0.4680
vn -0.4464 0.7627 -0.4680
vn -0.3080 0.8284 -0.4679
vn -0.1573 0.8697 -0.4678
vn -0.0000 0.8838 -0.4678
vn 0.1573 0.8697 -0.4678
vn 0.3080 0.8284 -0.4679
vn 0.4464 0.7627 -0.4680
vn 0.5696 0.6756 -0.4680
vn 0.6756 0.5696 -0.4680
vn 0.7627 0.4464 -0.4680
vn 0.8284 0.3080 -0.4679
vn 0.5146 -0.0000 -0.8574
vn 0.5063 0.0916 -0.8575
vn 0.5063 -0.0916 -0.8575
vn 0.4821 -0.1792 -0.8576
vn 0.4437 -0.2597 -0.8577
vn 0.3930 -0.3314 -0.8578
vn 0.3313 -0.3930 -0.8578
vn 0.2597 -0.4437 -0.8577
vn 0.1792 -0.4821 -0.8576
vn 0.0916 -0.5063 -0.8575
vn -0.0000 -0.5146 -0.8574
vn -0.0916 -0.5063 -0.8575
vn -0.1792 -0.4821 -0.8576
vn -0.2597 -0.4437 -0.8577
vn -0.3313 -0.3930 -0.8578
vn -0.3930 -0.3313 -0.8578
vn -0.4437 -0.2597 -0.8577
vn -0.4821 -0.1792 -0.8576
vn -0.5063 -0.0915 -0.8575
vn -0.5146 -0.0000 -0.8574
vn -0.5063 0.0916 -0.8575
vn -0.4821 0.1792 -0.8576
vn -0.4437 0.2597 -0.8577
vn -0.3930 0.3313 -0.8578
vn -0.3313 0.3930 -0.8578
vn -0.2597 0.4437 -0.8577
vn -0.1792 0.4821 -0.8576
vn -0.0916 0.5063 -0.8575
vn -0.0000 0.5146 -0.8574
vn 0.0916 0.5063 -0.8575
vn 0.1792 0.4821 -0.8576
vn 0.2597 0.4437 -0.8577
vn 0.3313 0.3930 -0.8578
vn 0.3930 0.3314 -0.8578
vn 0.4437 0.2597 -0.8577
vn 0.4821 0.1792 -0.8576
vn 0.1227 -0.0000 -0.9924
vn 0.1207 0.0218 -0.9924
vn 0.1207 -0.0218 -0.9924
vn 0.1149 -0.0427 -0.9925
vn 0.1057 -0.0619 -0.9925
vn 0.0936 -0.0789 -0.9925
vn 0.0789 -0.0936 -0.9925
vn 0.0619 -0.1057 -0.9925
vn 0.0427 -0.1149 -0.9925
vn 0.0218 -0.1207 -0.9924
vn -0.0000 -0.1227 -0.9924
vn -0.0218 -0.1207 -0.9924
vn -0.0427 -0.1149 -0.9925
vn -0.0619 -0.1057 -0.9925
vn -0.0789 -0.0936 -0.9925
vn -0.0936 -0.0789 -0.9925
vn -0.1057 -0.0619 -0.9925
vn -0.1149 -0.0427 -0.9925
vn -0.1207 -0.0218 -0.9924
vn -0.1227 -0.0000 -0.9924
vn -0.1207 0.0218 -0.9924
vn -0.1149 0.0427 -0.9925
vn -0.1057 0.0619 -0.9925
vn -0.0936 0.0789 -0.9925
vn -0.0789 0.0936 -0.9925
vn -0.0619 0.1057 -0.9925
vn -0.0427 0.1149 -0.9925
vn -0.0218 0.1207 -0.9924
vn -0.0000 0.1227 -0.9924
vn 0.0218 0.1207 -0.9924
vn 0.0427 0.1149 -0.9925
vn 0.0619 0.1057 -0.9925
vn 0.0789 0.0936 -0.9925
vn 0.0936 0.0789 -0.9925
vn 0.1057 0.0619 -0.9925
vn 0.1149 0.0427 -0.9925
vn -0.4767 -0.0000 -0.8791
vn -0.4691 -0.0849 -0.8791
vn -0.4691 0.0849 -0.8791
vn -0.4472 0.1663 -0.8788
vn -0.4122 0.2413 -0.8786
vn -0.3654 0.3080 -0.8784
vn -0.3080 0.3654 -0.8784
vn -0.2413 0.4122 -0.8786
vn -0.1663 0.4472 -0.8788
vn -0.0849 0.4691 -0.8791
vn -0.0000 0.4767 -0.8791
vn 0.0849 0.4691 -0.8791
vn 0.1663 0.4472 -0.8788
vn 0.2413 0.4122 -0.8786
vn 0.3080 0.3654 -0.8784
vn 0.3654 0.3080 -0.8784
vn 0.4122 0.2413 -0.8786
vn 0.4472 0.1663 -0.8788
vn 0.4691 0.0849 -0.8791
vn 0.4767 -0.0000 -0.8791
vn 0.4691 -0.0849 -0.8791
vn 0.4472 -0.1663 -0.8788
vn 0.4122 -0.2413 -0.8786
vn 0.3654 -0.3080 -0.8784
vn 0.3080 -0.3654 -0.8784
vn 0.2413 -0.4122 -0.8786
vn 0.1663 -0.4472 -0.8788
vn 0.0849 -0.4691 -0.8791
vn -0.0000 -0.4767 -0.8791
vn -0.0849 -0.4691 -0.8791
vn -0.1663 -0.4472 -0.8788
vn -0.2413 -0.4122 -0.8786
vn -0.3080 -0.3654 -0.8784
vn -0.3654 -0.3080 -0.8784
vn -0.4122 -0.2413 -0.8786
vn -0.4472 -0.1663 -0.8788
vn -0.5380 -0.0000 -0.8429
vn -0.5294 -0.0957 -0.8430
vn -0.5294 0.0957 -0.8430
vn -0.5039 0.1873 -0.8432
vn -0.4637 0.2714 -0.8434
vn -0.4106 0.3462 -0.8435
vn -0.3462 0.4106 -0.8435
vn -0.2714 0.4637 -0.8434
vn -0.1873 0.5039 -0.8432
vn -0.0957 0.5294 -0.8430
vn -0.0000 0.5380 -0.8429
vn 0.0957 0.5294 -0.8430
vn 0.1873 0.5039 -0.8432
vn 0.2714 0.4637 -0.8434
vn 0.3462 0.4106 -0.8435
vn 0.4106 0.3462 -0.8435
vn 0.4637 0.2714 -0.8434
vn 0.5039 0.1873 -0.8432
vn 0.5294 0.0957 -0.8430
vn 0.5380 -0.0000 -0.8429
vn 0.5294 -0.0957 -0.8430
vn 0.5039 -0.1873 -0.8432
vn 0.4637 -0.2714 -0.8434
vn 0.4106 -0.3462 -0.8435
vn 0.3462 -0.4106 -0.8435
vn 0.2714 -0.4637 -0.8434
vn 0.1873 -0.5039 -0.8432
vn 0.0957 -0.5294 -0.8430
vn -0.0000 -0.5380 -0.8429
vn -0.0957 -0.5294 -0.8430
vn -0.1873 -0.5039 -0.8432
vn -0.2714 -0.4637 -0.8434
vn -0.3462 -0.4106 -0.8435
vn -0.4106 -0.3462 -0.8435
vn -0.4637 -0.2714 -0.8434
vn -0.5039 -0.1873 -0.8432
vn -0.6083 -0.0000 -0.7937
vn -0.5987 -0.1083 -0.7937
vn -0.5987 0.1083 -0.7937
vn -0.5706 0.2122 -0.7933
vn -0.5258 0.3078 -0.7930
vn -0.4660 0.3929 -0.7928
vn -0.3929 0.4660 -0.7928
vn -0.3078 0.5258 -0.7930
vn -0.2122 0.5706 -0.7933
vn -0.1083 0.5987 -0.7937
vn -0.0000 0.6083 -0.7937
vn 0.1083 0.5987 -0.7937
vn 0.2122 0.5706 -0.7933
vn 0.3078 0.5258 -0.7930
vn 0.3929 0.4660 -0.7928
vn 0.4660 0.3929 -0.7928
vn 0.5258 0.3078 -0.7930
vn 0.5706 0.2122 -0.7933
vn 0.5987 0.1083 -0.7937
vn 0.6083 -0.0000 -0.7937
vn 0.5987 -0.1083 -0.7937
vn 0.5706 -0.2122 -0.7933
vn 0.5258 -0.3078 -0.7930
vn 0.4660 -0.3929 -0.7928
vn 0.3929 -0.4660 -0.7928
vn 0.3078 -0.5258 -0.7930
vn 0.2122 -0.5706 -0.7933
vn 0.1083 -0.5987 -0.7937
vn -0.0000 -0.6083 -0.7937
vn -0.1083 -0.5987 -0.7937
vn -0.2122 -0.5706 -0.7933
vn -0.3078 -0.5258 -0.7930
vn -0.3929 -0.4660 -0.7928
vn -0.4660 -0.3929 -0.7928
vn -0.5258 -0.3078 -0.7930
vn -0.5706 -0.2122 -0.7933
vn -0.7587 -0.0000 -0.6514
vn -0.7466 -0.1350 -0.6515
vn -0.7466 0.1350 -0.6515
vn -0.7109 0.2643 -0.6517
vn -0.6544 0.3831 -0.6519
vn -0.5797 0.4887 -0.6520
vn -0.4887 0.5797 -0.6520
vn -0.3831 0.6544 -0.6519
vn -0.2643 0.7109 -0.6517
vn -0.1350 0.7466 -0.6515
vn -0.0000 0.7587 -0.6514
vn 0.1350 0.7466 -0.6515
vn 0.2643 0.7109 -0.6517
vn 0.3831 0.6544 -0.6519
vn 0.4887 0.5797 -0.6520
vn 0.5797 0.4887 -0.6520
vn 0.6544 0.3831 -0.6519
vn 0.7109 0.2643 -0.6517
vn 0.7466 0.1350 -0.6515
vn 0.7587 -0.0000 -0.6514
vn 0.7466 -0.1350 -0.6515
vn 0.7109 -0.2643 -0.6517
vn 0.6544 -0.3831 -0.6519
vn 0.5797 -0.4887 -0.6520
vn 0.4887 -0.5797 -0.6520
vn 0.3831 -0.6544 -0.6519
vn 0.2643 -0.7109 -0.6517
vn 0.1350 -0.7466 -0.6515
vn -0.0000 -0.7587 -0.6514
vn -0.1350 -0.7466 -0.6515
vn -0.2643 -0.7109 -0.6517
vn -0.3831 -0.6544 -0.6519
vn -0.4887 -0.5797 -0.6520
vn -0.5797 -0.4887 -0.6520
vn -0.6544 -0.3831 -0.6519
vn -0.7109 -0.2643 -0.6517
vn -0.7438 -0.0000 -0.6685
vn -0.7319 -0.1324 -0.6685
vn -0.7319 0.1324 -0.6685
vn -0.6973 0.2593 -0.6682
vn -0.6423 0.3760 -0.6679
vn -0.5691 0.4798 -0.6677
vn -0.4798 0.5691 -0.6677
vn -0.3760 0.6423 -0.6679
vn -0.2593 0.6973 -0.6682
vn -0.1324 0.7319 -0.6685
vn -0.0000 0.7437 -0.6685
vn 0.1324 0.7319 -0.6685
vn 0.2593 0.6973 -0.6682
vn 0.3760 0.6423 -0.6679
vn 0.4798 0.5691 -0.6677
vn 0.5691 0.4798 -0.6677
vn 0.6423 0.3760 -0.6679
vn 0.6973 0.2593 -0.6682
vn 0.7319 0.1324 -0.6685
vn 0.7437 -0.0000 -0.6685
vn 0.7319 -0.1324 -0.6685
vn 0.6973 -0.2593 -0.6682
vn 0.6423 -0.3760 -0.6679
vn 0.5691 -0.4798 -0.6677
vn 0.4798 -0.5691 -0.6677
vn 0.3760 -0.6423 -0.6679
vn 0.2593 -0.6973 -0.6682
vn 0.1324 -0.7319 -0.6685
vn -0.0000 -0.7438 -0.6685
vn -0.1324 -0.7319 -0.6685
vn -0.2593 -0.6973 -0.6682
vn -0.3760 -0.6423 -0.6679
vn -0.4798 -0.5691 -0.6677
vn -0.5691 -0.4798 -0.6677
vn -0.6423 -0.3760 -0.6679
vn -0.6973 -0.2593 -0.6682
vn -0.9932 -0.0000 -0.1163
vn -0.9774 -0.1767 -0.1163
vn -0.9774 0.1767 -0.1163
vn -0.9310 0.3461 -0.1163
vn -0.8572 0.5017 -0.1163
vn -0.7594 0.6402 -0.1163
vn -0.6402 0.7594 -0.1163
vn -0.5017 0.8572 -0.1163
vn -0.3461 0.9310 -0.1163
vn -0.1767 0.9774 -0.1164
vn -0.0000 0.9932 -0.1163
vn 0.1767 0.9774 -0.1163
vn 0.3461 0.9310 -0.1163
vn 0.5017 0.8572 -0.1163
vn 0.6402 0.7594 -0.1163
vn 0.7594 0.6402 -0.1163
vn 0.8572 0.5017 -0.1163
vn 0.9310 0.3461 -0.1163
vn 0.9774 0.1767 -0.1163
vn 0.9932 -0.0000 -0.1163
vn 0.9774 -0.1767 -0.1163
vn 0.9310 -0.3461 -0.1163
vn 0.8572 -0.5017 -0.1163
vn 0.7594 -0.6402 -0.1163
vn 0.6402 -0.7594 -0.1163
vn 0.5017 -0.8572 -0.1163
vn 0.3461 -0.9310 -0.1163
vn 0.1767 -0.9774 -0.1164
vn -0.0000 -0.9932 -0.1163
vn -0.1767 -0.9774 -0.1163
vn -0.3461 -0.9310 -0.1163
vn -0.5017 -0.8572 -0.1163
vn -0.6402 -0.7594 -0.1163
vn -0.7594 -0.6402 -0.1163
vn -0.8572 -0.5017 -0.1163
vn -0.9310 -0.3461 -0.1163
vn -0.7507 -0.0000 -0.6606
vn -0.7387 -0.1336 -0.6606
vn -0.7387 0.1336 -0.6606
vn -0.7034 0.2615 -0.6610
vn -0.6474 0.3789 -0.6613
vn -0.5733 0.4834 -0.6615
vn -0.4834 0.5733 -0.6615
vn -0.3789 0.6474 -0.6613
vn -0.2615 0.7034 -0.6610
vn -0.1336 0.7387 -0.6606
vn -0.0000 0.7507 -0.6606
vn 0.1336 0.7387 -0.6606
vn 0.2615 0.7034 -0.6610
vn 0.3789 0.6474 -0.6613
vn 0.4834 0.5733 -0.6615
vn 0.5733 0.4834 -0.6615
vn 0.6473 0.3789 -0.6613
vn 0.7034 0.2615 -0.6610
vn 0.7387 0.1336 -0.6606
vn 0.7507 -0.0000 -0.6606
vn 0.7387 -0.1336 -0.6606
vn 0.7034 -0.2615 -0.6610
vn 0.6474 -0.3789 -0.6613
vn 0.5733 -0.4834 -0.6615
vn 0.4834 -0.5733 -0.6615
vn 0.3789 -0.6474 -0.6613
vn 0.2615 -0.7034 -0.6610
vn 0.1336 -0.7387 -0.6606
vn -0.0000 -0.7507 -0.6606
vn -0.1336 -0.7387 -0.6606
vn -0.2615 -0.7034 -0.6610
vn -0.3789 -0.6474 -0.6613
vn -0.4834 -0.5733 -0.6615
vn -0.5733 -0.4834 -0.6615
vn -0.6474 -0.3789 -0.6613
vn -0.7034 -0.2615 -0.6610
vn -0.0408 -0.0000 -0.9992
vn -0.0401 -0.0072 -0.9992
vn -0.0401 0.0072 -0.9992
vn -0.0381 0.0142 -0.9992
vn -0.0351 0.0205 -0.9992
vn -0.0311 0.0262 -0.9992
vn -0.0262 0.0311 -0.9992
vn -0.0205 0.0351 -0.9992
vn -0.0142 0.0381 -0.9992
vn -0.0072 0.0401 -0.9992
vn -0.0000 0.0408 -0.9992
vn 0.0072 0.0401 -0.9992
vn 0.0142 0.0381 -0.9992
vn 0.0205 0.0351 -0.9992
vn 0.0262 0.0311 -0.9992
vn 0.0311 0.0262 -0.9992
vn 0.0351 0.0205 -0.9992
vn 0.0381 0.0142 -0.9992
vn 0.0401 0.0072 -0.9992
vn 0.0408 -0.0000 -0.9992
vn 0.0401 -0.0072 -0.9992
vn 0.0381 -0.0142 -0.9992
vn 0.0351 -0.0205 -0.9992
vn 0.0311 -0.0262 -0.9992
vn 0.0262 -0.0311 -0.9992
vn 0.0205 -0.0351 -0.9992
vn 0.0142 -0.0381 -0.9992
vn 0.0072 -0.0401 -0.9992
vn -0.0000 -0.0408 -0.9992
vn -0.0072 -0.0401 -0.9992
vn -0.0142 -0.0381 -0.9992
vn -0.0205 -0.0351 -0.9992
vn -0.0262 -0.0311 -0.9992
vn -0.0311 -0.0262 -0.9992
vn -0.0351 -0.0205 -0.9992
vn -0.0381 -0.0142 -0.9992
vn -0.0000 -0.0000 -1.0000
vn 0.9773 0.1768 0.1171
vn 0.9931 -0.0000 0.1171
vn 0.9315 -0.0000 -0.3638
vn 0.9166 0.1658 -0.3638
vn 0.9309 0.3461 0.1171
vn 0.8730 0.3246 -0.3639
vn 0.8571 0.5017 0.1171
vn 0.8038 0.4705 -0.3640
vn 0.7593 0.6401 0.1171
vn 0.7121 0.6003 -0.3641
vn 0.6401 0.7593 0.1171
vn 0.6003 0.7121 -0.3641
vn 0.5017 0.8571 0.1171
vn 0.4705 0.8038 -0.3640
vn 0.3461 0.9309 0.1171
vn 0.3246 0.8730 -0.3639
vn 0.1768 0.9773 0.1171
vn 0.1658 0.9166 -0.3638
vn -0.0000 0.9931 0.1171
vn -0.0000 0.9315 -0.3638
vn -0.1768 0.9773 0.1171
vn -0.1658 0.9166 -0.3638
vn -0.3461 0.9309 0.1171
vn -0.3246 0.8730 -0.3639
vn -0.5017 0.8571 0.1171
vn -0.4705 0.8038 -0.3640
vn -0.6401 0.7593 0.1171
vn -0.6003 0.7121 -0.3641
vn -0.7593 0.6401 0.1171
vn -0.7121 0.6003 -0.3641
vn -0.8571 0.5017 0.1171
vn -0.8038 0.4705 -0.3640
vn -0.9309 0.3461 0.1171
vn -0.8730 0.3246 -0.3639
vn -0.9773 0.1768 0.1171
vn -0.9166 0.1658 -0.3638
vn -0.9931 -0.0000 0.1171
vn -0.9315 -0.0000 -0.3638
vn -0.9773 -0.1767 0.1171
vn -0.9166 -0.1658 -0.3638
vn -0.9309 -0.3461 0.1171
vn -0.8730 -0.3246 -0.3639
vn -0.8571 -0.5017 0.1171
vn -0.8038 -0.4705 -0.3640
vn -0.7593 -0.6401 0.1171
vn -0.7121 -0.6003 -0.3641
vn -0.6401 -0.7593 0.1171
vn -0.6003 -0.7121 -0.3641
vn -0.5017 -0.8571 0.1171
vn -0.4705 -0.8038 -0.3640
vn -0.3461 -0.9309 0.1171
vn -0.3246 -0.8730 -0.3639
vn -0.1768 -0.9773 0.1171
vn -0.1658 -0.9166 -0.3638
vn -0.0000 -0.9931 0.1171
vn -0.0000 -0.9315 -0.3638
vn 0.1768 -0.9773 0.1171
vn 0.1658 -0.9166 -0.3638
vn 0.3461 -0.9309 0.1171
vn 0.3246 -0.8730 -0.3639
vn 0.5017 -0.8571 0.1171
vn 0.4705 -0.8038 -0.3640
vn 0.6401 -0.7593 0.1171
vn 0.6003 -0.7121 -0.3641
vn 0.7593 -0.6401 0.1171
vn 0.7121 -0.6003 -0.3641
vn 0.8571 -0.5017 0.1171
vn 0.8038 -0.4705 -0.3640
vn 0.9309 -0.3461 0.1171
vn 0.8730 -0.3246 -0.3639
vn 0.9773 -0.1768 0.1171
vn 0.9166 -0.1658 -0.3638
vn 0.4688 -0.0000 -0.8833
vn 0.4612 0.0834 -0.8834
vn 0.4391 0.1632 -0.8835
vn 0.4041 0.2365 -0.8836
vn 0.3579 0.3017 -0.8837
vn 0.3017 0.3579 -0.8837
vn 0.2365 0.4041 -0.8836
vn 0.1632 0.4391 -0.8835
vn 0.0834 0.4612 -0.8834
vn -0.0000 0.4688 -0.8833
vn -0.0834 0.4612 -0.8834
vn -0.1632 0.4391 -0.8835
vn -0.2365 0.4041 -0.8836
vn -0.3017 0.3579 -0.8837
vn -0.3579 0.3017 -0.8837
vn -0.4041 0.2365 -0.8836
vn -0.4390 0.1632 -0.8835
vn -0.4612 0.0834 -0.8834
vn -0.4688 -0.0000 -0.8833
vn -0.4612 -0.0834 -0.8834
vn -0.4390 -0.1632 -0.8835
vn -0.4041 -0.2365 -0.8836
vn -0.3579 -0.3017 -0.8837
vn -0.3017 -0.3579 -0.8837
vn -0.2365 -0.4041 -0.8836
vn -0.1632 -0.4391 -0.8835
vn -0.0834 -0.4612 -0.8834
vn -0.0000 -0.4688 -0.8833
vn 0.0834 -0.4612 -0.8834
vn 0.1632 -0.4391 -0.8835
vn 0.2365 -0.4041 -0.8836
vn 0.3017 -0.3579 -0.8837
vn 0.3579 -0.3017 -0.8837
vn 0.4041 -0.2365 -0.8836
vn 0.4391 -0.1632 -0.8835
vn 0.4612 -0.0834 -0.8834
vn 0.0691 -0.0000 -0.9976
vn 0.0680 0.0123 -0.9976
vn 0.0647 0.0241 -0.9976
vn 0.0595 0.0348 -0.9976
vn 0.0527 0.0444 -0.9976
vn 0.0444 0.0527 -0.9976
vn 0.0348 0.0595 -0.9976
vn 0.0241 0.0647 -0.9976
vn 0.0123 0.0680 -0.9976
vn -0.0000 0.0691 -0.9976
vn -0.0123 0.0680 -0.9976
vn -0.0241 0.0647 -0.9976
vn -0.0348 0.0595 -0.9976
vn -0.0444 0.0527 -0.9976
vn -0.0527 0.0444 -0.9976
vn -0.0595 0.0348 -0.9976
vn -0.0647 0.0241 -0.9976
vn -0.0680 0.0123 -0.9976
vn -0.0691 -0.0000 -0.9976
vn -0.0680 -0.0123 -0.9976
vn -0.0647 -0.0241 -0.9976
vn -0.0595 -0.0348 -0.9976
vn -0.0527 -0.0444 -0.9976
vn -0.0444 -0.0527 -0.9976
vn -0.0348 -0.0595 -0.9976
vn -0.0241 -0.0647 -0.9976
vn -0.0123 -0.0680 -0.9976
vn -0.0000 -0.0691 -0.9976
vn 0.0123 -0.0680 -0.9976
vn 0.0241 -0.0647 -0.9976
vn 0.0348 -0.0595 -0.9976
vn 0.0444 -0.0527 -0.9976
vn 0.0527 -0.0444 -0.9976
vn 0.0595 -0.0348 -0.9976
vn 0.0647 -0.0241 -0.9976
vn 0.0680 -0.0123 -0.9976
vn -0.3318 -0.0000 -0.9434
vn -0.3265 -0.0591 -0.9434
vn -0.3113 -0.1157 -0.9432
vn -0.2870 -0.1680 -0.9431
vn -0.2544 -0.2145 -0.9430
vn -0.2145 -0.2544 -0.9430
vn -0.1680 -0.2870 -0.9431
vn -0.1157 -0.3113 -0.9432
vn -0.0591 -0.3265 -0.9434
vn -0.0000 -0.3318 -0.9434
vn 0.0591 -0.3265 -0.9433
vn 0.1157 -0.3113 -0.9432
vn 0.1680 -0.2870 -0.9431
vn 0.2145 -0.2544 -0.9430
vn 0.2544 -0.2145 -0.9430
vn 0.2870 -0.1680 -0.9431
vn 0.3113 -0.1157 -0.9432
vn 0.3265 -0.0591 -0.9433
vn 0.3318 -0.0000 -0.9434
vn 0.3265 0.0591 -0.9433
vn 0.3113 0.1157 -0.9432
vn 0.2870 0.1680 -0.9431
vn 0.2544 0.2145 -0.9430
vn 0.2145 0.2544 -0.9430
vn 0.1680 0.2870 -0.9431
vn 0.1157 0.3113 -0.9432
vn 0.0591 0.3265 -0.9434
vn -0.0000 0.3318 -0.9434
vn -0.0591 0.3265 -0.9434
vn -0.1157 0.3113 -0.9432
vn -0.1680 0.2870 -0.9431
vn -0.2145 0.2544 -0.9430
vn -0.2544 0.2145 -0.9430
vn -0.2870 0.1680 -0.9431
vn -0.3113 0.1157 -0.9432
vn -0.3265 0.0591 -0.9434
vn -0.3671 -0.0000 -0.9302
vn -0.3612 -0.0653 -0.9302
vn -0.3438 -0.1278 -0.9303
vn -0.3163 -0.1851 -0.9304
vn -0.2801 -0.2361 -0.9305
vn -0.2361 -0.2801 -0.9305
vn -0.1851 -0.3163 -0.9304
vn -0.1278 -0.3438 -0.9303
vn -0.0653 -0.3612 -0.9302
vn -0.0000 -0.3671 -0.9302
vn 0.0653 -0.3612 -0.9302
vn 0.1278 -0.3438 -0.9303
vn 0.1851 -0.3163 -0.9304
vn 0.2361 -0.2801 -0.9305
vn 0.2801 -0.2361 -0.9305
vn 0.3163 -0.1851 -0.9304
vn 0.3438 -0.1278 -0.9303
vn 0.3612 -0.0653 -0.9302
vn 0.3671 -0.0000 -0.9302
vn 0.3612 0.0653 -0.9302
vn 0.3438 0.1278 -0.9303
vn 0.3163 0.1851 -0.9304
vn 0.2801 0.2361 -0.9305
vn 0.2361 0.2801 -0.9305
vn 0.1851 0.3163 -0.9304
vn 0.1278 0.3438 -0.9303
vn 0.0653 0.3612 -0.9302
vn -0.0000 0.3671 -0.9302
vn -0.0653 0.3612 -0.9302
vn -0.1278 0.3438 -0.9303
vn -0.1851 0.3163 -0.9304
vn -0.2361 0.2801 -0.9305
vn -0.2801 0.2361 -0.9305
vn -0.3163 0.1851 -0.9304
vn -0.3438 0.1278 -0.9303
vn -0.3612 0.0653 -0.9302
vn -0.6268 -0.0000 -0.7792
vn -0.6168 -0.1116 -0.7791
vn -0.5880 -0.2186 -0.7788
vn -0.5418 -0.3171 -0.7784
vn -0.4802 -0.4048 -0.7782
vn -0.4048 -0.4802 -0.7782
vn -0.3171 -0.5418 -0.7784
vn -0.2186 -0.5880 -0.7788
vn -0.1116 -0.6168 -0.7791
vn -0.0000 -0.6268 -0.7792
vn 0.1116 -0.6168 -0.7791
vn 0.2186 -0.5880 -0.7788
vn 0.3171 -0.5418 -0.7784
vn 0.4048 -0.4801 -0.7782
vn 0.4802 -0.4048 -0.7782
vn 0.5418 -0.3171 -0.7784
vn 0.5880 -0.2186 -0.7788
vn 0.6168 -0.1116 -0.7791
vn 0.6268 -0.0000 -0.7792
vn 0.6168 0.1116 -0.7791
vn 0.5880 0.2186 -0.7788
vn 0.5418 0.3171 -0.7784
vn 0.4802 0.4048 -0.7782
vn 0.4048 0.4801 -0.7782
vn 0.3171 0.5418 -0.7784
vn 0.2186 0.5880 -0.7788
vn 0.1116 0.6168 -0.7791
vn -0.0000 0.6268 -0.7792
vn -0.1116 0.6168 -0.7791
vn -0.2186 0.5880 -0.7788
vn -0.3171 0.5418 -0.7784
vn -0.4048 0.4802 -0.7782
vn -0.4802 0.4048 -0.7782
vn -0.5418 0.3171 -0.7784
vn -0.5880 0.2186 -0.7788
vn -0.6168 0.1116 -0.7791
vn -0.6690 -0.0000 -0.7432
vn -0.6583 -0.1190 -0.7433
vn -0.6267 -0.2330 -0.7436
vn -0.5767 -0.3376 -0.7439
vn -0.5107 -0.4306 -0.7441
vn -0.4306 -0.5107 -0.7441
vn -0.3376 -0.5767 -0.7439
vn -0.2330 -0.6267 -0.7436
vn -0.1190 -0.6583 -0.7433
vn -0.0000 -0.6690 -0.7432
vn 0.1190 -0.6583 -0.7433
vn 0.2330 -0.6267 -0.7436
vn 0.3376 -0.5767 -0.7439
vn 0.4306 -0.5107 -0.7441
vn 0.5107 -0.4306 -0.7441
vn 0.5767 -0.3376 -0.7439
vn 0.6267 -0.2330 -0.7436
vn 0.6583 -0.1190 -0.7433
vn 0.6690 -0.0000 -0.7432
vn 0.6583 0.1190 -0.7433
vn 0.6267 0.2330 -0.7436
vn 0.5767 0.3376 -0.7439
vn 0.5107 0.4306 -0.7441
vn 0.4306 0.5107 -0.7441
vn 0.3376 0.5767 -0.7439
vn 0.2330 0.6267 -0.7436
vn 0.1190 0.6583 -0.7433
vn -0.0000 0.6690 -0.7432
vn -0.1190 0.6583 -0.7433
vn -0.2330 0.6267 -0.7436
vn -0.3376 0.5767 -0.7439
vn -0.4306 0.5107 -0.7441
vn -0.5107 0.4306 -0.7441
vn -0.5767 0.3376 -0.7439
vn -0.6267 0.2330 -0.7436
vn -0.6583 0.1190 -0.7433
vn 0.0630 -0.0000 -0.9980
vn 0.0620 0.0112 -0.9980
vn 0.0591 0.0220 -0.9980
vn 0.0545 0.0319 -0.9980
vn 0.0483 0.0407 -0.9980
vn 0.0407 0.0483 -0.9980
vn 0.0319 0.0545 -0.9980
vn 0.0220 0.0591 -0.9980
vn 0.0112 0.0620 -0.9980
vn -0.0000 0.0630 -0.9980
vn -0.0112 0.0620 -0.9980
vn -0.0220 0.0591 -0.9980
vn -0.0319 0.0545 -0.9980
vn -0.0407 0.0483 -0.9980
vn -0.0483 0.0407 -0.9980
vn -0.0545 0.0319 -0.9980
vn -0.0591 0.0220 -0.9980
vn -0.0620 0.0112 -0.9980
vn -0.0630 -0.0000 -0.9980
vn -0.0620 -0.0112 -0.9980
vn -0.0591 -0.0220 -0.9980
vn -0.0545 -0.0319 -0.9980
vn -0.0483 -0.0407 -0.9980
vn -0.0407 -0.0483 -0.9980
vn -0.0319 -0.0545 -0.9980
vn -0.0220 -0.0591 -0.9980
vn -0.0112 -0.0620 -0.9980
vn -0.0000 -0.0630 -0.9980
vn 0.0112 -0.0620 -0.9980
vn 0.0220 -0.0591 -0.9980
vn 0.0319 -0.0545 -0.9980
vn 0.0407 -0.0483 -0.9980
vn 0.0483 -0.0407 -0.9980
vn 0.0545 -0.0319 -0.9980
vn 0.0591 -0.0220 -0.9980
vn 0.0620 -0.0112 -0.9980
vn 0.0706 -0.0000 -0.9975
vn 0.0694 0.0126 -0.9975
vn 0.0661 0.0246 -0.9975
vn 0.0608 0.0356 -0.9975
vn 0.0538 0.0454 -0.9975
vn 0.0454 0.0538 -0.9975
vn 0.0356 0.0608 -0.9975
vn 0.0246 0.0661 -0.9975
vn 0.0126 0.0694 -0.9975
vn -0.0000 0.0706 -0.9975
vn -0.0126 0.0694 -0.9975
vn -0.0246 0.0661 -0.9975
vn -0.0356 0.0608 -0.9975
vn -0.0454 0.0538 -0.9975
vn -0.0538 0.0454 -0.9975
vn -0.0608 0.0356 -0.9975
vn -0.0661 0.0246 -0.9975
vn -0.0694 0.0126 -0.9975
vn -0.0706 -0.0000 -0.9975
vn -0.0694 -0.0126 -0.9975
vn -0.0661 -0.0246 -0.9975
vn -0.0608 -0.0356 -0.9975
vn -0.0538 -0.0454 -0.9975
vn -0.0454 -0.0538 -0.9975
vn -0.0356 -0.0608 -0.9975
vn -0.0246 -0.0661 -0.9975
vn -0.0126 -0.0694 -0.9975
vn -0.0000 -0.0706 -0.9975
vn 0.0126 -0.0694 -0.9975
vn 0.0246 -0.0661 -0.9975
vn 0.0356 -0.0608 -0.9975
vn 0.0454 -0.0538 -0.9975
vn 0.0538 -0.0454 -0.9975
vn 0.0608 -0.0356 -0.9975
vn 0.0661 -0.0246 -0.9975
vn 0.0694 -0.0126 -0.9975
vn 0.8697 0.1573 0.4678
vn 0.8838 -0.0000 0.4678
vn 0.8697 -0.1573 0.4678
vn 0.8284 -0.3080 0.4679
vn 0.7627 -0.4464 0.4680
vn 0.6756 -0.5696 0.4680
vn 0.5696 -0.6756 0.4680
vn 0.4464 -0.7627 0.4680
vn 0.3080 -0.8284 0.4680
vn 0.1573 -0.8697 0.4678
vn -0.0000 -0.8838 0.4678
vn -0.1573 -0.8697 0.4678
vn -0.3080 -0.8284 0.4679
vn -0.4464 -0.7627 0.4680
vn -0.5696 -0.6756 0.4680
vn -0.6756 -0.5696 0.4680
vn -0.7627 -0.4464 0.4680
vn -0.8284 -0.3080 0.4680
vn -0.8697 -0.1573 0.4678
vn -0.8838 -0.0000 0.4678
vn -0.8697 0.1573 0.4678
vn -0.8284 0.3080 0.4680
vn -0.7627 0.4464 0.4680
vn -0.6756 0.5696 0.4680
vn -0.5696 0.6756 0.4680
vn -0.4464 0.7627 0.4680
vn -0.3080 0.8284 0.4679
vn -0.1573 0.8697 0.4678
vn -0.0000 0.8838 0.4678
vn 0.1573 0.8697 0.4678
vn 0.3080 0.8284 0.4679
vn 0.4464 0.7627 0.4680
vn 0.5696 0.6756 0.4680
vn 0.6756 0.5696 0.4680
vn 0.7627 0.4464 0.4680
vn 0.8284 0.3080 0.4679
vn 0.5063 0.0916 0.8575
vn 0.5146 -0.0000 0.8574
vn 0.5063 -0.0916 0.8575
vn 0.4821 -0.1792 0.8576
vn 0.4437 -0.2597 0.8577
vn 0.3930 -0.3313 0.8578
vn 0.3313 -0.3930 0.8578
vn 0.2597 -0.4437 0.8577
vn 0.1792 -0.4821 0.8576
vn 0.0916 -0.5063 0.8575
vn -0.0000 -0.5146 0.8574
vn -0.0916 -0.5063 0.8575
vn -0.1792 -0.4821 0.8576
vn -0.2597 -0.4437 0.8577
vn -0.3313 -0.3930 0.8578
vn -0.3930 -0.3313 0.8578
vn -0.4437 -0.2597 0.8577
vn -0.4821 -0.1792 0.8576
vn -0.5063 -0.0915 0.8575
vn -0.5146 -0.0000 0.8574
vn -0.5063 0.0916 0.8575
vn -0.4821 0.1792 0.8576
vn -0.4437 0.2597 0.8577
vn -0.3930 0.3313 0.8578
vn -0.3313 0.3930 0.8578
vn -0.2597 0.4437 0.8577
vn -0.1792 0.4821 0.8576
vn -0.0916 0.5063 0.8575
vn -0.0000 0.5146 0.8574
vn 0.0916 0.5063 0.8575
vn 0.1792 0.4821 0.8576
vn 0.2597 0.4437 0.8577
vn 0.3313 0.3930 0.8578
vn 0.3930 0.3314 0.8578
vn 0.4437 0.2597 0.8577
vn 0.4821 0.1792 0.8576
vn 0.1207 0.0218 0.9924
vn 0.1227 -0.0000 0.9924
vn 0.1207 -0.0218 0.9924
vn 0.1149 -0.0427 0.9925
vn 0.1057 -0.0619 0.9925
vn 0.0936 -0.0789 0.9925
vn 0.0789 -0.0936 0.9925
vn 0.0619 -0.1057 0.9925
vn 0.0427 -0.1149 0.9925
vn 0.0218 -0.1207 0.9924
vn -0.0000 -0.1227 0.9924
vn -0.0218 -0.1207 0.9924
vn -0.0427 -0.1149 0.9925
vn -0.0619 -0.1057 0.9925
vn -0.0789 -0.0936 0.9925
vn -0.0936 -0.0789 0.9925
vn -0.1057 -0.0619 0.9925
vn -0.1149 -0.0427 0.9925
vn -0.1207 -0.0218 0.9924
vn -0.1227 -0.0000 0.9924
vn -0.1207 0.0218 0.9924
vn -0.1149 0.0427 0.9925
vn -0.1057 0.0619 0.9925
vn -0.0936 0.0789 0.9925
vn -0.0789 0.0936 0.9925
vn -0.0619 0.1057 0.9925
vn -0.0427 0.1149 0.9925
vn -0.0218 0.1207 0.9924
vn -0.0000 0.1227 0.9924
vn 0.0218 0.1207 0.9924
vn 0.0427 0.1149 0.9925
vn 0.0619 0.1057 0.9925
vn 0.0789 0.0936 0.9925
vn 0.0936 0.0789 0.9925
vn 0.1057 0.0619 0.9925
vn 0.1149 0.0427 0.9925
vn -0.4691 -0.0849 0.8791
vn -0.4767 -0.0000 0.8791
vn -0.4691 0.0849 0.8791
vn -0.4472 0.1663 0.8788
vn -0.4122 0.2413 0.8786
vn -0.3654 0.3080 0.8784
vn -0.3080 0.3654 0.8784
vn -0.2413 0.4122 0.8786
vn -0.1663 0.4472 0.8788
vn -0.0849 0.4691 0.8791
vn -0.0000 0.4767 0.8791
vn 0.0849 0.4691 0.8791
vn 0.1663 0.4472 0.8788
vn 0.2413 0.4122 0.8786
vn 0.3080 0.3654 0.8784
vn 0.3654 0.3080 0.8784
vn 0.4122 0.2413 0.8786
vn 0.4472 0.1663 0.8788
vn 0.4691 0.0849 0.8791
vn 0.4767 -0.0000 0.8791
vn 0.4691 -0.0849 0.8791
vn 0.4472 -0.1663 0.8788
vn 0.4122 -0.2413 0.8786
vn 0.3654 -0.3080 0.8784
vn 0.3080 -0.3654 0.8784
vn 0.2413 -0.4122 0.8786
vn 0.1663 -0.4472 0.8788
vn 0.0849 -0.4691 0.8791
vn -0.0000 -0.4767 0.8791
vn -0.0849 -0.4691 0.8791
vn -0.1663 -0.4472 0.8788
vn -0.2413 -0.4122 0.8786
vn -0.3080 -0.3654 0.8784
vn -0.3654 -0.3080 0.8784
vn -0.4122 -0.2413 0.8786
vn -0.4472 -0.1663 0.8788
vn -0.5294 -0.0957 0.8430
vn -0.5380 -0.0000 0.8429
vn -0.5294 0.0957 0.8430
vn -0.5039 0.1873 0.8432
vn -0.4637 0.2714 0.8434
vn -0.4106 0.3462 0.8435
vn -0.3462 0.4106 0.8435
vn -0.2714 0.4637 0.8434
vn -0.1873 0.5039 0.8432
vn -0.0957 0.5294 0.8430
vn -0.0000 0.5380 0.8429
vn 0.0957 0.5294 0.8430
vn 0.1873 0.5039 0.8432
vn 0.2714 0.4637 0.8434
vn 0.3462 0.4106 0.8435
vn 0.4106 0.3462 0.8435
vn 0.4637 0.2714 0.8434
vn 0.5039 0.1873 0.8432
vn 0.5294 0.0957 0.8430
vn 0.5380 -0.0000 0.8429
vn 0.5294 -0.0957 0.8430
vn 0.5039 -0.1873 0.8432
vn 0.4637 -0.2714 0.8434
vn 0.4106 -0.3462 0.8435
vn 0.3462 -0.4106 0.8435
vn 0.2714 -0.4637 0.8434
vn 0.1873 -0.5039 0.8432
vn 0.0957 -0.5294 0.8430
vn -0.0000 -0.5380 0.8429
vn -0.0957 -0.5294 0.8430
vn -0.1873 -0.5039 0.8432
vn -0.2714 -0.4637 0.8434
vn -0.3462 -0.4106 0.8435
vn -0.4106 -0.3462 0.8435
vn -0.4637 -0.2714 0.8434
vn -0.5039 -0.1873 0.8432
vn -0.5987 -0.1083 0.7937
vn -0.6083 -0.0000 0.7937
vn -0.5987 0.1083 0.7937
vn -0.5706 0.2122 0.7933
vn -0.5258 0.3078 0.7930
vn -0.4660 0.3929 0.7928
vn -0.3929 0.4660 0.7928
vn -0.3078 0.5258 0.7930
vn -0.2122 0.5706 0.7933
vn -0.1083 0.5987 0.7937
vn -0.0000 0.6083 0.7937
vn 0.1083 0.5987 0.7937
vn 0.2122 0.5706 0.7933
vn 0.3078 0.5258 0.7930
vn 0.3929 0.4660 0.7928
vn 0.4660 0.3929 0.7928
vn 0.5258 0.3078 0.7930
vn 0.5706 0.2122 0.7933
vn 0.5987 0.1083 0.7937
vn 0.6083 -0.0000 0.7937
vn 0.5987 -0.1083 0.7937
vn 0.5706 -0.2122 0.7933
vn 0.5258 -0.3078 0.7930
vn 0.4660 -0.3929 0.7928
vn 0.3929 -0.4660 0.7928
vn 0.3078 -0.5258 0.7930
vn 0.2122 -0.5706 0.7933
vn 0.1083 -0.5987 0.7937
vn -0.0000 -0.6083 0.7937
vn -0.1083 -0.5987 0.7937
vn -0.2122 -0.5706 0.7933
vn -0.3078 -0.5258 0.7930
vn -0.3929 -0.4660 0.7928
vn -0.4660 -0.3929 0.7928
vn -0.5258 -0.3078 0.7930
vn -0.5706 -0.2122 0.7933
vn -0.7466 -0.1350 0.6515
vn -0.7587 -0.0000 0.6514
vn -0.7466 0.1350 0.6515
vn -0.7109 0.2643 0.6517
vn -0.6544 0.3831 0.6519
vn -0.5797 0.4887 0.6520
vn -0.4887 0.5797 0.6520
vn -0.3831 0.6544 0.6519
vn -0.2643 0.7109 0.6517
vn -0.1350 0.7466 0.6515
vn -0.0000 0.7587 0.6514
vn 0.1350 0.7466 0.6515
vn 0.2643 0.7109 0.6517
vn 0.3831 0.6544 0.6519
vn 0.4887 0.5797 0.6520
vn 0.5797 0.4887 0.6520
vn 0.6544 0.3831 0.6519
vn 0.7109 0.2643 0.6517
vn 0.7466 0.1350 0.6515
vn 0.7587 -0.0000 0.6514
vn 0.7466 -0.1350 0.6515
vn 0.7109 -0.2643 0.6517
vn 0.6544 -0.3831 0.6519
vn 0.5797 -0.4887 0.6520
vn 0.4887 -0.5797 0.6520
vn 0.3831 -0.6544 0.6519
vn 0.2643 -0.7109 0.6517
vn 0.1350 -0.7466 0.6515
vn -0.0000 -0.7587 0.6514
vn -0.1350 -0.7466 0.6515
vn -0.2643 -0.7109 0.6517
vn -0.3831 -0.6544 0.6519
vn -0.4887 -0.5797 0.6520
vn -0.5797 -0.4887 0.6520
vn -0.6544 -0.3831 0.6519
vn -0.7109 -0.2643 0.6517
vn -0.7319 -0.1324 0.6685
vn -0.7437 -0.0000 0.6685
vn -0.7319 0.1324 0.6685
vn -0.6973 0.2593 0.6682
vn -0.6423 0.3760 0.6679
vn -0.5691 0.4798 0.6677
vn -0.4798 0.5691 0.6677
vn -0.3760 0.6423 0.6679
vn -0.2593 0.6973 0.6682
vn -0.1324 0.7319 0.6685
vn -0.0000 0.7437 0.6685
vn 0.1324 0.7319 0.6685
vn 0.2593 0.6973 0.6682
vn 0.3760 0.6423 0.6679
vn 0.4798 0.5691 0.6677
vn 0.5691 0.4798 0.6677
vn 0.6423 0.3760 0.6679
vn 0.6973 0.2593 0.6682
vn 0.7319 0.1324 0.6685
vn 0.7437 -0.0000 0.6685
vn 0.7319 -0.1324 0.6685
vn 0.6973 -0.2593 0.6682
vn 0.6423 -0.3760 0.6679
vn 0.5691 -0.4798 0.6677
vn 0.4798 -0.5691 0.6677
vn 0.3760 -0.6423 0.6679
vn 0.2593 -0.6973 0.6682
vn 0.1324 -0.7319 0.6685
vn -0.0000 -0.7438 0.6685
vn -0.1324 -0.7319 0.6685
vn -0.2593 -0.6973 0.6682
vn -0.3760 -0.6423 0.6679
vn -0.4798 -0.5691 0.6677
vn -0.5691 -0.4798 0.6677
vn -0.6423 -0.3760 0.6679
vn -0.6973 -0.2593 0.6682
vn -0.9774 -0.1767 0.1163
vn -0.9932 -0.0000 0.1163
vn -0.9774 0.1767 0.1163
vn -0.9310 0.3461 0.1163
vn -0.8572 0.5017 0.1163
vn -0.7594 0.6402 0.1163
vn -0.6402 0.7594 0.1163
vn -0.5017 0.8572 0.1163
vn -0.3461 0.9310 0.1163
vn -0.1767 0.9774 0.1164
vn -0.0000 0.9932 0.1163
vn 0.1767 0.9774 0.1163
vn 0.3461 0.9310 0.1163
vn 0.5017 0.8572 0.1163
vn 0.6402 0.7594 0.1163
vn 0.7594 0.6402 0.1163
vn 0.8572 0.5017 0.1163
vn 0.9310 0.3461 0.1163
vn 0.9774 0.1767 0.1163
vn 0.9932 -0.0000 0.1163
vn 0.9774 -0.1767 0.1163
vn 0.9310 -0.3461 0.1163
vn 0.8572 -0.5017 0.1163
vn 0.7594 -0.6402 0.1163
vn 0.6402 -0.7594 0.1163
vn 0.5017 -0.8572 0.1163
vn 0.3461 -0.9310 0.1163
vn 0.1767 -0.9774 0.1164
vn -0.0000 -0.9932 0.1163
vn -0.1767 -0.9774 0.1163
vn -0.3461 -0.9310 0.1163
vn -0.5017 -0.8572 0.1163
vn -0.6402 -0.7594 0.1163
vn -0.7594 -0.6402 0.1163
vn -0.8572 -0.5017 0.1163
vn -0.9310 -0.3461 0.1163
vn -0.7387 -0.1336 0.6606
vn -0.7507 -0.0000 0.6606
vn -0.7387 0.1336 0.6606
vn -0.7034 0.2615 0.6610
vn -0.6474 0.3789 0.6613
vn -0.5733 0.4834 0.6615
vn -0.4834 0.5733 0.6615
vn -0.3789 0.6474 0.6613
vn -0.2615 0.7034 0.6610
vn -0.1336 0.7387 0.6606
vn -0.0000 0.7507 0.6606
vn 0.1336 0.7387 0.6606
vn 0.2615 0.7034 0.6610
vn 0.3789 0.6474 0.6613
vn 0.4834 0.5733 0.6615
vn 0.5733 0.4834 0.6615
vn 0.6473 0.3789 0.6613
vn 0.7034 0.2615 0.6610
vn 0.7387 0.1336 0.6606
vn 0.7507 -0.0000 0.6606
vn 0.7387 -0.1336 0.6606
vn 0.7034 -0.2615 0.6610
vn 0.6473 -0.3789 0.6613
vn 0.5733 -0.4834 0.6615
vn 0.4834 -0.5733 0.6615
vn 0.3789 -0.6474 0.6613
vn 0.2615 -0.7034 0.6610
vn 0.1336 -0.7387 0.6606
vn -0.0000 -0.7507 0.6606
vn -0.1336 -0.7387 0.6606
vn -0.2615 -0.7034 0.6610
vn -0.3789 -0.6474 0.6613
vn -0.4834 -0.5733 0.6615
vn -0.5733 -0.4834 0.6615
vn -0.6474 -0.3789 0.6613
vn -0.7034 -0.2615 0.6610
vn -0.0401 -0.0072 0.9992
vn -0.0408 -0.0000 0.9992
vn -0.0401 0.0072 0.9992
vn -0.0381 0.0142 0.9992
vn -0.0351 0.0205 0.9992
vn -0.0311 0.0262 0.9992
vn -0.0262 0.0311 0.9992
vn -0.0205 0.0351 0.9992
vn -0.0142 0.0381 0.9992
vn -0.0072 0.0401 0.9992
vn -0.0000 0.0408 0.9992
vn 0.0072 0.0401 0.9992
vn 0.0142 0.0381 0.9992
vn 0.0205 0.0351 0.9992
vn 0.0262 0.0311 0.9992
vn 0.0311 0.0262 0.9992
vn 0.0351 0.0205 0.9992
vn 0.0381 0.0142 0.9992
vn 0.0401 0.0072 0.9992
vn 0.0408 -0.0000 0.9992
vn 0.0401 -0.0072 0.9992
vn 0.0381 -0.0142 0.9992
vn 0.0351 -0.0205 0.9992
vn 0.0311 -0.0262 0.9992
vn 0.0262 -0.0311 0.9992
vn 0.0205 -0.0351 0.9992
vn 0.0142 -0.0381 0.9992
vn 0.0072 -0.0401 0.9992
vn -0.0000 -0.0408 0.9992
vn -0.0072 -0.0401 0.9992
vn -0.0142 -0.0381 0.9992
vn -0.0205 -0.0351 0.9992
vn -0.0262 -0.0311 0.9992
vn -0.0311 -0.0262 0.9992
vn -0.0351 -0.0205 0.9992
vn -0.0381 -0.0142 0.9992
vt 0.464702 0.503875
vt 0.420662 0.503875
vt 0.420662 0.475376
vt 0.464702 0.475376
vt 0.464702 0.531576
vt 0.420662 0.531576
vt 0.464702 0.558876
vt 0.420662 0.558876
vt 0.464702 0.585876
vt 0.420662 0.585876
vt 0.464702 0.612876
vt 0.420662 0.612876
vt 0.464702 0.639875
vt 0.420662 0.639875
vt 0.464702 0.667175
vt 0.420662 0.667175
vt 0.464702 0.694875
vt 0.420662 0.694875
vt 0.464702 0.723375
vt 0.420662 0.723375
vt 0.464702 0.751876
vt 0.420662 0.751876
vt 0.464702 0.779675
vt 0.420662 0.779675
vt 0.464702 0.806875
vt 0.420662 0.806875
vt 0.464702 0.833975
vt 0.420662 0.833975
vt 0.464702 0.860875
vt 0.420662 0.860875
vt 0.464702 0.887976
vt 0.420662 0.887976
vt 0.464702 0.915175
vt 0.420662 0.915175
vt 0.464702 0.942976
vt 0.420662 0.942976
vt 0.464702 0.971475
vt 0.420662 0.971475
vt 0.464702 0.999976
vt 0.420662 0.999976
vt 0.464702 0.035475
vt 0.420662 0.035475
vt 0.420662 0.007775
vt 0.464702 0.007775
vt 0.464702 0.062775
vt 0.420662 0.062775
vt 0.464702 0.089776
vt 0.420662 0.089776
vt 0.464702 0.116775
vt 0.420662 0.116775
vt 0.464702 0.143775
vt 0.420662 0.143775
vt 0.464702 0.171075
vt 0.420662 0.171075
vt 0.464702 0.198776
vt 0.420662 0.198776
vt 0.464702 0.227275
vt 0.420662 0.227275
vt 0.464702 0.255875
vt 0.420662 0.255875
vt 0.464702 0.283576
vt 0.420662 0.283576
vt 0.464702 0.310876
vt 0.420662 0.310876
vt 0.464702 0.337875
vt 0.420662 0.337875
vt 0.464702 0.364776
vt 0.420662 0.364776
vt 0.464702 0.391876
vt 0.420662 0.391876
vt 0.464702 0.419075
vt 0.420662 0.419075
vt 0.464702 0.446875
vt 0.420662 0.446875
vt 0.415102 0.503875
vt 0.415102 0.475376
vt 0.415102 0.531576
vt 0.415102 0.558876
vt 0.415102 0.585876
vt 0.415102 0.612876
vt 0.415102 0.639875
vt 0.415102 0.667175
vt 0.415102 0.694875
vt 0.415102 0.723375
vt 0.415102 0.751876
vt 0.415102 0.779675
vt 0.415102 0.806875
vt 0.415102 0.833975
vt 0.415102 0.860875
vt 0.415102 0.887976
vt 0.415102 0.915175
vt 0.415102 0.942976
vt 0.415102 0.971475
vt 0.415102 0.999976
vt 0.415102 0.035475
vt 0.415102 0.007775
vt 0.415102 0.062775
vt 0.415102 0.089776
vt 0.415102 0.116775
vt 0.415102 0.143775
vt 0.415102 0.171075
vt 0.415102 0.198776
vt 0.415102 0.227275
vt 0.415102 0.255875
vt 0.415102 0.283576
vt 0.415102 0.310876
vt 0.415102 0.337875
vt 0.415102 0.364776
vt 0.415102 0.391876
vt 0.415102 0.419075
vt 0.415102 0.446875
vt 0.410302 0.503875
vt 0.410302 0.475376
vt 0.410302 0.531576
vt 0.410302 0.558876
vt 0.410302 0.585876
vt 0.410302 0.612876
vt 0.410302 0.639875
vt 0.410302 0.667175
vt 0.410302 0.694875
vt 0.410302 0.723375
vt 0.410302 0.751876
vt 0.410302 0.779675
vt 0.410302 0.806875
vt 0.410302 0.833975
vt 0.410302 0.860875
vt 0.410302 0.887976
vt 0.410302 0.915175
vt 0.410302 0.942976
vt 0.410302 0.971475
vt 0.410302 0.999976
vt 0.410302 0.035475
vt 0.410302 0.007775
vt 0.410302 0.062775
vt 0.410302 0.089776
vt 0.410302 0.116775
vt 0.410302 0.143775
vt 0.410302 0.171075
vt 0.410302 0.198776
vt 0.410302 0.227275
vt 0.410302 0.255875
vt 0.410302 0.283576
vt 0.410302 0.310876
vt 0.410302 0.337875
vt 0.410302 0.364776
vt 0.410302 0.391876
vt 0.410302 0.419075
vt 0.410302 0.446875
vt 0.400062 0.503875
vt 0.400062 0.475376
vt 0.400062 0.531576
vt 0.400062 0.558876
vt 0.400062 0.585876
vt 0.400062 0.612876
vt 0.400062 0.639875
vt 0.400062 0.667175
vt 0.400062 0.694875
vt 0.400062 0.723375
vt 0.400062 0.751876
vt 0.400062 0.779675
vt 0.400062 0.806875
vt 0.400062 0.833975
vt 0.400062 0.860875
vt 0.400062 0.887976
vt 0.400062 0.915175
vt 0.400062 0.942976
vt 0.400062 0.971475
vt 0.400062 0.999976
vt 0.400062 0.035475
vt 0.400062 0.007775
vt 0.400062 0.062775
vt 0.400062 0.089776
vt 0.400062 0.116775
vt 0.400062 0.143775
vt 0.400062 0.171075
vt 0.400062 0.198776
vt 0.400062 0.227275
vt 0.400062 0.255875
vt 0.400062 0.283576
vt 0.400062 0.310876
vt 0.400062 0.337875
vt 0.400062 0.364776
vt 0.400062 0.391876
vt 0.400062 0.419075
vt 0.400062 0.446875
vt 0.679702 0.942775
vt 0.681062 0.930075
vt 0.696623 0.937176
vt 0.696142 0.950176
vt 0.664463 0.928475
vt 0.666702 0.916676
vt 0.650663 0.908175
vt 0.653702 0.897475
vt 0.638582 0.882475
vt 0.642262 0.873276
vt 0.628422 0.852076
vt 0.632703 0.844575
vt 0.620463 0.817775
vt 0.625182 0.812275
vt 0.614942 0.780276
vt 0.619982 0.776775
vt 0.612023 0.740276
vt 0.617263 0.739075
vt 0.612023 0.698475
vt 0.617263 0.699575
vt 0.615022 0.657275
vt 0.620063 0.660775
vt 0.620702 0.619175
vt 0.625422 0.624775
vt 0.628823 0.584675
vt 0.633103 0.592276
vt 0.639102 0.554475
vt 0.642783 0.563775
vt 0.651262 0.529176
vt 0.654262 0.539876
vt 0.664982 0.509275
vt 0.667222 0.521075
vt 0.679982 0.495375
vt 0.681382 0.507976
vt 0.696022 0.488175
vt 0.696502 0.501175
vt 0.712743 0.488175
vt 0.712262 0.501175
vt 0.729182 0.495575
vt 0.727782 0.508276
vt 0.744422 0.509875
vt 0.742182 0.521675
vt 0.758223 0.530176
vt 0.755182 0.540875
vt 0.770302 0.555875
vt 0.766582 0.565076
vt 0.780462 0.586276
vt 0.776182 0.593776
vt 0.788423 0.620575
vt 0.783662 0.626076
vt 0.793942 0.658076
vt 0.788902 0.661575
vt 0.796822 0.698075
vt 0.791622 0.699275
vt 0.796822 0.739875
vt 0.791622 0.738775
vt 0.793863 0.781075
vt 0.788822 0.777575
vt 0.788182 0.819175
vt 0.783422 0.813576
vt 0.780023 0.853675
vt 0.775783 0.846075
vt 0.769742 0.883875
vt 0.766062 0.874575
vt 0.757622 0.909176
vt 0.754622 0.898475
vt 0.743903 0.929075
vt 0.741663 0.917275
vt 0.728862 0.942976
vt 0.727503 0.930376
vt 0.712862 0.950176
vt 0.712382 0.937176
vt 0.682702 0.915576
vt 0.697143 0.922175
vt 0.669302 0.903076
vt 0.657182 0.885275
vt 0.646542 0.862675
vt 0.637663 0.835975
vt 0.630662 0.805875
vt 0.625782 0.772875
vt 0.623263 0.737675
vt 0.623263 0.700975
vt 0.625863 0.664775
vt 0.630862 0.631275
vt 0.638023 0.600976
vt 0.647022 0.574475
vt 0.657702 0.552176
vt 0.669782 0.534675
vt 0.682943 0.522575
vt 0.697022 0.516176
vt 0.711743 0.516176
vt 0.726182 0.522775
vt 0.739582 0.535276
vt 0.751702 0.553075
vt 0.762303 0.575675
vt 0.771223 0.602376
vt 0.778223 0.632475
vt 0.783102 0.665475
vt 0.785623 0.700675
vt 0.785623 0.737375
vt 0.783023 0.773575
vt 0.778022 0.807076
vt 0.770863 0.837376
vt 0.761822 0.863876
vt 0.751182 0.886176
vt 0.739103 0.903675
vt 0.725902 0.915775
vt 0.711822 0.922175
vt 0.683942 0.904275
vt 0.697542 0.910475
vt 0.671302 0.892475
vt 0.659903 0.875675
vt 0.649862 0.854375
vt 0.641463 0.829275
vt 0.634902 0.800875
vt 0.630303 0.769776
vt 0.627902 0.736676
vt 0.627902 0.701975
vt 0.630382 0.667875
vt 0.635102 0.636375
vt 0.641823 0.607776
vt 0.650342 0.582775
vt 0.660382 0.561776
vt 0.671782 0.545276
vt 0.684182 0.533875
vt 0.697462 0.527875
vt 0.711302 0.527875
vt 0.724943 0.534075
vt 0.737583 0.545875
vt 0.748983 0.562675
vt 0.758982 0.583975
vt 0.767383 0.609075
vt 0.773982 0.637475
vt 0.778583 0.668575
vt 0.780942 0.701675
vt 0.780942 0.736376
vt 0.778502 0.770476
vt 0.773782 0.801975
vt 0.767062 0.830575
vt 0.758542 0.855576
vt 0.748462 0.876575
vt 0.737102 0.893075
vt 0.724662 0.904476
vt 0.711422 0.910475
vt 0.698063 0.776875
vt 0.702302 0.778776
vt 0.694102 0.773175
vt 0.690542 0.767976
vt 0.687422 0.761275
vt 0.684822 0.753475
vt 0.682782 0.744676
vt 0.681343 0.734976
vt 0.680582 0.724576
vt 0.680582 0.713776
vt 0.681343 0.703175
vt 0.682822 0.693375
vt 0.684942 0.684475
vt 0.687582 0.676675
vt 0.690702 0.670175
vt 0.694262 0.664975
vt 0.698142 0.661376
vt 0.702263 0.659576
vt 0.706582 0.659576
vt 0.710823 0.661475
vt 0.714782 0.665175
vt 0.718302 0.670375
vt 0.721422 0.677076
vt 0.724062 0.684875
vt 0.726103 0.693676
vt 0.727543 0.703376
vt 0.728302 0.713776
vt 0.728302 0.724576
vt 0.727503 0.735175
vt 0.726062 0.744976
vt 0.723942 0.753875
vt 0.721302 0.761675
vt 0.718142 0.768175
vt 0.714622 0.773376
vt 0.710742 0.776976
vt 0.706623 0.778776
vt 0.699823 0.760675
vt 0.702902 0.762075
vt 0.697022 0.757976
vt 0.694462 0.754276
vt 0.692223 0.749475
vt 0.690343 0.743876
vt 0.688863 0.737476
vt 0.687823 0.730475
vt 0.687303 0.723076
vt 0.687303 0.715275
vt 0.687823 0.707676
vt 0.688903 0.700575
vt 0.690422 0.694175
vt 0.692302 0.688576
vt 0.694582 0.683876
vt 0.697102 0.680175
vt 0.699902 0.677675
vt 0.702862 0.676275
vt 0.705983 0.676275
vt 0.709022 0.677675
vt 0.711863 0.680376
vt 0.714422 0.684075
vt 0.716663 0.688875
vt 0.718543 0.694475
vt 0.720022 0.700876
vt 0.721062 0.707875
vt 0.721583 0.715275
vt 0.721583 0.723076
vt 0.721023 0.730676
vt 0.719982 0.737776
vt 0.718462 0.744175
vt 0.716542 0.749775
vt 0.714302 0.754475
vt 0.711743 0.758175
vt 0.708982 0.760675
vt 0.705983 0.762075
vt 0.704422 0.719176
vt 0.467582 0.475376
vt 0.467582 0.503875
vt 0.467582 0.446875
vt 0.467582 0.419075
vt 0.467582 0.391876
vt 0.467582 0.364776
vt 0.467582 0.337875
vt 0.467582 0.310876
vt 0.467582 0.283576
vt 0.467582 0.255875
vt 0.467582 0.227275
vt 0.467582 0.198776
vt 0.467582 0.171075
vt 0.467582 0.143775
vt 0.467582 0.116775
vt 0.467582 0.089776
vt 0.467582 0.062775
vt 0.467582 0.035475
vt 0.467582 0.007775
vt 0.467582 0.971475
vt 0.467582 0.999976
vt 0.467582 0.942976
vt 0.467582 0.915175
vt 0.467582 0.887976
vt 0.467582 0.860875
vt 0.467582 0.833975
vt 0.467582 0.806875
vt 0.467582 0.779675
vt 0.467582 0.751876
vt 0.467582 0.723375
vt 0.467582 0.694875
vt 0.467582 0.667175
vt 0.467582 0.639875
vt 0.467582 0.612876
vt 0.467582 0.585876
vt 0.467582 0.558876
vt 0.467582 0.531576
vt 0.469502 0.475376
vt 0.469502 0.503875
vt 0.469502 0.446875
vt 0.469502 0.419075
vt 0.469502 0.391876
vt 0.469502 0.364776
vt 0.469502 0.337875
vt 0.469502 0.310876
vt 0.469502 0.283576
vt 0.469502 0.255875
vt 0.469502 0.227275
vt 0.469502 0.198776
vt 0.469502 0.171075
vt 0.469502 0.143775
vt 0.469502 0.116775
vt 0.469502 0.089776
vt 0.469502 0.062775
vt 0.469502 0.035475
vt 0.469502 0.007775
vt 0.469502 0.971475
vt 0.469502 0.999976
vt 0.469502 0.942976
vt 0.469502 0.915175
vt 0.469502 0.887976
vt 0.469502 0.860875
vt 0.469502 0.833975
vt 0.469502 0.806875
vt 0.469502 0.779675
vt 0.469502 0.751876
vt 0.469502 0.723375
vt 0.469502 0.694875
vt 0.469502 0.667175
vt 0.469502 0.639875
vt 0.469502 0.612876
vt 0.469502 0.585876
vt 0.469502 0.558876
vt 0.469502 0.531576
vt 0.472702 0.475376
vt 0.472702 0.503875
vt 0.472702 0.446875
vt 0.472702 0.419075
vt 0.472702 0.391876
vt 0.472702 0.364776
vt 0.472702 0.337875
vt 0.472702 0.310876
vt 0.472702 0.283576
vt 0.472702 0.255875
vt 0.472702 0.227275
vt 0.472702 0.198776
vt 0.472702 0.171075
vt 0.472702 0.143775
vt 0.472702 0.116775
vt 0.472702 0.089776
vt 0.472702 0.062775
vt 0.472702 0.035475
vt 0.472702 0.007775
vt 0.472702 0.971475
vt 0.472702 0.999976
vt 0.472702 0.942976
vt 0.472702 0.915175
vt 0.472702 0.887976
vt 0.472702 0.860875
vt 0.472702 0.833975
vt 0.472702 0.806875
vt 0.472702 0.779675
vt 0.472702 0.751876
vt 0.472702 0.723375
vt 0.472702 0.694875
vt 0.472702 0.667175
vt 0.472702 0.639875
vt 0.472702 0.612876
vt 0.472702 0.585876
vt 0.472702 0.558876
vt 0.472702 0.531576
vt 0.487982 0.475376
vt 0.487982 0.503875
vt 0.487982 0.446875
vt 0.487982 0.419075
vt 0.487982 0.391876
vt 0.487982 0.364776
vt 0.487982 0.337875
vt 0.487982 0.310876
vt 0.487982 0.283576
vt 0.487982 0.255875
vt 0.487982 0.227275
vt 0.487982 0.198776
vt 0.487982 0.171075
vt 0.487982 0.143775
vt 0.487982 0.116775
vt 0.487982 0.089776
vt 0.487982 0.062775
vt 0.487982 0.035475
vt 0.487982 0.007775
vt 0.487982 0.971475
vt 0.487982 0.999976
vt 0.487982 0.942976
vt 0.487982 0.915175
vt 0.487982 0.887976
vt 0.487982 0.860875
vt 0.487982 0.833975
vt 0.487982 0.806875
vt 0.487982 0.779675
vt 0.487982 0.751876
vt 0.487982 0.723375
vt 0.487982 0.694875
vt 0.487982 0.667175
vt 0.487982 0.639875
vt 0.487982 0.612876
vt 0.487982 0.585876
vt 0.487982 0.558876
vt 0.487982 0.531576
vt 0.489822 0.475376
vt 0.489822 0.503875
vt 0.489822 0.446875
vt 0.489822 0.419075
vt 0.489822 0.391876
vt 0.489822 0.364776
vt 0.489822 0.337875
vt 0.489822 0.310876
vt 0.489822 0.283576
vt 0.489822 0.255875
vt 0.489822 0.227275
vt 0.489822 0.198776
vt 0.489822 0.171075
vt 0.489822 0.143775
vt 0.489822 0.116775
vt 0.489822 0.089776
vt 0.489822 0.062775
vt 0.489822 0.035475
vt 0.489822 0.007775
vt 0.489822 0.971475
vt 0.489822 0.999976
vt 0.489822 0.942976
vt 0.489822 0.915175
vt 0.489822 0.887976
vt 0.489822 0.860875
vt 0.489822 0.833975
vt 0.489822 0.806875
vt 0.489822 0.779675
vt 0.489822 0.751876
vt 0.489822 0.723375
vt 0.489822 0.694875
vt 0.489822 0.667175
vt 0.489822 0.639875
vt 0.489822 0.612876
vt 0.489822 0.585876
vt 0.489822 0.558876
vt 0.489822 0.531576
vt 0.592102 0.544276
vt 0.592582 0.530775
vt 0.611022 0.530775
vt 0.611502 0.544276
vt 0.572982 0.535576
vt 0.574422 0.522575
vt 0.555303 0.519076
vt 0.557622 0.506876
vt 0.539302 0.495476
vt 0.542422 0.484475
vt 0.525262 0.465575
vt 0.529103 0.456075
vt 0.513462 0.430275
vt 0.517902 0.422576
vt 0.504262 0.390475
vt 0.509142 0.384775
vt 0.497822 0.346875
vt 0.503022 0.343275
vt 0.494462 0.300375
vt 0.499862 0.299176
vt 0.494462 0.251776
vt 0.499862 0.253075
vt 0.497942 0.204076
vt 0.503142 0.207675
vt 0.504582 0.159775
vt 0.509422 0.165675
vt 0.514022 0.119776
vt 0.518422 0.127676
vt 0.525943 0.084776
vt 0.529742 0.094276
vt 0.540062 0.055275
vt 0.543142 0.066375
vt 0.555982 0.032175
vt 0.558302 0.044475
vt 0.573422 0.016176
vt 0.574862 0.029175
vt 0.592022 0.007775
vt 0.592503 0.021176
vt 0.611463 0.007775
vt 0.610943 0.021176
vt 0.630542 0.016475
vt 0.629102 0.029475
vt 0.648263 0.032975
vt 0.645902 0.045175
vt 0.664262 0.056576
vt 0.661143 0.067575
vt 0.678302 0.086475
vt 0.674462 0.095975
vt 0.690062 0.121776
vt 0.685623 0.129475
vt 0.699302 0.161575
vt 0.694422 0.167275
vt 0.705702 0.205175
vt 0.700503 0.208676
vt 0.709063 0.251675
vt 0.703702 0.252876
vt 0.709063 0.300175
vt 0.703702 0.298975
vt 0.705583 0.347975
vt 0.700382 0.344375
vt 0.698982 0.392275
vt 0.694102 0.386375
vt 0.689542 0.432276
vt 0.685142 0.424376
vt 0.677582 0.467276
vt 0.673783 0.457776
vt 0.663502 0.496776
vt 0.660382 0.485675
vt 0.647542 0.519875
vt 0.645262 0.507576
vt 0.630102 0.535875
vt 0.628702 0.522875
vt 0.593102 0.516275
vt 0.610502 0.516275
vt 0.575983 0.508475
vt 0.560142 0.493676
vt 0.545783 0.472475
vt 0.533222 0.445776
vt 0.522702 0.414175
vt 0.514422 0.378475
vt 0.508662 0.339475
vt 0.505662 0.297875
vt 0.505662 0.254375
vt 0.508783 0.211576
vt 0.514742 0.171975
vt 0.523182 0.136075
vt 0.533862 0.104676
vt 0.546502 0.078375
vt 0.560782 0.057675
vt 0.576382 0.043276
vt 0.593063 0.035775
vt 0.610462 0.035775
vt 0.627582 0.043575
vt 0.643423 0.058375
vt 0.657742 0.079575
vt 0.670303 0.106275
vt 0.680863 0.137875
vt 0.689102 0.173575
vt 0.694863 0.212575
vt 0.697862 0.254175
vt 0.697862 0.297675
vt 0.694743 0.340475
vt 0.688822 0.380075
vt 0.680342 0.415975
vt 0.669662 0.447376
vt 0.657022 0.473675
vt 0.642742 0.494375
vt 0.627143 0.508775
vt 0.593742 0.498576
vt 0.609863 0.498576
vt 0.577862 0.491376
vt 0.563182 0.477675
vt 0.549902 0.458075
vt 0.538262 0.433275
vt 0.528502 0.404076
vt 0.520822 0.370975
vt 0.515502 0.334776
vt 0.512742 0.296175
vt 0.512742 0.255875
vt 0.515622 0.216276
vt 0.521102 0.179576
vt 0.528942 0.146375
vt 0.538862 0.117275
vt 0.550542 0.092875
vt 0.563782 0.073675
vt 0.578263 0.060375
vt 0.593702 0.053475
vt 0.609822 0.053475
vt 0.625663 0.060675
vt 0.640342 0.074376
vt 0.653622 0.093975
vt 0.665262 0.118775
vt 0.675023 0.147976
vt 0.682702 0.181076
vt 0.688023 0.217276
vt 0.690782 0.255875
vt 0.690823 0.296075
vt 0.687902 0.335775
vt 0.682422 0.372476
vt 0.674582 0.405676
vt 0.664663 0.434776
vt 0.652982 0.459175
vt 0.639743 0.478375
vt 0.625262 0.491675
vt 0.594423 0.479176
vt 0.609142 0.479176
vt 0.579942 0.472575
vt 0.566543 0.460075
vt 0.554422 0.442176
vt 0.543782 0.419575
vt 0.534862 0.392875
vt 0.527902 0.362675
vt 0.523022 0.329675
vt 0.520503 0.294375
vt 0.520503 0.257675
vt 0.523143 0.221475
vt 0.528142 0.187975
vt 0.535302 0.157676
vt 0.544342 0.131076
vt 0.555022 0.108775
vt 0.567102 0.091375
vt 0.580302 0.079176
vt 0.594423 0.072875
vt 0.609142 0.072875
vt 0.623583 0.079475
vt 0.637022 0.091976
vt 0.649142 0.109876
vt 0.659743 0.132475
vt 0.668662 0.159176
vt 0.675662 0.189375
vt 0.680503 0.222376
vt 0.683022 0.257575
vt 0.683022 0.294375
vt 0.680422 0.330575
vt 0.675383 0.364075
vt 0.668223 0.394376
vt 0.659182 0.420976
vt 0.648503 0.443275
vt 0.636422 0.460676
vt 0.623223 0.472876
vt 0.596062 0.431475
vt 0.607342 0.431576
vt 0.584982 0.426376
vt 0.574742 0.416775
vt 0.565462 0.403075
vt 0.557342 0.385675
vt 0.550542 0.365276
vt 0.545182 0.342175
vt 0.541502 0.316875
vt 0.539542 0.289876
vt 0.539582 0.261775
vt 0.541622 0.234075
vt 0.545462 0.208476
vt 0.550942 0.185275
vt 0.557903 0.164975
vt 0.566062 0.147976
vt 0.575302 0.134575
vt 0.585422 0.125275
vt 0.596222 0.120476
vt 0.607463 0.120575
vt 0.618542 0.125675
vt 0.628782 0.135275
vt 0.638062 0.148975
vt 0.646182 0.166276
vt 0.652982 0.186776
vt 0.658343 0.209875
vt 0.662062 0.235175
vt 0.663983 0.262075
vt 0.663943 0.290275
vt 0.661903 0.317975
vt 0.658062 0.343576
vt 0.652582 0.366775
vt 0.645662 0.387075
vt 0.637463 0.404076
vt 0.628222 0.417475
vt 0.618102 0.426675
vt 0.596582 0.417775
vt 0.606822 0.417775
vt 0.586462 0.413076
vt 0.577142 0.404276
vt 0.568662 0.391775
vt 0.561262 0.375975
vt 0.555062 0.357376
vt 0.550222 0.336275
vt 0.546822 0.313275
vt 0.545062 0.288675
vt 0.545102 0.262975
vt 0.546942 0.237776
vt 0.550462 0.214375
vt 0.555462 0.193276
vt 0.561782 0.174775
vt 0.569222 0.159275
vt 0.577662 0.147075
vt 0.586863 0.138676
vt 0.596703 0.134275
vt 0.606982 0.134275
vt 0.617063 0.138976
vt 0.626423 0.147776
vt 0.634863 0.160275
vt 0.642262 0.176075
vt 0.648462 0.194676
vt 0.653342 0.215775
vt 0.656702 0.238775
vt 0.658462 0.263375
vt 0.658462 0.289075
vt 0.656583 0.314276
vt 0.653103 0.337675
vt 0.648062 0.358775
vt 0.641782 0.377275
vt 0.634303 0.392776
vt 0.625863 0.404976
vt 0.616663 0.413375
vt 0.601783 0.275975
s 1
usemtl Tire
f 5478/4943/5184 5479/4944/5185 5480/4945/5186 5481/4946/5187
f 5482/4947/5188 5483/4948/5189 5479/4944/5185 5478/4943/5184
f 5484/4949/5190 5485/4950/5191 5483/4948/5189 5482/4947/5188
f 5486/4951/5192 5487/4952/5193 5485/4950/5191 5484/4949/5190
f 5488/4953/5194 5489/4954/5195 5487/4952/5193 5486/4951/5192
f 5490/4955/5196 5491/4956/5197 5489/4954/5195 5488/4953/5194
f 5492/4957/5198 5493/4958/5199 5491/4956/5197 5490/4955/5196
f 5494/4959/5200 5495/4960/5201 5493/4958/5199 5492/4957/5198
f 5496/4961/5202 5497/4962/5203 5495/4960/5201 5494/4959/5200
f 5498/4963/5204 5499/4964/5205 5497/4962/5203 5496/4961/5202
f 5500/4965/5206 5501/4966/5207 5499/4964/5205 5498/4963/5204
f 5502/4967/5208 5503/4968/5209 5501/4966/5207 5500/4965/5206
f 5504/4969/5210 5505/4970/5211 5503/4968/5209 5502/4967/5208
f 5506/4971/5212 5507/4972/5213 5505/4970/5211 5504/4969/5210
f 5508/4973/5214 5509/4974/5215 5507/4972/5213 5506/4971/5212
f 5510/4975/5216 5511/4976/5217 5509/4974/5215 5508/4973/5214
f 5512/4977/5218 5513/4978/5219 5511/4976/5217 5510/4975/5216
f 5514/4979/5220 5515/4980/5221 5513/4978/5219 5512/4977/5218
f 5516/4981/5222 5517/4982/5223 5515/4980/5221 5514/4979/5220
f 5518/4983/5224 5519/4984/5225 5517/4985/5223 5516/4986/5222
f 5520/4987/5226 5521/4988/5227 5519/4984/5225 5518/4983/5224
f 5522/4989/5228 5523/4990/5229 5521/4988/5227 5520/4987/5226
f 5524/4991/5230 5525/4992/5231 5523/4990/5229 5522/4989/5228
f 5526/4993/5232 5527/4994/5233 5525/4992/5231 5524/4991/5230
f 5528/4995/5234 5529/4996/5235 5527/4994/5233 5526/4993/5232
f 5530/4997/5236 5531/4998/5237 5529/4996/5235 5528/4995/5234
f 5532/4999/5238 5533/5000/5239 5531/4998/5237 5530/4997/5236
f 5534/5001/5240 5535/5002/5241 5533/5000/5239 5532/4999/5238
f 5536/5003/5242 5537/5004/5243 5535/5002/5241 5534/5001/5240
f 5538/5005/5244 5539/5006/5245 5537/5004/5243 5536/5003/5242
f 5540/5007/5246 5541/5008/5247 5539/5006/5245 5538/5005/5244
f 5542/5009/5248 5543/5010/5249 5541/5008/5247 5540/5007/5246
f 5544/5011/5250 5545/5012/5251 5543/5010/5249 5542/5009/5248
f 5546/5013/5252 5547/5014/5253 5545/5012/5251 5544/5011/5250
f 5548/5015/5254 5549/5016/5255 5547/5014/5253 5546/5013/5252
f 5481/4946/5187 5480/4945/5186 5549/5016/5255 5548/5015/5254
f 5479/4944/5185 5550/5017/5256 5551/5018/5257 5480/4945/5186
f 5483/4948/5189 5552/5019/5258 5550/5017/5256 5479/4944/5185
f 5485/4950/5191 5553/5020/5259 5552/5019/5258 5483/4948/5189
f 5487/4952/5193 5554/5021/5260 5553/5020/5259 5485/4950/5191
f 5489/4954/5195 5555/5022/5261 5554/5021/5260 5487/4952/5193
f 5491/4956/5197 5556/5023/5262 5555/5022/5261 5489/4954/5195
f 5493/4958/5199 5557/5024/5263 5556/5023/5262 5491/4956/5197
f 5495/4960/5201 5558/5025/5264 5557/5024/5263 5493/4958/5199
f 5497/4962/5203 5559/5026/5265 5558/5025/5264 5495/4960/5201
f 5499/4964/5205 5560/5027/5266 5559/5026/5265 5497/4962/5203
f 5501/4966/5207 5561/5028/5267 5560/5027/5266 5499/4964/5205
f 5503/4968/5209 5562/5029/5268 5561/5028/5267 5501/4966/5207
f 5505/4970/5211 5563/5030/5269 5562/5029/5268 5503/4968/5209
f 5507/4972/5213 5564/5031/5270 5563/5030/5269 5505/4970/5211
f 5509/4974/5215 5565/5032/5271 5564/5031/5270 5507/4972/5213
f 5511/4976/5217 5566/5033/5272 5565/5032/5271 5509/4974/5215
f 5513/4978/5219 5567/5034/5273 5566/5033/5272 5511/4976/5217
f 5515/4980/5221 5568/5035/5274 5567/5034/5273 5513/4978/5219
f 5517/4982/5223 5569/5036/5275 5568/5035/5274 5515/4980/5221
f 5519/4984/5225 5570/5037/5276 5569/5038/5275 5517/4985/5223
f 5521/4988/5227 5571/5039/5277 5570/5037/5276 5519/4984/5225
f 5523/4990/5229 5572/5040/5278 5571/5039/5277 5521/4988/5227
f 5525/4992/5231 5573/5041/5279 5572/5040/5278 5523/4990/5229
f 5527/4994/5233 5574/5042/5280 5573/5041/5279 5525/4992/5231
f 5529/4996/5235 5575/5043/5281 5574/5042/5280 5527/4994/5233
f 5531/4998/5237 5576/5044/5282 5575/5043/5281 5529/4996/5235
f 5533/5000/5239 5577/5045/5283 5576/5044/5282 5531/4998/5237
f 5535/5002/5241 5578/5046/5284 5577/5045/5283 5533/5000/5239
f 5537/5004/5243 5579/5047/5285 5578/5046/5284 5535/5002/5241
f 5539/5006/5245 5580/5048/5286 5579/5047/5285 5537/5004/5243
f 5541/5008/5247 5581/5049/5287 5580/5048/5286 5539/5006/5245
f 5543/5010/5249 5582/5050/5288 5581/5049/5287 5541/5008/5247
f 5545/5012/5251 5583/5051/5289 5582/5050/5288 5543/5010/5249
f 5547/5014/5253 5584/5052/5290 5583/5051/5289 5545/5012/5251
f 5549/5016/5255 5585/5053/5291 5584/5052/5290 5547/5014/5253
f 5480/4945/5186 5551/5018/5257 5585/5053/5291 5549/5016/5255
f 5550/5017/5256 5586/5054/5292 5587/5055/5293 5551/5018/5257
f 5552/5019/5258 5588/5056/5294 5586/5054/5292 5550/5017/5256
f 5553/5020/5259 5589/5057/5295 5588/5056/5294 5552/5019/5258
f 5554/5021/5260 5590/5058/5296 5589/5057/5295 5553/5020/5259
f 5555/5022/5261 5591/5059/5297 5590/5058/5296 5554/5021/5260
f 5556/5023/5262 5592/5060/5298 5591/5059/5297 5555/5022/5261
f 5557/5024/5263 5593/5061/5299 5592/5060/5298 5556/5023/5262
f 5558/5025/5264 5594/5062/5300 5593/5061/5299 5557/5024/5263
f 5559/5026/5265 5595/5063/5301 5594/5062/5300 5558/5025/5264
f 5560/5027/5266 5596/5064/5302 5595/5063/5301 5559/5026/5265
f 5561/5028/5267 5597/5065/5303 5596/5064/5302 5560/5027/5266
f 5562/5029/5268 5598/5066/5304 5597/5065/5303 5561/5028/5267
f 5563/5030/5269 5599/5067/5305 5598/5066/5304 5562/5029/5268
f 5564/5031/5270 5600/5068/5306 5599/5067/5305 5563/5030/5269
f 5565/5032/5271 5601/5069/5307 5600/5068/5306 5564/5031/5270
f 5566/5033/5272 5602/5070/5308 5601/5069/5307 5565/5032/5271
f 5567/5034/5273 5603/5071/5309 5602/5070/5308 5566/5033/5272
f 5568/5035/5274 5604/5072/5310 5603/5071/5309 5567/5034/5273
f 5569/5036/5275 5605/5073/5311 5604/5072/5310 5568/5035/5274
f 5570/5037/5276 5606/5074/5312 5605/5075/5311 5569/5038/5275
f 5571/5039/5277 5607/5076/5313 5606/5074/5312 5570/5037/5276
f 5572/5040/5278 5608/5077/5314 5607/5076/5313 5571/5039/5277
f 5573/5041/5279 5609/5078/5315 5608/5077/5314 5572/5040/5278
f 5574/5042/5280 5610/5079/5316 5609/5078/5315 5573/5041/5279
f 5575/5043/5281 5611/5080/5317 5610/5079/5316 5574/5042/5280
f 5576/5044/5282 5612/5081/5318 5611/5080/5317 5575/5043/5281
f 5577/5045/5283 5613/5082/5319 5612/5081/5318 5576/5044/5282
f 5578/5046/5284 5614/5083/5320 5613/5082/5319 5577/5045/5283
f 5579/5047/5285 5615/5084/5321 5614/5083/5320 5578/5046/5284
f 5580/5048/5286 5616/5085/5322 5615/5084/5321 5579/5047/5285
f 5581/5049/5287 5617/5086/5323 5616/5085/5322 5580/5048/5286
f 5582/5050/5288 5618/5087/5324 5617/5086/5323 5581/5049/5287
f 5583/5051/5289 5619/5088/5325 5618/5087/5324 5582/5050/5288
f 5584/5052/5290 5620/5089/5326 5619/5088/5325 5583/5051/5289
f 5585/5053/5291 5621/5090/5327 5620/5089/5326 5584/5052/5290
f 5551/5018/5257 5587/5055/5293 5621/5090/5327 5585/5053/5291
f 5586/5054/5292 5622/5091/5328 5623/5092/5329 5587/5055/5293
f 5588/5056/5294 5624/5093/5330 5622/5091/5328 5586/5054/5292
f 5589/5057/5295 5625/5094/5331 5624/5093/5330 5588/5056/5294
f 5590/5058/5296 5626/5095/5332 5625/5094/5331 5589/5057/5295
f 5591/5059/5297 5627/5096/5333 5626/5095/5332 5590/5058/5296
f 5592/5060/5298 5628/5097/5334 5627/5096/5333 5591/5059/5297
f 5593/5061/5299 5629/5098/5335 5628/5097/5334 5592/5060/5298
f 5594/5062/5300 5630/5099/5336 5629/5098/5335 5593/5061/5299
f 5595/5063/5301 5631/5100/5337 5630/5099/5336 5594/5062/5300
f 5596/5064/5302 5632/5101/5338 5631/5100/5337 5595/5063/5301
f 5597/5065/5303 5633/5102/5339 5632/5101/5338 5596/5064/5302
f 5598/5066/5304 5634/5103/5340 5633/5102/5339 5597/5065/5303
f 5599/5067/5305 5635/5104/5341 5634/5103/5340 5598/5066/5304
f 5600/5068/5306 5636/5105/5342 5635/5104/5341 5599/5067/5305
f 5601/5069/5307 5637/5106/5343 5636/5105/5342 5600/5068/5306
f 5602/5070/5308 5638/5107/5344 5637/5106/5343 5601/5069/5307
f 5603/5071/5309 5639/5108/5345 5638/5107/5344 5602/5070/5308
f 5604/5072/5310 5640/5109/5346 5639/5108/5345 5603/5071/5309
f 5605/5073/5311 5641/5110/5347 5640/5109/5346 5604/5072/5310
f 5606/5074/5312 5642/5111/5348 5641/5112/5347 5605/5075/5311
f 5607/5076/5313 5643/5113/5349 5642/5111/5348 5606/5074/5312
f 5608/5077/5314 5644/5114/5350 5643/5113/5349 5607/5076/5313
f 5609/5078/5315 5645/5115/5351 5644/5114/5350 5608/5077/5314
f 5610/5079/5316 5646/5116/5352 5645/5115/5351 5609/5078/5315
f 5611/5080/5317 5647/5117/5353 5646/5116/5352 5610/5079/5316
f 5612/5081/5318 5648/5118/5354 5647/5117/5353 5611/5080/5317
f 5613/5082/5319 5649/5119/5355 5648/5118/5354 5612/5081/5318
f 5614/5083/5320 5650/5120/5356 5649/5119/5355 5613/5082/5319
f 5615/5084/5321 5651/5121/5357 5650/5120/5356 5614/5083/5320
f 5616/5085/5322 5652/5122/5358 5651/5121/5357 5615/5084/5321
f 5617/5086/5323 5653/5123/5359 5652/5122/5358 5616/5085/5322
f 5618/5087/5324 5654/5124/5360 5653/5123/5359 5617/5086/5323
f 5619/5088/5325 5655/5125/5361 5654/5124/5360 5618/5087/5324
f 5620/5089/5326 5656/5126/5362 5655/5125/5361 5619/5088/5325
f 5621/5090/5327 5657/5127/5363 5656/5126/5362 5620/5089/5326
f 5587/5055/5293 5623/5092/5329 5657/5127/5363 5621/5090/5327
f 5622/5128/5328 5658/5129/5364 5659/5130/5365 5623/5131/5329
f 5624/5132/5330 5660/5133/5366 5658/5129/5364 5622/5128/5328
f 5625/5134/5331 5661/5135/5367 5660/5133/5366 5624/5132/5330
f 5626/5136/5332 5662/5137/5368 5661/5135/5367 5625/5134/5331
f 5627/5138/5333 5663/5139/5369 5662/5137/5368 5626/5136/5332
f 5628/5140/5334 5664/5141/5370 5663/5139/5369 5627/5138/5333
f 5629/5142/5335 5665/5143/5371 5664/5141/5370 5628/5140/5334
f 5630/5144/5336 5666/5145/5372 5665/5143/5371 5629/5142/5335
f 5631/5146/5337 5667/5147/5373 5666/5145/5372 5630/5144/5336
f 5632/5148/5338 5668/5149/5374 5667/5147/5373 5631/5146/5337
f 5633/5150/5339 5669/5151/5375 5668/5149/5374 5632/5148/5338
f 5634/5152/5340 5670/5153/5376 5669/5151/5375 5633/5150/5339
f 5635/5154/5341 5671/5155/5377 5670/5153/5376 5634/5152/5340
f 5636/5156/5342 5672/5157/5378 5671/5155/5377 5635/5154/5341
f 5637/5158/5343 5673/5159/5379 5672/5157/5378 5636/5156/5342
f 5638/5160/5344 5674/5161/5380 5673/5159/5379 5637/5158/5343
f 5639/5162/5345 5675/5163/5381 5674/5161/5380 5638/5160/5344
f 5640/5164/5346 5676/5165/5382 5675/5163/5381 5639/5162/5345
f 5641/5166/5347 5677/5167/5383 5676/5165/5382 5640/5164/5346
f 5642/5168/5348 5678/5169/5384 5677/5167/5383 5641/5166/5347
f 5643/5170/5349 5679/5171/5385 5678/5169/5384 5642/5168/5348
f 5644/5172/5350 5680/5173/5386 5679/5171/5385 5643/5170/5349
f 5645/5174/5351 5681/5175/5387 5680/5173/5386 5644/5172/5350
f 5646/5176/5352 5682/5177/5388 5681/5175/5387 5645/5174/5351
f 5647/5178/5353 5683/5179/5389 5682/5177/5388 5646/5176/5352
f 5648/5180/5354 5684/5181/5390 5683/5179/5389 5647/5178/5353
f 5649/5182/5355 5685/5183/5391 5684/5181/5390 5648/5180/5354
f 5650/5184/5356 5686/5185/5392 5685/5183/5391 5649/5182/5355
f 5651/5186/5357 5687/5187/5393 5686/5185/5392 5650/5184/5356
f 5652/5188/5358 5688/5189/5394 5687/5187/5393 5651/5186/5357
f 5653/5190/5359 5689/5191/5395 5688/5189/5394 5652/5188/5358
f 5654/5192/5360 5690/5193/5396 5689/5191/5395 5653/5190/5359
f 5655/5194/5361 5691/5195/5397 5690/5193/5396 5654/5192/5360
f 5656/5196/5362 5692/5197/5398 5691/5195/5397 5655/5194/5361
f 5657/5198/5363 5693/5199/5399 5692/5197/5398 5656/5196/5362
f 5623/5131/5329 5659/5130/5365 5693/5199/5399 5657/5198/5363
f 5658/5129/5364 5694/5200/5400 5695/5201/5401 5659/5130/5365
f 5660/5133/5366 5696/5202/5402 5694/5200/5400 5658/5129/5364
f 5661/5135/5367 5697/5203/5403 5696/5202/5402 5660/5133/5366
f 5662/5137/5368 5698/5204/5404 5697/5203/5403 5661/5135/5367
f 5663/5139/5369 5699/5205/5405 5698/5204/5404 5662/5137/5368
f 5664/5141/5370 5700/5206/5406 5699/5205/5405 5663/5139/5369
f 5665/5143/5371 5701/5207/5407 5700/5206/5406 5664/5141/5370
f 5666/5145/5372 5702/5208/5408 5701/5207/5407 5665/5143/5371
f 5667/5147/5373 5703/5209/5409 5702/5208/5408 5666/5145/5372
f 5668/5149/5374 5704/5210/5410 5703/5209/5409 5667/5147/5373
f 5669/5151/5375 5705/5211/5411 5704/5210/5410 5668/5149/5374
f 5670/5153/5376 5706/5212/5412 5705/5211/5411 5669/5151/5375
f 5671/5155/5377 5707/5213/5413 5706/5212/5412 5670/5153/5376
f 5672/5157/5378 5708/5214/5414 5707/5213/5413 5671/5155/5377
f 5673/5159/5379 5709/5215/5415 5708/5214/5414 5672/5157/5378
f 5674/5161/5380 5710/5216/5416 5709/5215/5415 5673/5159/5379
f 5675/5163/5381 5711/5217/5417 5710/5216/5416 5674/5161/5380
f 5676/5165/5382 5712/5218/5418 5711/5217/5417 5675/5163/5381
f 5677/5167/5383 5713/5219/5419 5712/5218/5418 5676/5165/5382
f 5678/5169/5384 5714/5220/5420 5713/5219/5419 5677/5167/5383
f 5679/5171/5385 5715/5221/5421 5714/5220/5420 5678/5169/5384
f 5680/5173/5386 5716/5222/5422 5715/5221/5421 5679/5171/5385
f 5681/5175/5387 5717/5223/5423 5716/5222/5422 5680/5173/5386
f 5682/5177/5388 5718/5224/5424 5717/5223/5423 5681/5175/5387
f 5683/5179/5389 5719/5225/5425 5718/5224/5424 5682/5177/5388
f 5684/5181/5390 5720/5226/5426 5719/5225/5425 5683/5179/5389
f 5685/5183/5391 5721/5227/5427 5720/5226/5426 5684/5181/5390
f 5686/5185/5392 5722/5228/5428 5721/5227/5427 5685/5183/5391
f 5687/5187/5393 5723/5229/5429 5722/5228/5428 5686/5185/5392
f 5688/5189/5394 5724/5230/5430 5723/5229/5429 5687/5187/5393
f 5689/5191/5395 5725/5231/5431 5724/5230/5430 5688/5189/5394
f 5690/5193/5396 5726/5232/5432 5725/5231/5431 5689/5191/5395
f 5691/5195/5397 5727/5233/5433 5726/5232/5432 5690/5193/5396
f 5692/5197/5398 5728/5234/5434 5727/5233/5433 5691/5195/5397
f 5693/5199/5399 5729/5235/5435 5728/5234/5434 5692/5197/5398
f 5659/5130/5365 5695/5201/5401 5729/5235/5435 5693/5199/5399
f 5694/5200/5400 5730/5236/5436 5731/5237/5437 5695/5201/5401
f 5696/5202/5402 5732/5238/5438 5730/5236/5436 5694/5200/5400
f 5697/5203/5403 5733/5239/5439 5732/5238/5438 5696/5202/5402
f 5698/5204/5404 5734/5240/5440 5733/5239/5439 5697/5203/5403
f 5699/5205/5405 5735/5241/5441 5734/5240/5440 5698/5204/5404
f 5700/5206/5406 5736/5242/5442 5735/5241/5441 5699/5205/5405
f 5701/5207/5407 5737/5243/5443 5736/5242/5442 5700/5206/5406
f 5702/5208/5408 5738/5244/5444 5737/5243/5443 5701/5207/5407
f 5703/5209/5409 5739/5245/5445 5738/5244/5444 5702/5208/5408
f 5704/5210/5410 5740/5246/5446 5739/5245/5445 5703/5209/5409
f 5705/5211/5411 5741/5247/5447 5740/5246/5446 5704/5210/5410
f 5706/5212/5412 5742/5248/5448 5741/5247/5447 5705/5211/5411
f 5707/5213/5413 5743/5249/5449 5742/5248/5448 5706/5212/5412
f 5708/5214/5414 5744/5250/5450 5743/5249/5449 5707/5213/5413
f 5709/5215/5415 5745/5251/5451 5744/5250/5450 5708/5214/5414
f 5710/5216/5416 5746/5252/5452 5745/5251/5451 5709/5215/5415
f 5711/5217/5417 5747/5253/5453 5746/5252/5452 5710/5216/5416
f 5712/5218/5418 5748/5254/5454 5747/5253/5453 5711/5217/5417
f 5713/5219/5419 5749/5255/5455 5748/5254/5454 5712/5218/5418
f 5714/5220/5420 5750/5256/5456 5749/5255/5455 5713/5219/5419
f 5715/5221/5421 5751/5257/5457 5750/5256/5456 5714/5220/5420
f 5716/5222/5422 5752/5258/5458 5751/5257/5457 5715/5221/5421
f 5717/5223/5423 5753/5259/5459 5752/5258/5458 5716/5222/5422
f 5718/5224/5424 5754/5260/5460 5753/5259/5459 5717/5223/5423
f 5719/5225/5425 5755/5261/5461 5754/5260/5460 5718/5224/5424
f 5720/5226/5426 5756/5262/5462 5755/5261/5461 5719/5225/5425
f 5721/5227/5427 5757/5263/5463 5756/5262/5462 5720/5226/5426
f 5722/5228/5428 5758/5264/5464 5757/5263/5463 5721/5227/5427
f 5723/5229/5429 5759/5265/5465 5758/5264/5464 5722/5228/5428
f 5724/5230/5430 5760/5266/5466 5759/5265/5465 5723/5229/5429
f 5725/5231/5431 5761/5267/5467 5760/5266/5466 5724/5230/5430
f 5726/5232/5432 5762/5268/5468 5761/5267/5467 5725/5231/5431
f 5727/5233/5433 5763/5269/5469 5762/5268/5468 5726/5232/5432
f 5728/5234/5434 5764/5270/5470 5763/5269/5469 5727/5233/5433
f 5729/5235/5435 5765/5271/5471 5764/5270/5470 5728/5234/5434
f 5695/5201/5401 5731/5237/5437 5765/5271/5471 5729/5235/5435
f 5730/5236/5436 5766/5272/5472 5767/5273/5473 5731/5237/5437
f 5732/5238/5438 5768/5274/5474 5766/5272/5472 5730/5236/5436
f 5733/5239/5439 5769/5275/5475 5768/5274/5474 5732/5238/5438
f 5734/5240/5440 5770/5276/5476 5769/5275/5475 5733/5239/5439
f 5735/5241/5441 5771/5277/5477 5770/5276/5476 5734/5240/5440
f 5736/5242/5442 5772/5278/5478 5771/5277/5477 5735/5241/5441
f 5737/5243/5443 5773/5279/5479 5772/5278/5478 5736/5242/5442
f 5738/5244/5444 5774/5280/5480 5773/5279/5479 5737/5243/5443
f 5739/5245/5445 5775/5281/5481 5774/5280/5480 5738/5244/5444
f 5740/5246/5446 5776/5282/5482 5775/5281/5481 5739/5245/5445
f 5741/5247/5447 5777/5283/5483 5776/5282/5482 5740/5246/5446
f 5742/5248/5448 5778/5284/5484 5777/5283/5483 5741/5247/5447
f 5743/5249/5449 5779/5285/5485 5778/5284/5484 5742/5248/5448
f 5744/5250/5450 5780/5286/5486 5779/5285/5485 5743/5249/5449
f 5745/5251/5451 5781/5287/5487 5780/5286/5486 5744/5250/5450
f 5746/5252/5452 5782/5288/5488 5781/5287/5487 5745/5251/5451
f 5747/5253/5453 5783/5289/5489 5782/5288/5488 5746/5252/5452
f 5748/5254/5454 5784/5290/5490 5783/5289/5489 5747/5253/5453
f 5749/5255/5455 5785/5291/5491 5784/5290/5490 5748/5254/5454
f 5750/5256/5456 5786/5292/5492 5785/5291/5491 5749/5255/5455
f 5751/5257/5457 5787/5293/5493 5786/5292/5492 5750/5256/5456
f 5752/5258/5458 5788/5294/5494 5787/5293/5493 5751/5257/5457
f 5753/5259/5459 5789/5295/5495 5788/5294/5494 5752/5258/5458
f 5754/5260/5460 5790/5296/5496 5789/5295/5495 5753/5259/5459
f 5755/5261/5461 5791/5297/5497 5790/5296/5496 5754/5260/5460
f 5756/5262/5462 5792/5298/5498 5791/5297/5497 5755/5261/5461
f 5757/5263/5463 5793/5299/5499 5792/5298/5498 5756/5262/5462
f 5758/5264/5464 5794/5300/5500 5793/5299/5499 5757/5263/5463
f 5759/5265/5465 5795/5301/5501 5794/5300/5500 5758/5264/5464
f 5760/5266/5466 5796/5302/5502 5795/5301/5501 5759/5265/5465
f 5761/5267/5467 5797/5303/5503 5796/5302/5502 5760/5266/5466
f 5762/5268/5468 5798/5304/5504 5797/5303/5503 5761/5267/5467
f 5763/5269/5469 5799/5305/5505 5798/5304/5504 5762/5268/5468
f 5764/5270/5470 5800/5306/5506 5799/5305/5505 5763/5269/5469
f 5765/5271/5471 5801/5307/5507 5800/5306/5506 5764/5270/5470
f 5731/5237/5437 5767/5273/5473 5801/5307/5507 5765/5271/5471
f 5766/5272/5472 5802/5308/5508 5803/5309/5509 5767/5273/5473
f 5768/5274/5474 5804/5310/5510 5802/5308/5508 5766/5272/5472
f 5769/5275/5475 5805/5311/5511 5804/5310/5510 5768/5274/5474
f 5770/5276/5476 5806/5312/5512 5805/5311/5511 5769/5275/5475
f 5771/5277/5477 5807/5313/5513 5806/5312/5512 5770/5276/5476
f 5772/5278/5478 5808/5314/5514 5807/5313/5513 5771/5277/5477
f 5773/5279/5479 5809/5315/5515 5808/5314/5514 5772/5278/5478
f 5774/5280/5480 5810/5316/5516 5809/5315/5515 5773/5279/5479
f 5775/5281/5481 5811/5317/5517 5810/5316/5516 5774/5280/5480
f 5776/5282/5482 5812/5318/5518 5811/5317/5517 5775/5281/5481
f 5777/5283/5483 5813/5319/5519 5812/5318/5518 5776/5282/5482
f 5778/5284/5484 5814/5320/5520 5813/5319/5519 5777/5283/5483
f 5779/5285/5485 5815/5321/5521 5814/5320/5520 5778/5284/5484
f 5780/5286/5486 5816/5322/5522 5815/5321/5521 5779/5285/5485
f 5781/5287/5487 5817/5323/5523 5816/5322/5522 5780/5286/5486
f 5782/5288/5488 5818/5324/5524 5817/5323/5523 5781/5287/5487
f 5783/5289/5489 5819/5325/5525 5818/5324/5524 5782/5288/5488
f 5784/5290/5490 5820/5326/5526 5819/5325/5525 5783/5289/5489
f 5785/5291/5491 5821/5327/5527 5820/5326/5526 5784/5290/5490
f 5786/5292/5492 5822/5328/5528 5821/5327/5527 5785/5291/5491
f 5787/5293/5493 5823/5329/5529 5822/5328/5528 5786/5292/5492
f 5788/5294/5494 5824/5330/5530 5823/5329/5529 5787/5293/5493
f 5789/5295/5495 5825/5331/5531 5824/5330/5530 5788/5294/5494
f 5790/5296/5496 5826/5332/5532 5825/5331/5531 5789/5295/5495
f 5791/5297/5497 5827/5333/5533 5826/5332/5532 5790/5296/5496
f 5792/5298/5498 5828/5334/5534 5827/5333/5533 5791/5297/5497
f 5793/5299/5499 5829/5335/5535 5828/5334/5534 5792/5298/5498
f 5794/5300/5500 5830/5336/5536 5829/5335/5535 5793/5299/5499
f 5795/5301/5501 5831/5337/5537 5830/5336/5536 5794/5300/5500
f 5796/5302/5502 5832/5338/5538 5831/5337/5537 5795/5301/5501
f 5797/5303/5503 5833/5339/5539 5832/5338/5538 5796/5302/5502
f 5798/5304/5504 5834/5340/5540 5833/5339/5539 5797/5303/5503
f 5799/5305/5505 5835/5341/5541 5834/5340/5540 5798/5304/5504
f 5800/5306/5506 5836/5342/5542 5835/5341/5541 5799/5305/5505
f 5801/5307/5507 5837/5343/5543 5836/5342/5542 5800/5306/5506
f 5767/5273/5473 5803/5309/5509 5837/5343/5543 5801/5307/5507
f 5803/5309/5509 5802/5308/5508 5838/5344/5544
f 5802/5308/5508 5804/5310/5510 5838/5344/5544
f 5804/5310/5510 5805/5311/5511 5838/5344/5544
f 5805/5311/5511 5806/5312/5512 5838/5344/5544
f 5806/5312/5512 5807/5313/5513 5838/5344/5544
f 5807/5313/5513 5808/5314/5514 5838/5344/5544
f 5808/5314/5514 5809/5315/5515 5838/5344/5544
f 5809/5315/5515 5810/5316/5516 5838/5344/5544
f 5810/5316/5516 5811/5317/5517 5838/5344/5544
f 5811/5317/5517 5812/5318/5518 5838/5344/5544
f 5812/5318/5518 5813/5319/5519 5838/5344/5544
f 5813/5319/5519 5814/5320/5520 5838/5344/5544
f 5814/5320/5520 5815/5321/5521 5838/5344/5544
f 5815/5321/5521 5816/5322/5522 5838/5344/5544
f 5816/5322/5522 5817/5323/5523 5838/5344/5544
f 5817/5323/5523 5818/5324/5524 5838/5344/5544
f 5818/5324/5524 5819/5325/5525 5838/5344/5544
f 5819/5325/5525 5820/5326/5526 5838/5344/5544
f 5820/5326/5526 5821/5327/5527 5838/5344/5544
f 5821/5327/5527 5822/5328/5528 5838/5344/5544
f 5822/5328/5528 5823/5329/5529 5838/5344/5544
f 5823/5329/5529 5824/5330/5530 5838/5344/5544
f 5824/5330/5530 5825/5331/5531 5838/5344/5544
f 5825/5331/5531 5826/5332/5532 5838/5344/5544
f 5826/5332/5532 5827/5333/5533 5838/5344/5544
f 5827/5333/5533 5828/5334/5534 5838/5344/5544
f 5828/5334/5534 5829/5335/5535 5838/5344/5544
f 5829/5335/5535 5830/5336/5536 5838/5344/5544
f 5830/5336/5536 5831/5337/5537 5838/5344/5544
f 5831/5337/5537 5832/5338/5538 5838/5344/5544
f 5832/5338/5538 5833/5339/5539 5838/5344/5544
f 5833/5339/5539 5834/5340/5540 5838/5344/5544
f 5834/5340/5540 5835/5341/5541 5838/5344/5544
f 5835/5341/5541 5836/5342/5542 5838/5344/5544
f 5836/5342/5542 5837/5343/5543 5838/5344/5544
f 5837/5343/5543 5803/5309/5509 5838/5344/5544
f 5481/4946/5187 5839/5345/5545 5840/5346/5546 5478/4943/5184
f 5548/5015/5254 5841/5347/5547 5839/5345/5545 5481/4946/5187
f 5546/5013/5252 5842/5348/5548 5841/5347/5547 5548/5015/5254
f 5544/5011/5250 5843/5349/5549 5842/5348/5548 5546/5013/5252
f 5542/5009/5248 5844/5350/5550 5843/5349/5549 5544/5011/5250
f 5540/5007/5246 5845/5351/5551 5844/5350/5550 5542/5009/5248
f 5538/5005/5244 5846/5352/5552 5845/5351/5551 5540/5007/5246
f 5536/5003/5242 5847/5353/5553 5846/5352/5552 5538/5005/5244
f 5534/5001/5240 5848/5354/5554 5847/5353/5553 5536/5003/5242
f 5532/4999/5238 5849/5355/5555 5848/5354/5554 5534/5001/5240
f 5530/4997/5236 5850/5356/5556 5849/5355/5555 5532/4999/5238
f 5528/4995/5234 5851/5357/5557 5850/5356/5556 5530/4997/5236
f 5526/4993/5232 5852/5358/5558 5851/5357/5557 5528/4995/5234
f 5524/4991/5230 5853/5359/5559 5852/5358/5558 5526/4993/5232
f 5522/4989/5228 5854/5360/5560 5853/5359/5559 5524/4991/5230
f 5520/4987/5226 5855/5361/5561 5854/5360/5560 5522/4989/5228
f 5518/4983/5224 5856/5362/5562 5855/5361/5561 5520/4987/5226
f 5516/4986/5222 5857/5363/5563 5856/5362/5562 5518/4983/5224
f 5514/4979/5220 5858/5364/5564 5857/5365/5563 5516/4981/5222
f 5512/4977/5218 5859/5366/5565 5858/5364/5564 5514/4979/5220
f 5510/4975/5216 5860/5367/5566 5859/5366/5565 5512/4977/5218
f 5508/4973/5214 5861/5368/5567 5860/5367/5566 5510/4975/5216
f 5506/4971/5212 5862/5369/5568 5861/5368/5567 5508/4973/5214
f 5504/4969/5210 5863/5370/5569 5862/5369/5568 5506/4971/5212
f 5502/4967/5208 5864/5371/5570 5863/5370/5569 5504/4969/5210
f 5500/4965/5206 5865/5372/5571 5864/5371/5570 5502/4967/5208
f 5498/4963/5204 5866/5373/5572 5865/5372/5571 5500/4965/5206
f 5496/4961/5202 5867/5374/5573 5866/5373/5572 5498/4963/5204
f 5494/4959/5200 5868/5375/5574 5867/5374/5573 5496/4961/5202
f 5492/4957/5198 5869/5376/5575 5868/5375/5574 5494/4959/5200
f 5490/4955/5196 5870/5377/5576 5869/5376/5575 5492/4957/5198
f 5488/4953/5194 5871/5378/5577 5870/5377/5576 5490/4955/5196
f 5486/4951/5192 5872/5379/5578 5871/5378/5577 5488/4953/5194
f 5484/4949/5190 5873/5380/5579 5872/5379/5578 5486/4951/5192
f 5482/4947/5188 5874/5381/5580 5873/5380/5579 5484/4949/5190
f 5478/4943/5184 5840/5346/5546 5874/5381/5580 5482/4947/5188
f 5839/5345/5545 5875/5382/5581 5876/5383/5582 5840/5346/5546
f 5841/5347/5547 5877/5384/5583 5875/5382/5581 5839/5345/5545
f 5842/5348/5548 5878/5385/5584 5877/5384/5583 5841/5347/5547
f 5843/5349/5549 5879/5386/5585 5878/5385/5584 5842/5348/5548
f 5844/5350/5550 5880/5387/5586 5879/5386/5585 5843/5349/5549
f 5845/5351/5551 5881/5388/5587 5880/5387/5586 5844/5350/5550
f 5846/5352/5552 5882/5389/5588 5881/5388/5587 5845/5351/5551
f 5847/5353/5553 5883/5390/5589 5882/5389/5588 5846/5352/5552
f 5848/5354/5554 5884/5391/5590 5883/5390/5589 5847/5353/5553
f 5849/5355/5555 5885/5392/5591 5884/5391/5590 5848/5354/5554
f 5850/5356/5556 5886/5393/5592 5885/5392/5591 5849/5355/5555
f 5851/5357/5557 5887/5394/5593 5886/5393/5592 5850/5356/5556
f 5852/5358/5558 5888/5395/5594 5887/5394/5593 5851/5357/5557
f 5853/5359/5559 5889/5396/5595 5888/5395/5594 5852/5358/5558
f 5854/5360/5560 5890/5397/5596 5889/5396/5595 5853/5359/5559
f 5855/5361/5561 5891/5398/5597 5890/5397/5596 5854/5360/5560
f 5856/5362/5562 5892/5399/5598 5891/5398/5597 5855/5361/5561
f 5857/5363/5563 5893/5400/5599 5892/5399/5598 5856/5362/5562
f 5858/5364/5564 5894/5401/5600 5893/5402/5599 5857/5365/5563
f 5859/5366/5565 5895/5403/5601 5894/5401/5600 5858/5364/5564
f 5860/5367/5566 5896/5404/5602 5895/5403/5601 5859/5366/5565
f 5861/5368/5567 5897/5405/5603 5896/5404/5602 5860/5367/5566
f 5862/5369/5568 5898/5406/5604 5897/5405/5603 5861/5368/5567
f 5863/5370/5569 5899/5407/5605 5898/5406/5604 5862/5369/5568
f 5864/5371/5570 5900/5408/5606 5899/5407/5605 5863/5370/5569
f 5865/5372/5571 5901/5409/5607 5900/5408/5606 5864/5371/5570
f 5866/5373/5572 5902/5410/5608 5901/5409/5607 5865/5372/5571
f 5867/5374/5573 5903/5411/5609 5902/5410/5608 5866/5373/5572
f 5868/5375/5574 5904/5412/5610 5903/5411/5609 5867/5374/5573
f 5869/5376/5575 5905/5413/5611 5904/5412/5610 5868/5375/5574
f 5870/5377/5576 5906/5414/5612 5905/5413/5611 5869/5376/5575
f 5871/5378/5577 5907/5415/5613 5906/5414/5612 5870/5377/5576
f 5872/5379/5578 5908/5416/5614 5907/5415/5613 5871/5378/5577
f 5873/5380/5579 5909/5417/5615 5908/5416/5614 5872/5379/5578
f 5874/5381/5580 5910/5418/5616 5909/5417/5615 5873/5380/5579
f 5840/5346/5546 5876/5383/5582 5910/5418/5616 5874/5381/5580
f 5875/5382/5581 5911/5419/5617 5912/5420/5618 5876/5383/5582
f 5877/5384/5583 5913/5421/5619 5911/5419/5617 5875/5382/5581
f 5878/5385/5584 5914/5422/5620 5913/5421/5619 5877/5384/5583
f 5879/5386/5585 5915/5423/5621 5914/5422/5620 5878/5385/5584
f 5880/5387/5586 5916/5424/5622 5915/5423/5621 5879/5386/5585
f 5881/5388/5587 5917/5425/5623 5916/5424/5622 5880/5387/5586
f 5882/5389/5588 5918/5426/5624 5917/5425/5623 5881/5388/5587
f 5883/5390/5589 5919/5427/5625 5918/5426/5624 5882/5389/5588
f 5884/5391/5590 5920/5428/5626 5919/5427/5625 5883/5390/5589
f 5885/5392/5591 5921/5429/5627 5920/5428/5626 5884/5391/5590
f 5886/5393/5592 5922/5430/5628 5921/5429/5627 5885/5392/5591
f 5887/5394/5593 5923/5431/5629 5922/5430/5628 5886/5393/5592
f 5888/5395/5594 5924/5432/5630 5923/5431/5629 5887/5394/5593
f 5889/5396/5595 5925/5433/5631 5924/5432/5630 5888/5395/5594
f 5890/5397/5596 5926/5434/5632 5925/5433/5631 5889/5396/5595
f 5891/5398/5597 5927/5435/5633 5926/5434/5632 5890/5397/5596
f 5892/5399/5598 5928/5436/5634 5927/5435/5633 5891/5398/5597
f 5893/5400/5599 5929/5437/5635 5928/5436/5634 5892/5399/5598
f 5894/5401/5600 5930/5438/5636 5929/5439/5635 5893/5402/5599
f 5895/5403/5601 5931/5440/5637 5930/5438/5636 5894/5401/5600
f 5896/5404/5602 5932/5441/5638 5931/5440/5637 5895/5403/5601
f 5897/5405/5603 5933/5442/5639 5932/5441/5638 5896/5404/5602
f 5898/5406/5604 5934/5443/5640 5933/5442/5639 5897/5405/5603
f 5899/5407/5605 5935/5444/5641 5934/5443/5640 5898/5406/5604
f 5900/5408/5606 5936/5445/5642 5935/5444/5641 5899/5407/5605
f 5901/5409/5607 5937/5446/5643 5936/5445/5642 5900/5408/5606
f 5902/5410/5608 5938/5447/5644 5937/5446/5643 5901/5409/5607
f 5903/5411/5609 5939/5448/5645 5938/5447/5644 5902/5410/5608
f 5904/5412/5610 5940/5449/5646 5939/5448/5645 5903/5411/5609
f 5905/5413/5611 5941/5450/5647 5940/5449/5646 5904/5412/5610
f 5906/5414/5612 5942/5451/5648 5941/5450/5647 5905/5413/5611
f 5907/5415/5613 5943/5452/5649 5942/5451/5648 5906/5414/5612
f 5908/5416/5614 5944/5453/5650 5943/5452/5649 5907/5415/5613
f 5909/5417/5615 5945/5454/5651 5944/5453/5650 5908/5416/5614
f 5910/5418/5616 5946/5455/5652 5945/5454/5651 5909/5417/5615
f 5876/5383/5582 5912/5420/5618 5946/5455/5652 5910/5418/5616
f 5911/5419/5617 5947/5456/5653 5948/5457/5654 5912/5420/5618
f 5913/5421/5619 5949/5458/5655 5947/5456/5653 5911/5419/5617
f 5914/5422/5620 5950/5459/5656 5949/5458/5655 5913/5421/5619
f 5915/5423/5621 5951/5460/5657 5950/5459/5656 5914/5422/5620
f 5916/5424/5622 5952/5461/5658 5951/5460/5657 5915/5423/5621
f 5917/5425/5623 5953/5462/5659 5952/5461/5658 5916/5424/5622
f 5918/5426/5624 5954/5463/5660 5953/5462/5659 5917/5425/5623
f 5919/5427/5625 5955/5464/5661 5954/5463/5660 5918/5426/5624
f 5920/5428/5626 5956/5465/5662 5955/5464/5661 5919/5427/5625
f 5921/5429/5627 5957/5466/5663 5956/5465/5662 5920/5428/5626
f 5922/5430/5628 5958/5467/5664 5957/5466/5663 5921/5429/5627
f 5923/5431/5629 5959/5468/5665 5958/5467/5664 5922/5430/5628
f 5924/5432/5630 5960/5469/5666 5959/5468/5665 5923/5431/5629
f 5925/5433/5631 5961/5470/5667 5960/5469/5666 5924/5432/5630
f 5926/5434/5632 5962/5471/5668 5961/5470/5667 5925/5433/5631
f 5927/5435/5633 5963/5472/5669 5962/5471/5668 5926/5434/5632
f 5928/5436/5634 5964/5473/5670 5963/5472/5669 5927/5435/5633
f 5929/5437/5635 5965/5474/5671 5964/5473/5670 5928/5436/5634
f 5930/5438/5636 5966/5475/5672 5965/5476/5671 5929/5439/5635
f 5931/5440/5637 5967/5477/5673 5966/5475/5672 5930/5438/5636
f 5932/5441/5638 5968/5478/5674 5967/5477/5673 5931/5440/5637
f 5933/5442/5639 5969/5479/5675 5968/5478/5674 5932/5441/5638
f 5934/5443/5640 5970/5480/5676 5969/5479/5675 5933/5442/5639
f 5935/5444/5641 5971/5481/5677 5970/5480/5676 5934/5443/5640
f 5936/5445/5642 5972/5482/5678 5971/5481/5677 5935/5444/5641
f 5937/5446/5643 5973/5483/5679 5972/5482/5678 5936/5445/5642
f 5938/5447/5644 5974/5484/5680 5973/5483/5679 5937/5446/5643
f 5939/5448/5645 5975/5485/5681 5974/5484/5680 5938/5447/5644
f 5940/5449/5646 5976/5486/5682 5975/5485/5681 5939/5448/5645
f 5941/5450/5647 5977/5487/5683 5976/5486/5682 5940/5449/5646
f 5942/5451/5648 5978/5488/5684 5977/5487/5683 5941/5450/5647
f 5943/5452/5649 5979/5489/5685 5978/5488/5684 5942/5451/5648
f 5944/5453/5650 5980/5490/5686 5979/5489/5685 5943/5452/5649
f 5945/5454/5651 5981/5491/5687 5980/5490/5686 5944/5453/5650
f 5946/5455/5652 5982/5492/5688 5981/5491/5687 5945/5454/5651
f 5912/5420/5618 5948/5457/5654 5982/5492/5688 5946/5455/5652
f 5947/5456/5653 5983/5493/5689 5984/5494/5690 5948/5457/5654
f 5949/5458/5655 5985/5495/5691 5983/5493/5689 5947/5456/5653
f 5950/5459/5656 5986/5496/5692 5985/5495/5691 5949/5458/5655
f 5951/5460/5657 5987/5497/5693 5986/5496/5692 5950/5459/5656
f 5952/5461/5658 5988/5498/5694 5987/5497/5693 5951/5460/5657
f 5953/5462/5659 5989/5499/5695 5988/5498/5694 5952/5461/5658
f 5954/5463/5660 5990/5500/5696 5989/5499/5695 5953/5462/5659
f 5955/5464/5661 5991/5501/5697 5990/5500/5696 5954/5463/5660
f 5956/5465/5662 5992/5502/5698 5991/5501/5697 5955/5464/5661
f 5957/5466/5663 5993/5503/5699 5992/5502/5698 5956/5465/5662
f 5958/5467/5664 5994/5504/5700 5993/5503/5699 5957/5466/5663
f 5959/5468/5665 5995/5505/5701 5994/5504/5700 5958/5467/5664
f 5960/5469/5666 5996/5506/5702 5995/5505/5701 5959/5468/5665
f 5961/5470/5667 5997/5507/5703 5996/5506/5702 5960/5469/5666
f 5962/5471/5668 5998/5508/5704 5997/5507/5703 5961/5470/5667
f 5963/5472/5669 5999/5509/5705 5998/5508/5704 5962/5471/5668
f 5964/5473/5670 6000/5510/5706 5999/5509/5705 5963/5472/5669
f 5965/5474/5671 6001/5511/5707 6000/5510/5706 5964/5473/5670
f 5966/5475/5672 6002/5512/5708 6001/5513/5707 5965/5476/5671
f 5967/5477/5673 6003/5514/5709 6002/5512/5708 5966/5475/5672
f 5968/5478/5674 6004/5515/5710 6003/5514/5709 5967/5477/5673
f 5969/5479/5675 6005/5516/5711 6004/5515/5710 5968/5478/5674
f 5970/5480/5676 6006/5517/5712 6005/5516/5711 5969/5479/5675
f 5971/5481/5677 6007/5518/5713 6006/5517/5712 5970/5480/5676
f 5972/5482/5678 6008/5519/5714 6007/5518/5713 5971/5481/5677
f 5973/5483/5679 6009/5520/5715 6008/5519/5714 5972/5482/5678
f 5974/5484/5680 6010/5521/5716 6009/5520/5715 5973/5483/5679
f 5975/5485/5681 6011/5522/5717 6010/5521/5716 5974/5484/5680
f 5976/5486/5682 6012/5523/5718 6011/5522/5717 5975/5485/5681
f 5977/5487/5683 6013/5524/5719 6012/5523/5718 5976/5486/5682
f 5978/5488/5684 6014/5525/5720 6013/5524/5719 5977/5487/5683
f 5979/5489/5685 6015/5526/5721 6014/5525/5720 5978/5488/5684
f 5980/5490/5686 6016/5527/5722 6015/5526/5721 5979/5489/5685
f 5981/5491/5687 6017/5528/5723 6016/5527/5722 5980/5490/5686
f 5982/5492/5688 6018/5529/5724 6017/5528/5723 5981/5491/5687
f 5948/5457/5654 5984/5494/5690 6018/5529/5724 5982/5492/5688
f 5983/5530/5689 6019/5531/5725 6020/5532/5726 5984/5533/5690
f 5985/5534/5691 6021/5535/5727 6019/5531/5725 5983/5530/5689
f 5986/5536/5692 6022/5537/5728 6021/5535/5727 5985/5534/5691
f 5987/5538/5693 6023/5539/5729 6022/5537/5728 5986/5536/5692
f 5988/5540/5694 6024/5541/5730 6023/5539/5729 5987/5538/5693
f 5989/5542/5695 6025/5543/5731 6024/5541/5730 5988/5540/5694
f 5990/5544/5696 6026/5545/5732 6025/5543/5731 5989/5542/5695
f 5991/5546/5697 6027/5547/5733 6026/5545/5732 5990/5544/5696
f 5992/5548/5698 6028/5549/5734 6027/5547/5733 5991/5546/5697
f 5993/5550/5699 6029/5551/5735 6028/5549/5734 5992/5548/5698
f 5994/5552/5700 6030/5553/5736 6029/5551/5735 5993/5550/5699
f 5995/5554/5701 6031/5555/5737 6030/5553/5736 5994/5552/5700
f 5996/5556/5702 6032/5557/5738 6031/5555/5737 5995/5554/5701
f 5997/5558/5703 6033/5559/5739 6032/5557/5738 5996/5556/5702
f 5998/5560/5704 6034/5561/5740 6033/5559/5739 5997/5558/5703
f 5999/5562/5705 6035/5563/5741 6034/5561/5740 5998/5560/5704
f 6000/5564/5706 6036/5565/5742 6035/5563/5741 5999/5562/5705
f 6001/5566/5707 6037/5567/5743 6036/5565/5742 6000/5564/5706
f 6002/5568/5708 6038/5569/5744 6037/5567/5743 6001/5566/5707
f 6003/5570/5709 6039/5571/5745 6038/5569/5744 6002/5568/5708
f 6004/5572/5710 6040/5573/5746 6039/5571/5745 6003/5570/5709
f 6005/5574/5711 6041/5575/5747 6040/5573/5746 6004/5572/5710
f 6006/5576/5712 6042/5577/5748 6041/5575/5747 6005/5574/5711
f 6007/5578/5713 6043/5579/5749 6042/5577/5748 6006/5576/5712
f 6008/5580/5714 6044/5581/5750 6043/5579/5749 6007/5578/5713
f 6009/5582/5715 6045/5583/5751 6044/5581/5750 6008/5580/5714
f 6010/5584/5716 6046/5585/5752 6045/5583/5751 6009/5582/5715
f 6011/5586/5717 6047/5587/5753 6046/5585/5752 6010/5584/5716
f 6012/5588/5718 6048/5589/5754 6047/5587/5753 6011/5586/5717
f 6013/5590/5719 6049/5591/5755 6048/5589/5754 6012/5588/5718
f 6014/5592/5720 6050/5593/5756 6049/5591/5755 6013/5590/5719
f 6015/5594/5721 6051/5595/5757 6050/5593/5756 6014/5592/5720
f 6016/5596/5722 6052/5597/5758 6051/5595/5757 6015/5594/5721
f 6017/5598/5723 6053/5599/5759 6052/5597/5758 6016/5596/5722
f 6018/5600/5724 6054/5601/5760 6053/5599/5759 6017/5598/5723
f 5984/5533/5690 6020/5532/5726 6054/5601/5760 6018/5600/5724
f 6019/5531/5725 6055/5602/5761 6056/5603/5762 6020/5532/5726
f 6021/5535/5727 6057/5604/5763 6055/5602/5761 6019/5531/5725
f 6022/5537/5728 6058/5605/5764 6057/5604/5763 6021/5535/5727
f 6023/5539/5729 6059/5606/5765 6058/5605/5764 6022/5537/5728
f 6024/5541/5730 6060/5607/5766 6059/5606/5765 6023/5539/5729
f 6025/5543/5731 6061/5608/5767 6060/5607/5766 6024/5541/5730
f 6026/5545/5732 6062/5609/5768 6061/5608/5767 6025/5543/5731
f 6027/5547/5733 6063/5610/5769 6062/5609/5768 6026/5545/5732
f 6028/5549/5734 6064/5611/5770 6063/5610/5769 6027/5547/5733
f 6029/5551/5735 6065/5612/5771 6064/5611/5770 6028/5549/5734
f 6030/5553/5736 6066/5613/5772 6065/5612/5771 6029/5551/5735
f 6031/5555/5737 6067/5614/5773 6066/5613/5772 6030/5553/5736
f 6032/5557/5738 6068/5615/5774 6067/5614/5773 6031/5555/5737
f 6033/5559/5739 6069/5616/5775 6068/5615/5774 6032/5557/5738
f 6034/5561/5740 6070/5617/5776 6069/5616/5775 6033/5559/5739
f 6035/5563/5741 6071/5618/5777 6070/5617/5776 6034/5561/5740
f 6036/5565/5742 6072/5619/5778 6071/5618/5777 6035/5563/5741
f 6037/5567/5743 6073/5620/5779 6072/5619/5778 6036/5565/5742
f 6038/5569/5744 6074/5621/5780 6073/5620/5779 6037/5567/5743
f 6039/5571/5745 6075/5622/5781 6074/5621/5780 6038/5569/5744
f 6040/5573/5746 6076/5623/5782 6075/5622/5781 6039/5571/5745
f 6041/5575/5747 6077/5624/5783 6076/5623/5782 6040/5573/5746
f 6042/5577/5748 6078/5625/5784 6077/5624/5783 6041/5575/5747
f 6043/5579/5749 6079/5626/5785 6078/5625/5784 6042/5577/5748
f 6044/5581/5750 6080/5627/5786 6079/5626/5785 6043/5579/5749
f 6045/5583/5751 6081/5628/5787 6080/5627/5786 6044/5581/5750
f 6046/5585/5752 6082/5629/5788 6081/5628/5787 6045/5583/5751
f 6047/5587/5753 6083/5630/5789 6082/5629/5788 6046/5585/5752
f 6048/5589/5754 6084/5631/5790 6083/5630/5789 6047/5587/5753
f 6049/5591/5755 6085/5632/5791 6084/5631/5790 6048/5589/5754
f 6050/5593/5756 6086/5633/5792 6085/5632/5791 6049/5591/5755
f 6051/5595/5757 6087/5634/5793 6086/5633/5792 6050/5593/5756
f 6052/5597/5758 6088/5635/5794 6087/5634/5793 6051/5595/5757
f 6053/5599/5759 6089/5636/5795 6088/5635/5794 6052/5597/5758
f 6054/5601/5760 6090/5637/5796 6089/5636/5795 6053/5599/5759
f 6020/5532/5726 6056/5603/5762 6090/5637/5796 6054/5601/5760
f 6055/5602/5761 6091/5638/5797 6092/5639/5798 6056/5603/5762
f 6057/5604/5763 6093/5640/5799 6091/5638/5797 6055/5602/5761
f 6058/5605/5764 6094/5641/5800 6093/5640/5799 6057/5604/5763
f 6059/5606/5765 6095/5642/5801 6094/5641/5800 6058/5605/5764
f 6060/5607/5766 6096/5643/5802 6095/5642/5801 6059/5606/5765
f 6061/5608/5767 6097/5644/5803 6096/5643/5802 6060/5607/5766
f 6062/5609/5768 6098/5645/5804 6097/5644/5803 6061/5608/5767
f 6063/5610/5769 6099/5646/5805 6098/5645/5804 6062/5609/5768
f 6064/5611/5770 6100/5647/5806 6099/5646/5805 6063/5610/5769
f 6065/5612/5771 6101/5648/5807 6100/5647/5806 6064/5611/5770
f 6066/5613/5772 6102/5649/5808 6101/5648/5807 6065/5612/5771
f 6067/5614/5773 6103/5650/5809 6102/5649/5808 6066/5613/5772
f 6068/5615/5774 6104/5651/5810 6103/5650/5809 6067/5614/5773
f 6069/5616/5775 6105/5652/5811 6104/5651/5810 6068/5615/5774
f 6070/5617/5776 6106/5653/5812 6105/5652/5811 6069/5616/5775
f 6071/5618/5777 6107/5654/5813 6106/5653/5812 6070/5617/5776
f 6072/5619/5778 6108/5655/5814 6107/5654/5813 6071/5618/5777
f 6073/5620/5779 6109/5656/5815 6108/5655/5814 6072/5619/5778
f 6074/5621/5780 6110/5657/5816 6109/5656/5815 6073/5620/5779
f 6075/5622/5781 6111/5658/5817 6110/5657/5816 6074/5621/5780
f 6076/5623/5782 6112/5659/5818 6111/5658/5817 6075/5622/5781
f 6077/5624/5783 6113/5660/5819 6112/5659/5818 6076/5623/5782
f 6078/5625/5784 6114/5661/5820 6113/5660/5819 6077/5624/5783
f 6079/5626/5785 6115/5662/5821 6114/5661/5820 6078/5625/5784
f 6080/5627/5786 6116/5663/5822 6115/5662/5821 6079/5626/5785
f 6081/5628/5787 6117/5664/5823 6116/5663/5822 6080/5627/5786
f 6082/5629/5788 6118/5665/5824 6117/5664/5823 6081/5628/5787
f 6083/5630/5789 6119/5666/5825 6118/5665/5824 6082/5629/5788
f 6084/5631/5790 6120/5667/5826 6119/5666/5825 6083/5630/5789
f 6085/5632/5791 6121/5668/5827 6120/5667/5826 6084/5631/5790
f 6086/5633/5792 6122/5669/5828 6121/5668/5827 6085/5632/5791
f 6087/5634/5793 6123/5670/5829 6122/5669/5828 6086/5633/5792
f 6088/5635/5794 6124/5671/5830 6123/5670/5829 6087/5634/5793
f 6089/5636/5795 6125/5672/5831 6124/5671/5830 6088/5635/5794
f 6090/5637/5796 6126/5673/5832 6125/5672/5831 6089/5636/5795
f 6056/5603/5762 6092/5639/5798 6126/5673/5832 6090/5637/5796
f 6091/5638/5797 6127/5674/5833 6128/5675/5834 6092/5639/5798
f 6093/5640/5799 6129/5676/5835 6127/5674/5833 6091/5638/5797
f 6094/5641/5800 6130/5677/5836 6129/5676/5835 6093/5640/5799
f 6095/5642/5801 6131/5678/5837 6130/5677/5836 6094/5641/5800
f 6096/5643/5802 6132/5679/5838 6131/5678/5837 6095/5642/5801
f 6097/5644/5803 6133/5680/5839 6132/5679/5838 6096/5643/5802
f 6098/5645/5804 6134/5681/5840 6133/5680/5839 6097/5644/5803
f 6099/5646/5805 6135/5682/5841 6134/5681/5840 6098/5645/5804
f 6100/5647/5806 6136/5683/5842 6135/5682/5841 6099/5646/5805
f 6101/5648/5807 6137/5684/5843 6136/5683/5842 6100/5647/5806
f 6102/5649/5808 6138/5685/5844 6137/5684/5843 6101/5648/5807
f 6103/5650/5809 6139/5686/5845 6138/5685/5844 6102/5649/5808
f 6104/5651/5810 6140/5687/5846 6139/5686/5845 6103/5650/5809
f 6105/5652/5811 6141/5688/5847 6140/5687/5846 6104/5651/5810
f 6106/5653/5812 6142/5689/5848 6141/5688/5847 6105/5652/5811
f 6107/5654/5813 6143/5690/5849 6142/5689/5848 6106/5653/5812
f 6108/5655/5814 6144/5691/5850 6143/5690/5849 6107/5654/5813
f 6109/5656/5815 6145/5692/5851 6144/5691/5850 6108/5655/5814
f 6110/5657/5816 6146/5693/5852 6145/5692/5851 6109/5656/5815
f 6111/5658/5817 6147/5694/5853 6146/5693/5852 6110/5657/5816
f 6112/5659/5818 6148/5695/5854 6147/5694/5853 6111/5658/5817
f 6113/5660/5819 6149/5696/5855 6148/5695/5854 6112/5659/5818
f 6114/5661/5820 6150/5697/5856 6149/5696/5855 6113/5660/5819
f 6115/5662/5821 6151/5698/5857 6150/5697/5856 6114/5661/5820
f 6116/5663/5822 6152/5699/5858 6151/5698/5857 6115/5662/5821
f 6117/5664/5823 6153/5700/5859 6152/5699/5858 6116/5663/5822
f 6118/5665/5824 6154/5701/5860 6153/5700/5859 6117/5664/5823
f 6119/5666/5825 6155/5702/5861 6154/5701/5860 6118/5665/5824
f 6120/5667/5826 6156/5703/5862 6155/5702/5861 6119/5666/5825
f 6121/5668/5827 6157/5704/5863 6156/5703/5862 6120/5667/5826
f 6122/5669/5828 6158/5705/5864 6157/5704/5863 6121/5668/5827
f 6123/5670/5829 6159/5706/5865 6158/5705/5864 6122/5669/5828
f 6124/5671/5830 6160/5707/5866 6159/5706/5865 6123/5670/5829
f 6125/5672/5831 6161/5708/5867 6160/5707/5866 6124/5671/5830
f 6126/5673/5832 6162/5709/5868 6161/5708/5867 6125/5672/5831
f 6092/5639/5798 6128/5675/5834 6162/5709/5868 6126/5673/5832
f 6127/5674/5833 6163/5710/5869 6164/5711/5870 6128/5675/5834
f 6129/5676/5835 6165/5712/5871 6163/5710/5869 6127/5674/5833
f 6130/5677/5836 6166/5713/5872 6165/5712/5871 6129/5676/5835
f 6131/5678/5837 6167/5714/5873 6166/5713/5872 6130/5677/5836
f 6132/5679/5838 6168/5715/5874 6167/5714/5873 6131/5678/5837
f 6133/5680/5839 6169/5716/5875 6168/5715/5874 6132/5679/5838
f 6134/5681/5840 6170/5717/5876 6169/5716/5875 6133/5680/5839
f 6135/5682/5841 6171/5718/5877 6170/5717/5876 6134/5681/5840
f 6136/5683/5842 6172/5719/5878 6171/5718/5877 6135/5682/5841
f 6137/5684/5843 6173/5720/5879 6172/5719/5878 6136/5683/5842
f 6138/5685/5844 6174/5721/5880 6173/5720/5879 6137/5684/5843
f 6139/5686/5845 6175/5722/5881 6174/5721/5880 6138/5685/5844
f 6140/5687/5846 6176/5723/5882 6175/5722/5881 6139/5686/5845
f 6141/5688/5847 6177/5724/5883 6176/5723/5882 6140/5687/5846
f 6142/5689/5848 6178/5725/5884 6177/5724/5883 6141/5688/5847
f 6143/5690/5849 6179/5726/5885 6178/5725/5884 6142/5689/5848
f 6144/5691/5850 6180/5727/5886 6179/5726/5885 6143/5690/5849
f 6145/5692/5851 6181/5728/5887 6180/5727/5886 6144/5691/5850
f 6146/5693/5852 6182/5729/5888 6181/5728/5887 6145/5692/5851
f 6147/5694/5853 6183/5730/5889 6182/5729/5888 6146/5693/5852
f 6148/5695/5854 6184/5731/5890 6183/5730/5889 6147/5694/5853
f 6149/5696/5855 6185/5732/5891 6184/5731/5890 6148/5695/5854
f 6150/5697/5856 6186/5733/5892 6185/5732/5891 6149/5696/5855
f 6151/5698/5857 6187/5734/5893 6186/5733/5892 6150/5697/5856
f 6152/5699/5858 6188/5735/5894 6187/5734/5893 6151/5698/5857
f 6153/5700/5859 6189/5736/5895 6188/5735/5894 6152/5699/5858
f 6154/5701/5860 6190/5737/5896 6189/5736/5895 6153/5700/5859
f 6155/5702/5861 6191/5738/5897 6190/5737/5896 6154/5701/5860
f 6156/5703/5862 6192/5739/5898 6191/5738/5897 6155/5702/5861
f 6157/5704/5863 6193/5740/5899 6192/5739/5898 6156/5703/5862
f 6158/5705/5864 6194/5741/5900 6193/5740/5899 6157/5704/5863
f 6159/5706/5865 6195/5742/5901 6194/5741/5900 6158/5705/5864
f 6160/5707/5866 6196/5743/5902 6195/5742/5901 6159/5706/5865
f 6161/5708/5867 6197/5744/5903 6196/5743/5902 6160/5707/5866
f 6162/5709/5868 6198/5745/5904 6197/5744/5903 6161/5708/5867
f 6128/5675/5834 6164/5711/5870 6198/5745/5904 6162/5709/5868
f 6163/5710/5869 6199/5746/5905 6200/5747/5906 6164/5711/5870
f 6165/5712/5871 6201/5748/5907 6199/5746/5905 6163/5710/5869
f 6166/5713/5872 6202/5749/5908 6201/5748/5907 6165/5712/5871
f 6167/5714/5873 6203/5750/5909 6202/5749/5908 6166/5713/5872
f 6168/5715/5874 6204/5751/5910 6203/5750/5909 6167/5714/5873
f 6169/5716/5875 6205/5752/5911 6204/5751/5910 6168/5715/5874
f 6170/5717/5876 6206/5753/5912 6205/5752/5911 6169/5716/5875
f 6171/5718/5877 6207/5754/5913 6206/5753/5912 6170/5717/5876
f 6172/5719/5878 6208/5755/5914 6207/5754/5913 6171/5718/5877
f 6173/5720/5879 6209/5756/5915 6208/5755/5914 6172/5719/5878
f 6174/5721/5880 6210/5757/5916 6209/5756/5915 6173/5720/5879
f 6175/5722/5881 6211/5758/5917 6210/5757/5916 6174/5721/5880
f 6176/5723/5882 6212/5759/5918 6211/5758/5917 6175/5722/5881
f 6177/5724/5883 6213/5760/5919 6212/5759/5918 6176/5723/5882
f 6178/5725/5884 6214/5761/5920 6213/5760/5919 6177/5724/5883
f 6179/5726/5885 6215/5762/5921 6214/5761/5920 6178/5725/5884
f 6180/5727/5886 6216/5763/5922 6215/5762/5921 6179/5726/5885
f 6181/5728/5887 6217/5764/5923 6216/5763/5922 6180/5727/5886
f 6182/5729/5888 6218/5765/5924 6217/5764/5923 6181/5728/5887
f 6183/5730/5889 6219/5766/5925 6218/5765/5924 6182/5729/5888
f 6184/5731/5890 6220/5767/5926 6219/5766/5925 6183/5730/5889
f 6185/5732/5891 6221/5768/5927 6220/5767/5926 6184/5731/5890
f 6186/5733/5892 6222/5769/5928 6221/5768/5927 6185/5732/5891
f 6187/5734/5893 6223/5770/5929 6222/5769/5928 6186/5733/5892
f 6188/5735/5894 6224/5771/5930 6223/5770/5929 6187/5734/5893
f 6189/5736/5895 6225/5772/5931 6224/5771/5930 6188/5735/5894
f 6190/5737/5896 6226/5773/5932 6225/5772/5931 6189/5736/5895
f 6191/5738/5897 6227/5774/5933 6226/5773/5932 6190/5737/5896
f 6192/5739/5898 6228/5775/5934 6227/5774/5933 6191/5738/5897
f 6193/5740/5899 6229/5776/5935 6228/5775/5934 6192/5739/5898
f 6194/5741/5900 6230/5777/5936 6229/5776/5935 6193/5740/5899
f 6195/5742/5901 6231/5778/5937 6230/5777/5936 6194/5741/5900
f 6196/5743/5902 6232/5779/5938 6231/5778/5937 6195/5742/5901
f 6197/5744/5903 6233/5780/5939 6232/5779/5938 6196/5743/5902
f 6198/5745/5904 6234/5781/5940 6233/5780/5939 6197/5744/5903
f 6164/5711/5870 6200/5747/5906 6234/5781/5940 6198/5745/5904
f 6200/5747/5906 6199/5746/5905 6235/5782/5941
f 6199/5746/5905 6201/5748/5907 6235/5782/5941
f 6201/5748/5907 6202/5749/5908 6235/5782/5941
f 6202/5749/5908 6203/5750/5909 6235/5782/5941
f 6203/5750/5909 6204/5751/5910 6235/5782/5941
f 6204/5751/5910 6205/5752/5911 6235/5782/5941
f 6205/5752/5911 6206/5753/5912 6235/5782/5941
f 6206/5753/5912 6207/5754/5913 6235/5782/5941
f 6207/5754/5913 6208/5755/5914 6235/5782/5941
f 6208/5755/5914 6209/5756/5915 6235/5782/5941
f 6209/5756/5915 6210/5757/5916 6235/5782/5941
f 6210/5757/5916 6211/5758/5917 6235/5782/5941
f 6211/5758/5917 6212/5759/5918 6235/5782/5941
f 6212/5759/5918 6213/5760/5919 6235/5782/5941
f 6213/5760/5919 6214/5761/5920 6235/5782/5941
f 6214/5761/5920 6215/5762/5921 6235/5782/5941
f 6215/5762/5921 6216/5763/5922 6235/5782/5941
f 6216/5763/5922 6217/5764/5923 6235/5782/5941
f 6217/5764/5923 6218/5765/5924 6235/5782/5941
f 6218/5765/5924 6219/5766/5925 6235/5782/5941
f 6219/5766/5925 6220/5767/5926 6235/5782/5941
f 6220/5767/5926 6221/5768/5927 6235/5782/5941
f 6221/5768/5927 6222/5769/5928 6235/5782/5941
f 6222/5769/5928 6223/5770/5929 6235/5782/5941
f 6223/5770/5929 6224/5771/5930 6235/5782/5941
f 6224/5771/5930 6225/5772/5931 6235/5782/5941
f 6225/5772/5931 6226/5773/5932 6235/5782/5941
f 6226/5773/5932 6227/5774/5933 6235/5782/5941
f 6227/5774/5933 6228/5775/5934 6235/5782/5941
f 6228/5775/5934 6229/5776/5935 6235/5782/5941
f 6229/5776/5935 6230/5777/5936 6235/5782/5941
f 6230/5777/5936 6231/5778/5937 6235/5782/5941
f 6231/5778/5937 6232/5779/5938 6235/5782/5941
f 6232/5779/5938 6233/5780/5939 6235/5782/5941
f 6233/5780/5939 6234/5781/5940 6235/5782/5941
f 6234/5781/5940 6200/5747/5906 6235/5782/5941
f 6236/4943/5942 6237/4946/5943 6238/4945/5944 6239/4944/5945
f 6240/4947/5946 6236/4943/5942 6239/4944/5945 6241/4948/5947
f 6242/4949/5948 6240/4947/5946 6241/4948/5947 6243/4950/5949
f 6244/4951/5950 6242/4949/5948 6243/4950/5949 6245/4952/5951
f 6246/4953/5952 6244/4951/5950 6245/4952/5951 6247/4954/5953
f 6248/4955/5954 6246/4953/5952 6247/4954/5953 6249/4956/5955
f 6250/4957/5956 6248/4955/5954 6249/4956/5955 6251/4958/5957
f 6252/4959/5958 6250/4957/5956 6251/4958/5957 6253/4960/5959
f 6254/4961/5960 6252/4959/5958 6253/4960/5959 6255/4962/5961
f 6256/4963/5962 6254/4961/5960 6255/4962/5961 6257/4964/5963
f 6258/4965/5964 6256/4963/5962 6257/4964/5963 6259/4966/5965
f 6260/4967/5966 6258/4965/5964 6259/4966/5965 6261/4968/5967
f 6262/4969/5968 6260/4967/5966 6261/4968/5967 6263/4970/5969
f 6264/4971/5970 6262/4969/5968 6263/4970/5969 6265/4972/5971
f 6266/4973/5972 6264/4971/5970 6265/4972/5971 6267/4974/5973
f 6268/4975/5974 6266/4973/5972 6267/4974/5973 6269/4976/5975
f 6270/4977/5976 6268/4975/5974 6269/4976/5975 6271/4978/5977
f 6272/4979/5978 6270/4977/5976 6271/4978/5977 6273/4980/5979
f 6274/4981/5980 6272/4979/5978 6273/4980/5979 6275/4982/5981
f 6276/4983/5982 6274/4986/5980 6275/4985/5981 6277/4984/5983
f 6278/4987/5984 6276/4983/5982 6277/4984/5983 6279/4988/5985
f 6280/4989/5986 6278/4987/5984 6279/4988/5985 6281/4990/5987
f 6282/4991/5988 6280/4989/5986 6281/4990/5987 6283/4992/5989
f 6284/4993/5990 6282/4991/5988 6283/4992/5989 6285/4994/5991
f 6286/4995/5992 6284/4993/5990 6285/4994/5991 6287/4996/5993
f 6288/4997/5994 6286/4995/5992 6287/4996/5993 6289/4998/5995
f 6290/4999/5996 6288/4997/5994 6289/4998/5995 6291/5000/5997
f 6292/5001/5998 6290/4999/5996 6291/5000/5997 6293/5002/5999
f 6294/5003/6000 6292/5001/5998 6293/5002/5999 6295/5004/6001
f 6296/5005/6002 6294/5003/6000 6295/5004/6001 6297/5006/6003
f 6298/5007/6004 6296/5005/6002 6297/5006/6003 6299/5008/6005
f 6300/5009/6006 6298/5007/6004 6299/5008/6005 6301/5010/6007
f 6302/5011/6008 6300/5009/6006 6301/5010/6007 6303/5012/6009
f 6304/5013/6010 6302/5011/6008 6303/5012/6009 6305/5014/6011
f 6306/5015/6012 6304/5013/6010 6305/5014/6011 6307/5016/6013
f 6237/4946/5943 6306/5015/6012 6307/5016/6013 6238/4945/5944
f 6239/4944/5945 6238/4945/5944 6308/5018/6014 6309/5017/6015
f 6241/4948/5947 6239/4944/5945 6309/5017/6015 6310/5019/6016
f 6243/4950/5949 6241/4948/5947 6310/5019/6016 6311/5020/6017
f 6245/4952/5951 6243/4950/5949 6311/5020/6017 6312/5021/6018
f 6247/4954/5953 6245/4952/5951 6312/5021/6018 6313/5022/6019
f 6249/4956/5955 6247/4954/5953 6313/5022/6019 6314/5023/6020
f 6251/4958/5957 6249/4956/5955 6314/5023/6020 6315/5024/6021
f 6253/4960/5959 6251/4958/5957 6315/5024/6021 6316/5025/6022
f 6255/4962/5961 6253/4960/5959 6316/5025/6022 6317/5026/6023
f 6257/4964/5963 6255/4962/5961 6317/5026/6023 6318/5027/6024
f 6259/4966/5965 6257/4964/5963 6318/5027/6024 6319/5028/6025
f 6261/4968/5967 6259/4966/5965 6319/5028/6025 6320/5029/6026
f 6263/4970/5969 6261/4968/5967 6320/5029/6026 6321/5030/6027
f 6265/4972/5971 6263/4970/5969 6321/5030/6027 6322/5031/6028
f 6267/4974/5973 6265/4972/5971 6322/5031/6028 6323/5032/6029
f 6269/4976/5975 6267/4974/5973 6323/5032/6029 6324/5033/6030
f 6271/4978/5977 6269/4976/5975 6324/5033/6030 6325/5034/6031
f 6273/4980/5979 6271/4978/5977 6325/5034/6031 6326/5035/6032
f 6275/4982/5981 6273/4980/5979 6326/5035/6032 6327/5036/6033
f 6277/4984/5983 6275/4985/5981 6327/5038/6033 6328/5037/6034
f 6279/4988/5985 6277/4984/5983 6328/5037/6034 6329/5039/6035
f 6281/4990/5987 6279/4988/5985 6329/5039/6035 6330/5040/6036
f 6283/4992/5989 6281/4990/5987 6330/5040/6036 6331/5041/6037
f 6285/4994/5991 6283/4992/5989 6331/5041/6037 6332/5042/6038
f 6287/4996/5993 6285/4994/5991 6332/5042/6038 6333/5043/6039
f 6289/4998/5995 6287/4996/5993 6333/5043/6039 6334/5044/6040
f 6291/5000/5997 6289/4998/5995 6334/5044/6040 6335/5045/6041
f 6293/5002/5999 6291/5000/5997 6335/5045/6041 6336/5046/6042
f 6295/5004/6001 6293/5002/5999 6336/5046/6042 6337/5047/6043
f 6297/5006/6003 6295/5004/6001 6337/5047/6043 6338/5048/6044
f 6299/5008/6005 6297/5006/6003 6338/5048/6044 6339/5049/6045
f 6301/5010/6007 6299/5008/6005 6339/5049/6045 6340/5050/6046
f 6303/5012/6009 6301/5010/6007 6340/5050/6046 6341/5051/6047
f 6305/5014/6011 6303/5012/6009 6341/5051/6047 6342/5052/6048
f 6307/5016/6013 6305/5014/6011 6342/5052/6048 6343/5053/6049
f 6238/4945/5944 6307/5016/6013 6343/5053/6049 6308/5018/6014
f 6309/5017/6015 6308/5018/6014 6344/5055/6050 6345/5054/6051
f 6310/5019/6016 6309/5017/6015 6345/5054/6051 6346/5056/6052
f 6311/5020/6017 6310/5019/6016 6346/5056/6052 6347/5057/6053
f 6312/5021/6018 6311/5020/6017 6347/5057/6053 6348/5058/6054
f 6313/5022/6019 6312/5021/6018 6348/5058/6054 6349/5059/6055
f 6314/5023/6020 6313/5022/6019 6349/5059/6055 6350/5060/6056
f 6315/5024/6021 6314/5023/6020 6350/5060/6056 6351/5061/6057
f 6316/5025/6022 6315/5024/6021 6351/5061/6057 6352/5062/6058
f 6317/5026/6023 6316/5025/6022 6352/5062/6058 6353/5063/6059
f 6318/5027/6024 6317/5026/6023 6353/5063/6059 6354/5064/6060
f 6319/5028/6025 6318/5027/6024 6354/5064/6060 6355/5065/6061
f 6320/5029/6026 6319/5028/6025 6355/5065/6061 6356/5066/6062
f 6321/5030/6027 6320/5029/6026 6356/5066/6062 6357/5067/6063
f 6322/5031/6028 6321/5030/6027 6357/5067/6063 6358/5068/6064
f 6323/5032/6029 6322/5031/6028 6358/5068/6064 6359/5069/6065
f 6324/5033/6030 6323/5032/6029 6359/5069/6065 6360/5070/6066
f 6325/5034/6031 6324/5033/6030 6360/5070/6066 6361/5071/6067
f 6326/5035/6032 6325/5034/6031 6361/5071/6067 6362/5072/6068
f 6327/5036/6033 6326/5035/6032 6362/5072/6068 6363/5073/6069
f 6328/5037/6034 6327/5038/6033 6363/5075/6069 6364/5074/6070
f 6329/5039/6035 6328/5037/6034 6364/5074/6070 6365/5076/6071
f 6330/5040/6036 6329/5039/6035 6365/5076/6071 6366/5077/6072
f 6331/5041/6037 6330/5040/6036 6366/5077/6072 6367/5078/6073
f 6332/5042/6038 6331/5041/6037 6367/5078/6073 6368/5079/6074
f 6333/5043/6039 6332/5042/6038 6368/5079/6074 6369/5080/6075
f 6334/5044/6040 6333/5043/6039 6369/5080/6075 6370/5081/6076
f 6335/5045/6041 6334/5044/6040 6370/5081/6076 6371/5082/6077
f 6336/5046/6042 6335/5045/6041 6371/5082/6077 6372/5083/6078
f 6337/5047/6043 6336/5046/6042 6372/5083/6078 6373/5084/6079
f 6338/5048/6044 6337/5047/6043 6373/5084/6079 6374/5085/6080
f 6339/5049/6045 6338/5048/6044 6374/5085/6080 6375/5086/6081
f 6340/5050/6046 6339/5049/6045 6375/5086/6081 6376/5087/6082
f 6341/5051/6047 6340/5050/6046 6376/5087/6082 6377/5088/6083
f 6342/5052/6048 6341/5051/6047 6377/5088/6083 6378/5089/6084
f 6343/5053/6049 6342/5052/6048 6378/5089/6084 6379/5090/6085
f 6308/5018/6014 6343/5053/6049 6379/5090/6085 6344/5055/6050
f 6345/5054/6051 6344/5055/6050 6380/5092/6086 6381/5091/6087
f 6346/5056/6052 6345/5054/6051 6381/5091/6087 6382/5093/6088
f 6347/5057/6053 6346/5056/6052 6382/5093/6088 6383/5094/6089
f 6348/5058/6054 6347/5057/6053 6383/5094/6089 6384/5095/6090
f 6349/5059/6055 6348/5058/6054 6384/5095/6090 6385/5096/6091
f 6350/5060/6056 6349/5059/6055 6385/5096/6091 6386/5097/6092
f 6351/5061/6057 6350/5060/6056 6386/5097/6092 6387/5098/6093
f 6352/5062/6058 6351/5061/6057 6387/5098/6093 6388/5099/6094
f 6353/5063/6059 6352/5062/6058 6388/5099/6094 6389/5100/6095
f 6354/5064/6060 6353/5063/6059 6389/5100/6095 6390/5101/6096
f 6355/5065/6061 6354/5064/6060 6390/5101/6096 6391/5102/6097
f 6356/5066/6062 6355/5065/6061 6391/5102/6097 6392/5103/6098
f 6357/5067/6063 6356/5066/6062 6392/5103/6098 6393/5104/6099
f 6358/5068/6064 6357/5067/6063 6393/5104/6099 6394/5105/6100
f 6359/5069/6065 6358/5068/6064 6394/5105/6100 6395/5106/6101
f 6360/5070/6066 6359/5069/6065 6395/5106/6101 6396/5107/6102
f 6361/5071/6067 6360/5070/6066 6396/5107/6102 6397/5108/6103
f 6362/5072/6068 6361/5071/6067 6397/5108/6103 6398/5109/6104
f 6363/5073/6069 6362/5072/6068 6398/5109/6104 6399/5110/6105
f 6364/5074/6070 6363/5075/6069 6399/5112/6105 6400/5111/6106
f 6365/5076/6071 6364/5074/6070 6400/5111/6106 6401/5113/6107
f 6366/5077/6072 6365/5076/6071 6401/5113/6107 6402/5114/6108
f 6367/5078/6073 6366/5077/6072 6402/5114/6108 6403/5115/6109
f 6368/5079/6074 6367/5078/6073 6403/5115/6109 6404/5116/6110
f 6369/5080/6075 6368/5079/6074 6404/5116/6110 6405/5117/6111
f 6370/5081/6076 6369/5080/6075 6405/5117/6111 6406/5118/6112
f 6371/5082/6077 6370/5081/6076 6406/5118/6112 6407/5119/6113
f 6372/5083/6078 6371/5082/6077 6407/5119/6113 6408/5120/6114
f 6373/5084/6079 6372/5083/6078 6408/5120/6114 6409/5121/6115
f 6374/5085/6080 6373/5084/6079 6409/5121/6115 6410/5122/6116
f 6375/5086/6081 6374/5085/6080 6410/5122/6116 6411/5123/6117
f 6376/5087/6082 6375/5086/6081 6411/5123/6117 6412/5124/6118
f 6377/5088/6083 6376/5087/6082 6412/5124/6118 6413/5125/6119
f 6378/5089/6084 6377/5088/6083 6413/5125/6119 6414/5126/6120
f 6379/5090/6085 6378/5089/6084 6414/5126/6120 6415/5127/6121
f 6344/5055/6050 6379/5090/6085 6415/5127/6121 6380/5092/6086
f 6381/5128/6087 6380/5131/6086 6416/5130/6122 6417/5129/6123
f 6382/5132/6088 6381/5128/6087 6417/5129/6123 6418/5133/6124
f 6383/5134/6089 6382/5132/6088 6418/5133/6124 6419/5135/6125
f 6384/5136/6090 6383/5134/6089 6419/5135/6125 6420/5137/6126
f 6385/5138/6091 6384/5136/6090 6420/5137/6126 6421/5139/6127
f 6386/5140/6092 6385/5138/6091 6421/5139/6127 6422/5141/6128
f 6387/5142/6093 6386/5140/6092 6422/5141/6128 6423/5143/6129
f 6388/5144/6094 6387/5142/6093 6423/5143/6129 6424/5145/6130
f 6389/5146/6095 6388/5144/6094 6424/5145/6130 6425/5147/6131
f 6390/5148/6096 6389/5146/6095 6425/5147/6131 6426/5149/6132
f 6391/5150/6097 6390/5148/6096 6426/5149/6132 6427/5151/6133
f 6392/5152/6098 6391/5150/6097 6427/5151/6133 6428/5153/6134
f 6393/5154/6099 6392/5152/6098 6428/5153/6134 6429/5155/6135
f 6394/5156/6100 6393/5154/6099 6429/5155/6135 6430/5157/6136
f 6395/5158/6101 6394/5156/6100 6430/5157/6136 6431/5159/6137
f 6396/5160/6102 6395/5158/6101 6431/5159/6137 6432/5161/6138
f 6397/5162/6103 6396/5160/6102 6432/5161/6138 6433/5163/6139
f 6398/5164/6104 6397/5162/6103 6433/5163/6139 6434/5165/6140
f 6399/5166/6105 6398/5164/6104 6434/5165/6140 6435/5167/6141
f 6400/5168/6106 6399/5166/6105 6435/5167/6141 6436/5169/6142
f 6401/5170/6107 6400/5168/6106 6436/5169/6142 6437/5171/6143
f 6402/5172/6108 6401/5170/6107 6437/5171/6143 6438/5173/6144
f 6403/5174/6109 6402/5172/6108 6438/5173/6144 6439/5175/6145
f 6404/5176/6110 6403/5174/6109 6439/5175/6145 6440/5177/6146
f 6405/5178/6111 6404/5176/6110 6440/5177/6146 6441/5179/6147
f 6406/5180/6112 6405/5178/6111 6441/5179/6147 6442/5181/6148
f 6407/5182/6113 6406/5180/6112 6442/5181/6148 6443/5183/6149
f 6408/5184/6114 6407/5182/6113 6443/5183/6149 6444/5185/6150
f 6409/5186/6115 6408/5184/6114 6444/5185/6150 6445/5187/6151
f 6410/5188/6116 6409/5186/6115 6445/5187/6151 6446/5189/6152
f 6411/5190/6117 6410/5188/6116 6446/5189/6152 6447/5191/6153
f 6412/5192/6118 6411/5190/6117 6447/5191/6153 6448/5193/6154
f 6413/5194/6119 6412/5192/6118 6448/5193/6154 6449/5195/6155
f 6414/5196/6120 6413/5194/6119 6449/5195/6155 6450/5197/6156
f 6415/5198/6121 6414/5196/6120 6450/5197/6156 6451/5199/6157
f 6380/5131/6086 6415/5198/6121 6451/5199/6157 6416/5130/6122
f 6417/5129/6123 6416/5130/6122 6452/5201/6158 6453/5200/6159
f 6418/5133/6124 6417/5129/6123 6453/5200/6159 6454/5202/6160
f 6419/5135/6125 6418/5133/6124 6454/5202/6160 6455/5203/6161
f 6420/5137/6126 6419/5135/6125 6455/5203/6161 6456/5204/6162
f 6421/5139/6127 6420/5137/6126 6456/5204/6162 6457/5205/6163
f 6422/5141/6128 6421/5139/6127 6457/5205/6163 6458/5206/6164
f 6423/5143/6129 6422/5141/6128 6458/5206/6164 6459/5207/6165
f 6424/5145/6130 6423/5143/6129 6459/5207/6165 6460/5208/6166
f 6425/5147/6131 6424/5145/6130 6460/5208/6166 6461/5209/6167
f 6426/5149/6132 6425/5147/6131 6461/5209/6167 6462/5210/6168
f 6427/5151/6133 6426/5149/6132 6462/5210/6168 6463/5211/6169
f 6428/5153/6134 6427/5151/6133 6463/5211/6169 6464/5212/6170
f 6429/5155/6135 6428/5153/6134 6464/5212/6170 6465/5213/6171
f 6430/5157/6136 6429/5155/6135 6465/5213/6171 6466/5214/6172
f 6431/5159/6137 6430/5157/6136 6466/5214/6172 6467/5215/6173
f 6432/5161/6138 6431/5159/6137 6467/5215/6173 6468/5216/6174
f 6433/5163/6139 6432/5161/6138 6468/5216/6174 6469/5217/6175
f 6434/5165/6140 6433/5163/6139 6469/5217/6175 6470/5218/6176
f 6435/5167/6141 6434/5165/6140 6470/5218/6176 6471/5219/6177
f 6436/5169/6142 6435/5167/6141 6471/5219/6177 6472/5220/6178
f 6437/5171/6143 6436/5169/6142 6472/5220/6178 6473/5221/6179
f 6438/5173/6144 6437/5171/6143 6473/5221/6179 6474/5222/6180
f 6439/5175/6145 6438/5173/6144 6474/5222/6180 6475/5223/6181
f 6440/5177/6146 6439/5175/6145 6475/5223/6181 6476/5224/6182
f 6441/5179/6147 6440/5177/6146 6476/5224/6182 6477/5225/6183
f 6442/5181/6148 6441/5179/6147 6477/5225/6183 6478/5226/6184
f 6443/5183/6149 6442/5181/6148 6478/5226/6184 6479/5227/6185
f 6444/5185/6150 6443/5183/6149 6479/5227/6185 6480/5228/6186
f 6445/5187/6151 6444/5185/6150 6480/5228/6186 6481/5229/6187
f 6446/5189/6152 6445/5187/6151 6481/5229/6187 6482/5230/6188
f 6447/5191/6153 6446/5189/6152 6482/5230/6188 6483/5231/6189
f 6448/5193/6154 6447/5191/6153 6483/5231/6189 6484/5232/6190
f 6449/5195/6155 6448/5193/6154 6484/5232/6190 6485/5233/6191
f 6450/5197/6156 6449/5195/6155 6485/5233/6191 6486/5234/6192
f 6451/5199/6157 6450/5197/6156 6486/5234/6192 6487/5235/6193
f 6416/5130/6122 6451/5199/6157 6487/5235/6193 6452/5201/6158
f 6453/5200/6159 6452/5201/6158 6488/5237/6194 6489/5236/6195
f 6454/5202/6160 6453/5200/6159 6489/5236/6195 6490/5238/6196
f 6455/5203/6161 6454/5202/6160 6490/5238/6196 6491/5239/6197
f 6456/5204/6162 6455/5203/6161 6491/5239/6197 6492/5240/6198
f 6457/5205/6163 6456/5204/6162 6492/5240/6198 6493/5241/6199
f 6458/5206/6164 6457/5205/6163 6493/5241/6199 6494/5242/6200
f 6459/5207/6165 6458/5206/6164 6494/5242/6200 6495/5243/6201
f 6460/5208/6166 6459/5207/6165 6495/5243/6201 6496/5244/6202
f 6461/5209/6167 6460/5208/6166 6496/5244/6202 6497/5245/6203
f 6462/5210/6168 6461/5209/6167 6497/5245/6203 6498/5246/6204
f 6463/5211/6169 6462/5210/6168 6498/5246/6204 6499/5247/6205
f 6464/5212/6170 6463/5211/6169 6499/5247/6205 6500/5248/6206
f 6465/5213/6171 6464/5212/6170 6500/5248/6206 6501/5249/6207
f 6466/5214/6172 6465/5213/6171 6501/5249/6207 6502/5250/6208
f 6467/5215/6173 6466/5214/6172 6502/5250/6208 6503/5251/6209
f 6468/5216/6174 6467/5215/6173 6503/5251/6209 6504/5252/6210
f 6469/5217/6175 6468/5216/6174 6504/5252/6210 6505/5253/6211
f 6470/5218/6176 6469/5217/6175 6505/5253/6211 6506/5254/6212
f 6471/5219/6177 6470/5218/6176 6506/5254/6212 6507/5255/6213
f 6472/5220/6178 6471/5219/6177 6507/5255/6213 6508/5256/6214
f 6473/5221/6179 6472/5220/6178 6508/5256/6214 6509/5257/6215
f 6474/5222/6180 6473/5221/6179 6509/5257/6215 6510/5258/6216
f 6475/5223/6181 6474/5222/6180 6510/5258/6216 6511/5259/6217
f 6476/5224/6182 6475/5223/6181 6511/5259/6217 6512/5260/6218
f 6477/5225/6183 6476/5224/6182 6512/5260/6218 6513/5261/6219
f 6478/5226/6184 6477/5225/6183 6513/5261/6219 6514/5262/6220
f 6479/5227/6185 6478/5226/6184 6514/5262/6220 6515/5263/6221
f 6480/5228/6186 6479/5227/6185 6515/5263/6221 6516/5264/6222
f 6481/5229/6187 6480/5228/6186 6516/5264/6222 6517/5265/6223
f 6482/5230/6188 6481/5229/6187 6517/5265/6223 6518/5266/6224
f 6483/5231/6189 6482/5230/6188 6518/5266/6224 6519/5267/6225
f 6484/5232/6190 6483/5231/6189 6519/5267/6225 6520/5268/6226
f 6485/5233/6191 6484/5232/6190 6520/5268/6226 6521/5269/6227
f 6486/5234/6192 6485/5233/6191 6521/5269/6227 6522/5270/6228
f 6487/5235/6193 6486/5234/6192 6522/5270/6228 6523/5271/6229
f 6452/5201/6158 6487/5235/6193 6523/5271/6229 6488/5237/6194
f 6489/5236/6195 6488/5237/6194 6524/5273/6230 6525/5272/6231
f 6490/5238/6196 6489/5236/6195 6525/5272/6231 6526/5274/6232
f 6491/5239/6197 6490/5238/6196 6526/5274/6232 6527/5275/6233
f 6492/5240/6198 6491/5239/6197 6527/5275/6233 6528/5276/6234
f 6493/5241/6199 6492/5240/6198 6528/5276/6234 6529/5277/6235
f 6494/5242/6200 6493/5241/6199 6529/5277/6235 6530/5278/6236
f 6495/5243/6201 6494/5242/6200 6530/5278/6236 6531/5279/6237
f 6496/5244/6202 6495/5243/6201 6531/5279/6237 6532/5280/6238
f 6497/5245/6203 6496/5244/6202 6532/5280/6238 6533/5281/6239
f 6498/5246/6204 6497/5245/6203 6533/5281/6239 6534/5282/6240
f 6499/5247/6205 6498/5246/6204 6534/5282/6240 6535/5283/6241
f 6500/5248/6206 6499/5247/6205 6535/5283/6241 6536/5284/6242
f 6501/5249/6207 6500/5248/6206 6536/5284/6242 6537/5285/6243
f 6502/5250/6208 6501/5249/6207 6537/5285/6243 6538/5286/6244
f 6503/5251/6209 6502/5250/6208 6538/5286/6244 6539/5287/6245
f 6504/5252/6210 6503/5251/6209 6539/5287/6245 6540/5288/6246
f 6505/5253/6211 6504/5252/6210 6540/5288/6246 6541/5289/6247
f 6506/5254/6212 6505/5253/6211 6541/5289/6247 6542/5290/6248
f 6507/5255/6213 6506/5254/6212 6542/5290/6248 6543/5291/6249
f 6508/5256/6214 6507/5255/6213 6543/5291/6249 6544/5292/6250
f 6509/5257/6215 6508/5256/6214 6544/5292/6250 6545/5293/6251
f 6510/5258/6216 6509/5257/6215 6545/5293/6251 6546/5294/6252
f 6511/5259/6217 6510/5258/6216 6546/5294/6252 6547/5295/6253
f 6512/5260/6218 6511/5259/6217 6547/5295/6253 6548/5296/6254
f 6513/5261/6219 6512/5260/6218 6548/5296/6254 6549/5297/6255
f 6514/5262/6220 6513/5261/6219 6549/5297/6255 6550/5298/6256
f 6515/5263/6221 6514/5262/6220 6550/5298/6256 6551/5299/6257
f 6516/5264/6222 6515/5263/6221 6551/5299/6257 6552/5300/6258
f 6517/5265/6223 6516/5264/6222 6552/5300/6258 6553/5301/6259
f 6518/5266/6224 6517/5265/6223 6553/5301/6259 6554/5302/6260
f 6519/5267/6225 6518/5266/6224 6554/5302/6260 6555/5303/6261
f 6520/5268/6226 6519/5267/6225 6555/5303/6261 6556/5304/6262
f 6521/5269/6227 6520/5268/6226 6556/5304/6262 6557/5305/6263
f 6522/5270/6228 6521/5269/6227 6557/5305/6263 6558/5306/6264
f 6523/5271/6229 6522/5270/6228 6558/5306/6264 6559/5307/6265
f 6488/5237/6194 6523/5271/6229 6559/5307/6265 6524/5273/6230
f 6525/5272/6231 6524/5273/6230 6560/5309/6266 6561/5308/6267
f 6526/5274/6232 6525/5272/6231 6561/5308/6267 6562/5310/6268
f 6527/5275/6233 6526/5274/6232 6562/5310/6268 6563/5311/6269
f 6528/5276/6234 6527/5275/6233 6563/5311/6269 6564/5312/6270
f 6529/5277/6235 6528/5276/6234 6564/5312/6270 6565/5313/6271
f 6530/5278/6236 6529/5277/6235 6565/5313/6271 6566/5314/6272
f 6531/5279/6237 6530/5278/6236 6566/5314/6272 6567/5315/6273
f 6532/5280/6238 6531/5279/6237 6567/5315/6273 6568/5316/6274
f 6533/5281/6239 6532/5280/6238 6568/5316/6274 6569/5317/6275
f 6534/5282/6240 6533/5281/6239 6569/5317/6275 6570/5318/6276
f 6535/5283/6241 6534/5282/6240 6570/5318/6276 6571/5319/6277
f 6536/5284/6242 6535/5283/6241 6571/5319/6277 6572/5320/6278
f 6537/5285/6243 6536/5284/6242 6572/5320/6278 6573/5321/6279
f 6538/5286/6244 6537/5285/6243 6573/5321/6279 6574/5322/6280
f 6539/5287/6245 6538/5286/6244 6574/5322/6280 6575/5323/6281
f 6540/5288/6246 6539/5287/6245 6575/5323/6281 6576/5324/6282
f 6541/5289/6247 6540/5288/6246 6576/5324/6282 6577/5325/6283
f 6542/5290/6248 6541/5289/6247 6577/5325/6283 6578/5326/6284
f 6543/5291/6249 6542/5290/6248 6578/5326/6284 6579/5327/6285
f 6544/5292/6250 6543/5291/6249 6579/5327/6285 6580/5328/6286
f 6545/5293/6251 6544/5292/6250 6580/5328/6286 6581/5329/6287
f 6546/5294/6252 6545/5293/6251 6581/5329/6287 6582/5330/6288
f 6547/5295/6253 6546/5294/6252 6582/5330/6288 6583/5331/6289
f 6548/5296/6254 6547/5295/6253 6583/5331/6289 6584/5332/6290
f 6549/5297/6255 6548/5296/6254 6584/5332/6290 6585/5333/6291
f 6550/5298/6256 6549/5297/6255 6585/5333/6291 6586/5334/6292
f 6551/5299/6257 6550/5298/6256 6586/5334/6292 6587/5335/6293
f 6552/5300/6258 6551/5299/6257 6587/5335/6293 6588/5336/6294
f 6553/5301/6259 6552/5300/6258 6588/5336/6294 6589/5337/6295
f 6554/5302/6260 6553/5301/6259 6589/5337/6295 6590/5338/6296
f 6555/5303/6261 6554/5302/6260 6590/5338/6296 6591/5339/6297
f 6556/5304/6262 6555/5303/6261 6591/5339/6297 6592/5340/6298
f 6557/5305/6263 6556/5304/6262 6592/5340/6298 6593/5341/6299
f 6558/5306/6264 6557/5305/6263 6593/5341/6299 6594/5342/6300
f 6559/5307/6265 6558/5306/6264 6594/5342/6300 6595/5343/6301
f 6524/5273/6230 6559/5307/6265 6595/5343/6301 6560/5309/6266
f 6560/5309/6266 6596/5344/5941 6561/5308/6267
f 6561/5308/6267 6596/5344/5941 6562/5310/6268
f 6562/5310/6268 6596/5344/5941 6563/5311/6269
f 6563/5311/6269 6596/5344/5941 6564/5312/6270
f 6564/5312/6270 6596/5344/5941 6565/5313/6271
f 6565/5313/6271 6596/5344/5941 6566/5314/6272
f 6566/5314/6272 6596/5344/5941 6567/5315/6273
f 6567/5315/6273 6596/5344/5941 6568/5316/6274
f 6568/5316/6274 6596/5344/5941 6569/5317/6275
f 6569/5317/6275 6596/5344/5941 6570/5318/6276
f 6570/5318/6276 6596/5344/5941 6571/5319/6277
f 6571/5319/6277 6596/5344/5941 6572/5320/6278
f 6572/5320/6278 6596/5344/5941 6573/5321/6279
f 6573/5321/6279 6596/5344/5941 6574/5322/6280
f 6574/5322/6280 6596/5344/5941 6575/5323/6281
f 6575/5323/6281 6596/5344/5941 6576/5324/6282
f 6576/5324/6282 6596/5344/5941 6577/5325/6283
f 6577/5325/6283 6596/5344/5941 6578/5326/6284
f 6578/5326/6284 6596/5344/5941 6579/5327/6285
f 6579/5327/6285 6596/5344/5941 6580/5328/6286
f 6580/5328/6286 6596/5344/5941 6581/5329/6287
f 6581/5329/6287 6596/5344/5941 6582/5330/6288
f 6582/5330/6288 6596/5344/5941 6583/5331/6289
f 6583/5331/6289 6596/5344/5941 6584/5332/6290
f 6584/5332/6290 6596/5344/5941 6585/5333/6291
f 6585/5333/6291 6596/5344/5941 6586/5334/6292
f 6586/5334/6292 6596/5344/5941 6587/5335/6293
f 6587/5335/6293 6596/5344/5941 6588/5336/6294
f 6588/5336/6294 6596/5344/5941 6589/5337/6295
f 6589/5337/6295 6596/5344/5941 6590/5338/6296
f 6590/5338/6296 6596/5344/5941 6591/5339/6297
f 6591/5339/6297 6596/5344/5941 6592/5340/6298
f 6592/5340/6298 6596/5344/5941 6593/5341/6299
f 6593/5341/6299 6596/5344/5941 6594/5342/6300
f 6594/5342/6300 6596/5344/5941 6595/5343/6301
f 6595/5343/6301 6596/5344/5941 6560/5309/6266
f 6237/4946/5943 6236/4943/5942 6597/5346/6302 6598/5345/6303
f 6306/5015/6012 6237/4946/5943 6598/5345/6303 6599/5347/6304
f 6304/5013/6010 6306/5015/6012 6599/5347/6304 6600/5348/6305
f 6302/5011/6008 6304/5013/6010 6600/5348/6305 6601/5349/6306
f 6300/5009/6006 6302/5011/6008 6601/5349/6306 6602/5350/6307
f 6298/5007/6004 6300/5009/6006 6602/5350/6307 6603/5351/6308
f 6296/5005/6002 6298/5007/6004 6603/5351/6308 6604/5352/6309
f 6294/5003/6000 6296/5005/6002 6604/5352/6309 6605/5353/6310
f 6292/5001/5998 6294/5003/6000 6605/5353/6310 6606/5354/6311
f 6290/4999/5996 6292/5001/5998 6606/5354/6311 6607/5355/6312
f 6288/4997/5994 6290/4999/5996 6607/5355/6312 6608/5356/6313
f 6286/4995/5992 6288/4997/5994 6608/5356/6313 6609/5357/6314
f 6284/4993/5990 6286/4995/5992 6609/5357/6314 6610/5358/6315
f 6282/4991/5988 6284/4993/5990 6610/5358/6315 6611/5359/6316
f 6280/4989/5986 6282/4991/5988 6611/5359/6316 6612/5360/6317
f 6278/4987/5984 6280/4989/5986 6612/5360/6317 6613/5361/6318
f 6276/4983/5982 6278/4987/5984 6613/5361/6318 6614/5362/6319
f 6274/4986/5980 6276/4983/5982 6614/5362/6319 6615/5363/6320
f 6272/4979/5978 6274/4981/5980 6615/5365/6320 6616/5364/6321
f 6270/4977/5976 6272/4979/5978 6616/5364/6321 6617/5366/6322
f 6268/4975/5974 6270/4977/5976 6617/5366/6322 6618/5367/6323
f 6266/4973/5972 6268/4975/5974 6618/5367/6323 6619/5368/6324
f 6264/4971/5970 6266/4973/5972 6619/5368/6324 6620/5369/6325
f 6262/4969/5968 6264/4971/5970 6620/5369/6325 6621/5370/6326
f 6260/4967/5966 6262/4969/5968 6621/5370/6326 6622/5371/6327
f 6258/4965/5964 6260/4967/5966 6622/5371/6327 6623/5372/6328
f 6256/4963/5962 6258/4965/5964 6623/5372/6328 6624/5373/6329
f 6254/4961/5960 6256/4963/5962 6624/5373/6329 6625/5374/6330
f 6252/4959/5958 6254/4961/5960 6625/5374/6330 6626/5375/6331
f 6250/4957/5956 6252/4959/5958 6626/5375/6331 6627/5376/6332
f 6248/4955/5954 6250/4957/5956 6627/5376/6332 6628/5377/6333
f 6246/4953/5952 6248/4955/5954 6628/5377/6333 6629/5378/6334
f 6244/4951/5950 6246/4953/5952 6629/5378/6334 6630/5379/6335
f 6242/4949/5948 6244/4951/5950 6630/5379/6335 6631/5380/6336
f 6240/4947/5946 6242/4949/5948 6631/5380/6336 6632/5381/6337
f 6236/4943/5942 6240/4947/5946 6632/5381/6337 6597/5346/6302
f 6598/5345/6303 6597/5346/6302 6633/5383/6338 6634/5382/6339
f 6599/5347/6304 6598/5345/6303 6634/5382/6339 6635/5384/6340
f 6600/5348/6305 6599/5347/6304 6635/5384/6340 6636/5385/6341
f 6601/5349/6306 6600/5348/6305 6636/5385/6341 6637/5386/6342
f 6602/5350/6307 6601/5349/6306 6637/5386/6342 6638/5387/6343
f 6603/5351/6308 6602/5350/6307 6638/5387/6343 6639/5388/6344
f 6604/5352/6309 6603/5351/6308 6639/5388/6344 6640/5389/6345
f 6605/5353/6310 6604/5352/6309 6640/5389/6345 6641/5390/6346
f 6606/5354/6311 6605/5353/6310 6641/5390/6346 6642/5391/6347
f 6607/5355/6312 6606/5354/6311 6642/5391/6347 6643/5392/6348
f 6608/5356/6313 6607/5355/6312 6643/5392/6348 6644/5393/6349
f 6609/5357/6314 6608/5356/6313 6644/5393/6349 6645/5394/6350
f 6610/5358/6315 6609/5357/6314 6645/5394/6350 6646/5395/6351
f 6611/5359/6316 6610/5358/6315 6646/5395/6351 6647/5396/6352
f 6612/5360/6317 6611/5359/6316 6647/5396/6352 6648/5397/6353
f 6613/5361/6318 6612/5360/6317 6648/5397/6353 6649/5398/6354
f 6614/5362/6319 6613/5361/6318 6649/5398/6354 6650/5399/6355
f 6615/5363/6320 6614/5362/6319 6650/5399/6355 6651/5400/6356
f 6616/5364/6321 6615/5365/6320 6651/5402/6356 6652/5401/6357
f 6617/5366/6322 6616/5364/6321 6652/5401/6357 6653/5403/6358
f 6618/5367/6323 6617/5366/6322 6653/5403/6358 6654/5404/6359
f 6619/5368/6324 6618/5367/6323 6654/5404/6359 6655/5405/6360
f 6620/5369/6325 6619/5368/6324 6655/5405/6360 6656/5406/6361
f 6621/5370/6326 6620/5369/6325 6656/5406/6361 6657/5407/6362
f 6622/5371/6327 6621/5370/6326 6657/5407/6362 6658/5408/6363
f 6623/5372/6328 6622/5371/6327 6658/5408/6363 6659/5409/6364
f 6624/5373/6329 6623/5372/6328 6659/5409/6364 6660/5410/6365
f 6625/5374/6330 6624/5373/6329 6660/5410/6365 6661/5411/6366
f 6626/5375/6331 6625/5374/6330 6661/5411/6366 6662/5412/6367
f 6627/5376/6332 6626/5375/6331 6662/5412/6367 6663/5413/6368
f 6628/5377/6333 6627/5376/6332 6663/5413/6368 6664/5414/6369
f 6629/5378/6334 6628/5377/6333 6664/5414/6369 6665/5415/6370
f 6630/5379/6335 6629/5378/6334 6665/5415/6370 6666/5416/6371
f 6631/5380/6336 6630/5379/6335 6666/5416/6371 6667/5417/6372
f 6632/5381/6337 6631/5380/6336 6667/5417/6372 6668/5418/6373
f 6597/5346/6302 6632/5381/6337 6668/5418/6373 6633/5383/6338
f 6634/5382/6339 6633/5383/6338 6669/5420/6374 6670/5419/6375
f 6635/5384/6340 6634/5382/6339 6670/5419/6375 6671/5421/6376
f 6636/5385/6341 6635/5384/6340 6671/5421/6376 6672/5422/6377
f 6637/5386/6342 6636/5385/6341 6672/5422/6377 6673/5423/6378
f 6638/5387/6343 6637/5386/6342 6673/5423/6378 6674/5424/6379
f 6639/5388/6344 6638/5387/6343 6674/5424/6379 6675/5425/6380
f 6640/5389/6345 6639/5388/6344 6675/5425/6380 6676/5426/6381
f 6641/5390/6346 6640/5389/6345 6676/5426/6381 6677/5427/6382
f 6642/5391/6347 6641/5390/6346 6677/5427/6382 6678/5428/6383
f 6643/5392/6348 6642/5391/6347 6678/5428/6383 6679/5429/6384
f 6644/5393/6349 6643/5392/6348 6679/5429/6384 6680/5430/6385
f 6645/5394/6350 6644/5393/6349 6680/5430/6385 6681/5431/6386
f 6646/5395/6351 6645/5394/6350 6681/5431/6386 6682/5432/6387
f 6647/5396/6352 6646/5395/6351 6682/5432/6387 6683/5433/6388
f 6648/5397/6353 6647/5396/6352 6683/5433/6388 6684/5434/6389
f 6649/5398/6354 6648/5397/6353 6684/5434/6389 6685/5435/6390
f 6650/5399/6355 6649/5398/6354 6685/5435/6390 6686/5436/6391
f 6651/5400/6356 6650/5399/6355 6686/5436/6391 6687/5437/6392
f 6652/5401/6357 6651/5402/6356 6687/5439/6392 6688/5438/6393
f 6653/5403/6358 6652/5401/6357 6688/5438/6393 6689/5440/6394
f 6654/5404/6359 6653/5403/6358 6689/5440/6394 6690/5441/6395
f 6655/5405/6360 6654/5404/6359 6690/5441/6395 6691/5442/6396
f 6656/5406/6361 6655/5405/6360 6691/5442/6396 6692/5443/6397
f 6657/5407/6362 6656/5406/6361 6692/5443/6397 6693/5444/6398
f 6658/5408/6363 6657/5407/6362 6693/5444/6398 6694/5445/6399
f 6659/5409/6364 6658/5408/6363 6694/5445/6399 6695/5446/6400
f 6660/5410/6365 6659/5409/6364 6695/5446/6400 6696/5447/6401
f 6661/5411/6366 6660/5410/6365 6696/5447/6401 6697/5448/6402
f 6662/5412/6367 6661/5411/6366 6697/5448/6402 6698/5449/6403
f 6663/5413/6368 6662/5412/6367 6698/5449/6403 6699/5450/6404
f 6664/5414/6369 6663/5413/6368 6699/5450/6404 6700/5451/6405
f 6665/5415/6370 6664/5414/6369 6700/5451/6405 6701/5452/6406
f 6666/5416/6371 6665/5415/6370 6701/5452/6406 6702/5453/6407
f 6667/5417/6372 6666/5416/6371 6702/5453/6407 6703/5454/6408
f 6668/5418/6373 6667/5417/6372 6703/5454/6408 6704/5455/6409
f 6633/5383/6338 6668/5418/6373 6704/5455/6409 6669/5420/6374
f 6670/5419/6375 6669/5420/6374 6705/5457/6410 6706/5456/6411
f 6671/5421/6376 6670/5419/6375 6706/5456/6411 6707/5458/6412
f 6672/5422/6377 6671/5421/6376 6707/5458/6412 6708/5459/6413
f 6673/5423/6378 6672/5422/6377 6708/5459/6413 6709/5460/6414
f 6674/5424/6379 6673/5423/6378 6709/5460/6414 6710/5461/6415
f 6675/5425/6380 6674/5424/6379 6710/5461/6415 6711/5462/6416
f 6676/5426/6381 6675/5425/6380 6711/5462/6416 6712/5463/6417
f 6677/5427/6382 6676/5426/6381 6712/5463/6417 6713/5464/6418
f 6678/5428/6383 6677/5427/6382 6713/5464/6418 6714/5465/6419
f 6679/5429/6384 6678/5428/6383 6714/5465/6419 6715/5466/6420
f 6680/5430/6385 6679/5429/6384 6715/5466/6420 6716/5467/6421
f 6681/5431/6386 6680/5430/6385 6716/5467/6421 6717/5468/6422
f 6682/5432/6387 6681/5431/6386 6717/5468/6422 6718/5469/6423
f 6683/5433/6388 6682/5432/6387 6718/5469/6423 6719/5470/6424
f 6684/5434/6389 6683/5433/6388 6719/5470/6424 6720/5471/6425
f 6685/5435/6390 6684/5434/6389 6720/5471/6425 6721/5472/6426
f 6686/5436/6391 6685/5435/6390 6721/5472/6426 6722/5473/6427
f 6687/5437/6392 6686/5436/6391 6722/5473/6427 6723/5474/6428
f 6688/5438/6393 6687/5439/6392 6723/5476/6428 6724/5475/6429
f 6689/5440/6394 6688/5438/6393 6724/5475/6429 6725/5477/6430
f 6690/5441/6395 6689/5440/6394 6725/5477/6430 6726/5478/6431
f 6691/5442/6396 6690/5441/6395 6726/5478/6431 6727/5479/6432
f 6692/5443/6397 6691/5442/6396 6727/5479/6432 6728/5480/6433
f 6693/5444/6398 6692/5443/6397 6728/5480/6433 6729/5481/6434
f 6694/5445/6399 6693/5444/6398 6729/5481/6434 6730/5482/6435
f 6695/5446/6400 6694/5445/6399 6730/5482/6435 6731/5483/6436
f 6696/5447/6401 6695/5446/6400 6731/5483/6436 6732/5484/6437
f 6697/5448/6402 6696/5447/6401 6732/5484/6437 6733/5485/6438
f 6698/5449/6403 6697/5448/6402 6733/5485/6438 6734/5486/6439
f 6699/5450/6404 6698/5449/6403 6734/5486/6439 6735/5487/6440
f 6700/5451/6405 6699/5450/6404 6735/5487/6440 6736/5488/6441
f 6701/5452/6406 6700/5451/6405 6736/5488/6441 6737/5489/6442
f 6702/5453/6407 6701/5452/6406 6737/5489/6442 6738/5490/6443
f 6703/5454/6408 6702/5453/6407 6738/5490/6443 6739/5491/6444
f 6704/5455/6409 6703/5454/6408 6739/5491/6444 6740/5492/6445
f 6669/5420/6374 6704/5455/6409 6740/5492/6445 6705/5457/6410
f 6706/5456/6411 6705/5457/6410 6741/5494/6446 6742/5493/6447
f 6707/5458/6412 6706/5456/6411 6742/5493/6447 6743/5495/6448
f 6708/5459/6413 6707/5458/6412 6743/5495/6448 6744/5496/6449
f 6709/5460/6414 6708/5459/6413 6744/5496/6449 6745/5497/6450
f 6710/5461/6415 6709/5460/6414 6745/5497/6450 6746/5498/6451
f 6711/5462/6416 6710/5461/6415 6746/5498/6451 6747/5499/6452
f 6712/5463/6417 6711/5462/6416 6747/5499/6452 6748/5500/6453
f 6713/5464/6418 6712/5463/6417 6748/5500/6453 6749/5501/6454
f 6714/5465/6419 6713/5464/6418 6749/5501/6454 6750/5502/6455
f 6715/5466/6420 6714/5465/6419 6750/5502/6455 6751/5503/6456
f 6716/5467/6421 6715/5466/6420 6751/5503/6456 6752/5504/6457
f 6717/5468/6422 6716/5467/6421 6752/5504/6457 6753/5505/6458
f 6718/5469/6423 6717/5468/6422 6753/5505/6458 6754/5506/6459
f 6719/5470/6424 6718/5469/6423 6754/5506/6459 6755/5507/6460
f 6720/5471/6425 6719/5470/6424 6755/5507/6460 6756/5508/6461
f 6721/5472/6426 6720/5471/6425 6756/5508/6461 6757/5509/6462
f 6722/5473/6427 6721/5472/6426 6757/5509/6462 6758/5510/6463
f 6723/5474/6428 6722/5473/6427 6758/5510/6463 6759/5511/6464
f 6724/5475/6429 6723/5476/6428 6759/5513/6464 6760/5512/6465
f 6725/5477/6430 6724/5475/6429 6760/5512/6465 6761/5514/6466
f 6726/5478/6431 6725/5477/6430 6761/5514/6466 6762/5515/6467
f 6727/5479/6432 6726/5478/6431 6762/5515/6467 6763/5516/6468
f 6728/5480/6433 6727/5479/6432 6763/5516/6468 6764/5517/6469
f 6729/5481/6434 6728/5480/6433 6764/5517/6469 6765/5518/6470
f 6730/5482/6435 6729/5481/6434 6765/5518/6470 6766/5519/6471
f 6731/5483/6436 6730/5482/6435 6766/5519/6471 6767/5520/6472
f 6732/5484/6437 6731/5483/6436 6767/5520/6472 6768/5521/6473
f 6733/5485/6438 6732/5484/6437 6768/5521/6473 6769/5522/6474
f 6734/5486/6439 6733/5485/6438 6769/5522/6474 6770/5523/6475
f 6735/5487/6440 6734/5486/6439 6770/5523/6475 6771/5524/6476
f 6736/5488/6441 6735/5487/6440 6771/5524/6476 6772/5525/6477
f 6737/5489/6442 6736/5488/6441 6772/5525/6477 6773/5526/6478
f 6738/5490/6443 6737/5489/6442 6773/5526/6478 6774/5527/6479
f 6739/5491/6444 6738/5490/6443 6774/5527/6479 6775/5528/6480
f 6740/5492/6445 6739/5491/6444 6775/5528/6480 6776/5529/6481
f 6705/5457/6410 6740/5492/6445 6776/5529/6481 6741/5494/6446
f 6742/5530/6447 6741/5533/6446 6777/5532/6482 6778/5531/6483
f 6743/5534/6448 6742/5530/6447 6778/5531/6483 6779/5535/6484
f 6744/5536/6449 6743/5534/6448 6779/5535/6484 6780/5537/6485
f 6745/5538/6450 6744/5536/6449 6780/5537/6485 6781/5539/6486
f 6746/5540/6451 6745/5538/6450 6781/5539/6486 6782/5541/6487
f 6747/5542/6452 6746/5540/6451 6782/5541/6487 6783/5543/6488
f 6748/5544/6453 6747/5542/6452 6783/5543/6488 6784/5545/6489
f 6749/5546/6454 6748/5544/6453 6784/5545/6489 6785/5547/6490
f 6750/5548/6455 6749/5546/6454 6785/5547/6490 6786/5549/6491
f 6751/5550/6456 6750/5548/6455 6786/5549/6491 6787/5551/6492
f 6752/5552/6457 6751/5550/6456 6787/5551/6492 6788/5553/6493
f 6753/5554/6458 6752/5552/6457 6788/5553/6493 6789/5555/6494
f 6754/5556/6459 6753/5554/6458 6789/5555/6494 6790/5557/6495
f 6755/5558/6460 6754/5556/6459 6790/5557/6495 6791/5559/6496
f 6756/5560/6461 6755/5558/6460 6791/5559/6496 6792/5561/6497
f 6757/5562/6462 6756/5560/6461 6792/5561/6497 6793/5563/6498
f 6758/5564/6463 6757/5562/6462 6793/5563/6498 6794/5565/6499
f 6759/5566/6464 6758/5564/6463 6794/5565/6499 6795/5567/6500
f 6760/5568/6465 6759/5566/6464 6795/5567/6500 6796/5569/6501
f 6761/5570/6466 6760/5568/6465 6796/5569/6501 6797/5571/6502
f 6762/5572/6467 6761/5570/6466 6797/5571/6502 6798/5573/6503
f 6763/5574/6468 6762/5572/6467 6798/5573/6503 6799/5575/6504
f 6764/5576/6469 6763/5574/6468 6799/5575/6504 6800/5577/6505
f 6765/5578/6470 6764/5576/6469 6800/5577/6505 6801/5579/6506
f 6766/5580/6471 6765/5578/6470 6801/5579/6506 6802/5581/6507
f 6767/5582/6472 6766/5580/6471 6802/5581/6507 6803/5583/6508
f 6768/5584/6473 6767/5582/6472 6803/5583/6508 6804/5585/6509
f 6769/5586/6474 6768/5584/6473 6804/5585/6509 6805/5587/6510
f 6770/5588/6475 6769/5586/6474 6805/5587/6510 6806/5589/6511
f 6771/5590/6476 6770/5588/6475 6806/5589/6511 6807/5591/6512
f 6772/5592/6477 6771/5590/6476 6807/5591/6512 6808/5593/6513
f 6773/5594/6478 6772/5592/6477 6808/5593/6513 6809/5595/6514
f 6774/5596/6479 6773/5594/6478 6809/5595/6514 6810/5597/6515
f 6775/5598/6480 6774/5596/6479 6810/5597/6515 6811/5599/6516
f 6776/5600/6481 6775/5598/6480 6811/5599/6516 6812/5601/6517
f 6741/5533/6446 6776/5600/6481 6812/5601/6517 6777/5532/6482
f 6778/5531/6483 6777/5532/6482 6813/5603/6518 6814/5602/6519
f 6779/5535/6484 6778/5531/6483 6814/5602/6519 6815/5604/6520
f 6780/5537/6485 6779/5535/6484 6815/5604/6520 6816/5605/6521
f 6781/5539/6486 6780/5537/6485 6816/5605/6521 6817/5606/6522
f 6782/5541/6487 6781/5539/6486 6817/5606/6522 6818/5607/6523
f 6783/5543/6488 6782/5541/6487 6818/5607/6523 6819/5608/6524
f 6784/5545/6489 6783/5543/6488 6819/5608/6524 6820/5609/6525
f 6785/5547/6490 6784/5545/6489 6820/5609/6525 6821/5610/6526
f 6786/5549/6491 6785/5547/6490 6821/5610/6526 6822/5611/6527
f 6787/5551/6492 6786/5549/6491 6822/5611/6527 6823/5612/6528
f 6788/5553/6493 6787/5551/6492 6823/5612/6528 6824/5613/6529
f 6789/5555/6494 6788/5553/6493 6824/5613/6529 6825/5614/6530
f 6790/5557/6495 6789/5555/6494 6825/5614/6530 6826/5615/6531
f 6791/5559/6496 6790/5557/6495 6826/5615/6531 6827/5616/6532
f 6792/5561/6497 6791/5559/6496 6827/5616/6532 6828/5617/6533
f 6793/5563/6498 6792/5561/6497 6828/5617/6533 6829/5618/6534
f 6794/5565/6499 6793/5563/6498 6829/5618/6534 6830/5619/6535
f 6795/5567/6500 6794/5565/6499 6830/5619/6535 6831/5620/6536
f 6796/5569/6501 6795/5567/6500 6831/5620/6536 6832/5621/6537
f 6797/5571/6502 6796/5569/6501 6832/5621/6537 6833/5622/6538
f 6798/5573/6503 6797/5571/6502 6833/5622/6538 6834/5623/6539
f 6799/5575/6504 6798/5573/6503 6834/5623/6539 6835/5624/6540
f 6800/5577/6505 6799/5575/6504 6835/5624/6540 6836/5625/6541
f 6801/5579/6506 6800/5577/6505 6836/5625/6541 6837/5626/6542
f 6802/5581/6507 6801/5579/6506 6837/5626/6542 6838/5627/6543
f 6803/5583/6508 6802/5581/6507 6838/5627/6543 6839/5628/6544
f 6804/5585/6509 6803/5583/6508 6839/5628/6544 6840/5629/6545
f 6805/5587/6510 6804/5585/6509 6840/5629/6545 6841/5630/6546
f 6806/5589/6511 6805/5587/6510 6841/5630/6546 6842/5631/6547
f 6807/5591/6512 6806/5589/6511 6842/5631/6547 6843/5632/6548
f 6808/5593/6513 6807/5591/6512 6843/5632/6548 6844/5633/6549
f 6809/5595/6514 6808/5593/6513 6844/5633/6549 6845/5634/6550
f 6810/5597/6515 6809/5595/6514 6845/5634/6550 6846/5635/6551
f 6811/5599/6516 6810/5597/6515 6846/5635/6551 6847/5636/6552
f 6812/5601/6517 6811/5599/6516 6847/5636/6552 6848/5637/6553
f 6777/5532/6482 6812/5601/6517 6848/5637/6553 6813/5603/6518
f 6814/5602/6519 6813/5603/6518 6849/5639/6554 6850/5638/6555
f 6815/5604/6520 6814/5602/6519 6850/5638/6555 6851/5640/6556
f 6816/5605/6521 6815/5604/6520 6851/5640/6556 6852/5641/6557
f 6817/5606/6522 6816/5605/6521 6852/5641/6557 6853/5642/6558
f 6818/5607/6523 6817/5606/6522 6853/5642/6558 6854/5643/6559
f 6819/5608/6524 6818/5607/6523 6854/5643/6559 6855/5644/6560
f 6820/5609/6525 6819/5608/6524 6855/5644/6560 6856/5645/6561
f 6821/5610/6526 6820/5609/6525 6856/5645/6561 6857/5646/6562
f 6822/5611/6527 6821/5610/6526 6857/5646/6562 6858/5647/6563
f 6823/5612/6528 6822/5611/6527 6858/5647/6563 6859/5648/6564
f 6824/5613/6529 6823/5612/6528 6859/5648/6564 6860/5649/6565
f 6825/5614/6530 6824/5613/6529 6860/5649/6565 6861/5650/6566
f 6826/5615/6531 6825/5614/6530 6861/5650/6566 6862/5651/6567
f 6827/5616/6532 6826/5615/6531 6862/5651/6567 6863/5652/6568
f 6828/5617/6533 6827/5616/6532 6863/5652/6568 6864/5653/6569
f 6829/5618/6534 6828/5617/6533 6864/5653/6569 6865/5654/6570
f 6830/5619/6535 6829/5618/6534 6865/5654/6570 6866/5655/6571
f 6831/5620/6536 6830/5619/6535 6866/5655/6571 6867/5656/6572
f 6832/5621/6537 6831/5620/6536 6867/5656/6572 6868/5657/6573
f 6833/5622/6538 6832/5621/6537 6868/5657/6573 6869/5658/6574
f 6834/5623/6539 6833/5622/6538 6869/5658/6574 6870/5659/6575
f 6835/5624/6540 6834/5623/6539 6870/5659/6575 6871/5660/6576
f 6836/5625/6541 6835/5624/6540 6871/5660/6576 6872/5661/6577
f 6837/5626/6542 6836/5625/6541 6872/5661/6577 6873/5662/6578
f 6838/5627/6543 6837/5626/6542 6873/5662/6578 6874/5663/6579
f 6839/5628/6544 6838/5627/6543 6874/5663/6579 6875/5664/6580
f 6840/5629/6545 6839/5628/6544 6875/5664/6580 6876/5665/6581
f 6841/5630/6546 6840/5629/6545 6876/5665/6581 6877/5666/6582
f 6842/5631/6547 6841/5630/6546 6877/5666/6582 6878/5667/6583
f 6843/5632/6548 6842/5631/6547 6878/5667/6583 6879/5668/6584
f 6844/5633/6549 6843/5632/6548 6879/5668/6584 6880/5669/6585
f 6845/5634/6550 6844/5633/6549 6880/5669/6585 6881/5670/6586
f 6846/5635/6551 6845/5634/6550 6881/5670/6586 6882/5671/6587
f 6847/5636/6552 6846/5635/6551 6882/5671/6587 6883/5672/6588
f 6848/5637/6553 6847/5636/6552 6883/5672/6588 6884/5673/6589
f 6813/5603/6518 6848/5637/6553 6884/5673/6589 6849/5639/6554
f 6850/5638/6555 6849/5639/6554 6885/5675/6590 6886/5674/6591
f 6851/5640/6556 6850/5638/6555 6886/5674/6591 6887/5676/6592
f 6852/5641/6557 6851/5640/6556 6887/5676/6592 6888/5677/6593
f 6853/5642/6558 6852/5641/6557 6888/5677/6593 6889/5678/6594
f 6854/5643/6559 6853/5642/6558 6889/5678/6594 6890/5679/6595
f 6855/5644/6560 6854/5643/6559 6890/5679/6595 6891/5680/6596
f 6856/5645/6561 6855/5644/6560 6891/5680/6596 6892/5681/6597
f 6857/5646/6562 6856/5645/6561 6892/5681/6597 6893/5682/6598
f 6858/5647/6563 6857/5646/6562 6893/5682/6598 6894/5683/6599
f 6859/5648/6564 6858/5647/6563 6894/5683/6599 6895/5684/6600
f 6860/5649/6565 6859/5648/6564 6895/5684/6600 6896/5685/6601
f 6861/5650/6566 6860/5649/6565 6896/5685/6601 6897/5686/6602
f 6862/5651/6567 6861/5650/6566 6897/5686/6602 6898/5687/6603
f 6863/5652/6568 6862/5651/6567 6898/5687/6603 6899/5688/6604
f 6864/5653/6569 6863/5652/6568 6899/5688/6604 6900/5689/6605
f 6865/5654/6570 6864/5653/6569 6900/5689/6605 6901/5690/6606
f 6866/5655/6571 6865/5654/6570 6901/5690/6606 6902/5691/6607
f 6867/5656/6572 6866/5655/6571 6902/5691/6607 6903/5692/6608
f 6868/5657/6573 6867/5656/6572 6903/5692/6608 6904/5693/6609
f 6869/5658/6574 6868/5657/6573 6904/5693/6609 6905/5694/6610
f 6870/5659/6575 6869/5658/6574 6905/5694/6610 6906/5695/6611
f 6871/5660/6576 6870/5659/6575 6906/5695/6611 6907/5696/6612
f 6872/5661/6577 6871/5660/6576 6907/5696/6612 6908/5697/6613
f 6873/5662/6578 6872/5661/6577 6908/5697/6613 6909/5698/6614
f 6874/5663/6579 6873/5662/6578 6909/5698/6614 6910/5699/6615
f 6875/5664/6580 6874/5663/6579 6910/5699/6615 6911/5700/6616
f 6876/5665/6581 6875/5664/6580 6911/5700/6616 6912/5701/6617
f 6877/5666/6582 6876/5665/6581 6912/5701/6617 6913/5702/6618
f 6878/5667/6583 6877/5666/6582 6913/5702/6618 6914/5703/6619
f 6879/5668/6584 6878/5667/6583 6914/5703/6619 6915/5704/6620
f 6880/5669/6585 6879/5668/6584 6915/5704/6620 6916/5705/6621
f 6881/5670/6586 6880/5669/6585 6916/5705/6621 6917/5706/6622
f 6882/5671/6587 6881/5670/6586 6917/5706/6622 6918/5707/6623
f 6883/5672/6588 6882/5671/6587 6918/5707/6623 6919/5708/6624
f 6884/5673/6589 6883/5672/6588 6919/5708/6624 6920/5709/6625
f 6849/5639/6554 6884/5673/6589 6920/5709/6625 6885/5675/6590
f 6886/5674/6591 6885/5675/6590 6921/5711/6626 6922/5710/6627
f 6887/5676/6592 6886/5674/6591 6922/5710/6627 6923/5712/6628
f 6888/5677/6593 6887/5676/6592 6923/5712/6628 6924/5713/6629
f 6889/5678/6594 6888/5677/6593 6924/5713/6629 6925/5714/6630
f 6890/5679/6595 6889/5678/6594 6925/5714/6630 6926/5715/6631
f 6891/5680/6596 6890/5679/6595 6926/5715/6631 6927/5716/6632
f 6892/5681/6597 6891/5680/6596 6927/5716/6632 6928/5717/6633
f 6893/5682/6598 6892/5681/6597 6928/5717/6633 6929/5718/6634
f 6894/5683/6599 6893/5682/6598 6929/5718/6634 6930/5719/6635
f 6895/5684/6600 6894/5683/6599 6930/5719/6635 6931/5720/6636
f 6896/5685/6601 6895/5684/6600 6931/5720/6636 6932/5721/6637
f 6897/5686/6602 6896/5685/6601 6932/5721/6637 6933/5722/6638
f 6898/5687/6603 6897/5686/6602 6933/5722/6638 6934/5723/6639
f 6899/5688/6604 6898/5687/6603 6934/5723/6639 6935/5724/6640
f 6900/5689/6605 6899/5688/6604 6935/5724/6640 6936/5725/6641
f 6901/5690/6606 6900/5689/6605 6936/5725/6641 6937/5726/6642
f 6902/5691/6607 6901/5690/6606 6937/5726/6642 6938/5727/6643
f 6903/5692/6608 6902/5691/6607 6938/5727/6643 6939/5728/6644
f 6904/5693/6609 6903/5692/6608 6939/5728/6644 6940/5729/6645
f 6905/5694/6610 6904/5693/6609 6940/5729/6645 6941/5730/6646
f 6906/5695/6611 6905/5694/6610 6941/5730/6646 6942/5731/6647
f 6907/5696/6612 6906/5695/6611 6942/5731/6647 6943/5732/6648
f 6908/5697/6613 6907/5696/6612 6943/5732/6648 6944/5733/6649
f 6909/5698/6614 6908/5697/6613 6944/5733/6649 6945/5734/6650
f 6910/5699/6615 6909/5698/6614 6945/5734/6650 6946/5735/6651
f 6911/5700/6616 6910/5699/6615 6946/5735/6651 6947/5736/6652
f 6912/5701/6617 6911/5700/6616 6947/5736/6652 6948/5737/6653
f 6913/5702/6618 6912/5701/6617 6948/5737/6653 6949/5738/6654
f 6914/5703/6619 6913/5702/6618 6949/5738/6654 6950/5739/6655
f 6915/5704/6620 6914/5703/6619 6950/5739/6655 6951/5740/6656
f 6916/5705/6621 6915/5704/6620 6951/5740/6656 6952/5741/6657
f 6917/5706/6622 6916/5705/6621 6952/5741/6657 6953/5742/6658
f 6918/5707/6623 6917/5706/6622 6953/5742/6658 6954/5743/6659
f 6919/5708/6624 6918/5707/6623 6954/5743/6659 6955/5744/6660
f 6920/5709/6625 6919/5708/6624 6955/5744/6660 6956/5745/6661
f 6885/5675/6590 6920/5709/6625 6956/5745/6661 6921/5711/6626
f 6922/5710/6627 6921/5711/6626 6957/5747/6662 6958/5746/6663
f 6923/5712/6628 6922/5710/6627 6958/5746/6663 6959/5748/6664
f 6924/5713/6629 6923/5712/6628 6959/5748/6664 6960/5749/6665
f 6925/5714/6630 6924/5713/6629 6960/5749/6665 6961/5750/6666
f 6926/5715/6631 6925/5714/6630 6961/5750/6666 6962/5751/6667
f 6927/5716/6632 6926/5715/6631 6962/5751/6667 6963/5752/6668
f 6928/5717/6633 6927/5716/6632 6963/5752/6668 6964/5753/6669
f 6929/5718/6634 6928/5717/6633 6964/5753/6669 6965/5754/6670
f 6930/5719/6635 6929/5718/6634 6965/5754/6670 6966/5755/6671
f 6931/5720/6636 6930/5719/6635 6966/5755/6671 6967/5756/6672
f 6932/5721/6637 6931/5720/6636 6967/5756/6672 6968/5757/6673
f 6933/5722/6638 6932/5721/6637 6968/5757/6673 6969/5758/6674
f 6934/5723/6639 6933/5722/6638 6969/5758/6674 6970/5759/6675
f 6935/5724/6640 6934/5723/6639 6970/5759/6675 6971/5760/6676
f 6936/5725/6641 6935/5724/6640 6971/5760/6676 6972/5761/6677
f 6937/5726/6642 6936/5725/6641 6972/5761/6677 6973/5762/6678
f 6938/5727/6643 6937/5726/6642 6973/5762/6678 6974/5763/6679
f 6939/5728/6644 6938/5727/6643 6974/5763/6679 6975/5764/6680
f 6940/5729/6645 6939/5728/6644 6975/5764/6680 6976/5765/6681
f 6941/5730/6646 6940/5729/6645 6976/5765/6681 6977/5766/6682
f 6942/5731/6647 6941/5730/6646 6977/5766/6682 6978/5767/6683
f 6943/5732/6648 6942/5731/6647 6978/5767/6683 6979/5768/6684
f 6944/5733/6649 6943/5732/6648 6979/5768/6684 6980/5769/6685
f 6945/5734/6650 6944/5733/6649 6980/5769/6685 6981/5770/6686
f 6946/5735/6651 6945/5734/6650 6981/5770/6686 6982/5771/6687
f 6947/5736/6652 6946/5735/6651 6982/5771/6687 6983/5772/6688
f 6948/5737/6653 6947/5736/6652 6983/5772/6688 6984/5773/6689
f 6949/5738/6654 6948/5737/6653 6984/5773/6689 6985/5774/6690
f 6950/5739/6655 6949/5738/6654 6985/5774/6690 6986/5775/6691
f 6951/5740/6656 6950/5739/6655 6986/5775/6691 6987/5776/6692
f 6952/5741/6657 6951/5740/6656 6987/5776/6692 6988/5777/6693
f 6953/5742/6658 6952/5741/6657 6988/5777/6693 6989/5778/6694
f 6954/5743/6659 6953/5742/6658 6989/5778/6694 6990/5779/6695
f 6955/5744/6660 6954/5743/6659 6990/5779/6695 6991/5780/6696
f 6956/5745/6661 6955/5744/6660 6991/5780/6696 6992/5781/6697
f 6921/5711/6626 6956/5745/6661 6992/5781/6697 6957/5747/6662
f 6957/5747/6662 6993/5782/5544 6958/5746/6663
f 6958/5746/6663 6993/5782/5544 6959/5748/6664
f 6959/5748/6664 6993/5782/5544 6960/5749/6665
f 6960/5749/6665 6993/5782/5544 6961/5750/6666
f 6961/5750/6666 6993/5782/5544 6962/5751/6667
f 6962/5751/6667 6993/5782/5544 6963/5752/6668
f 6963/5752/6668 6993/5782/5544 6964/5753/6669
f 6964/5753/6669 6993/5782/5544 6965/5754/6670
f 6965/5754/6670 6993/5782/5544 6966/5755/6671
f 6966/5755/6671 6993/5782/5544 6967/5756/6672
f 6967/5756/6672 6993/5782/5544 6968/5757/6673
f 6968/5757/6673 6993/5782/5544 6969/5758/6674
f 6969/5758/6674 6993/5782/5544 6970/5759/6675
f 6970/5759/6675 6993/5782/5544 6971/5760/6676
f 6971/5760/6676 6993/5782/5544 6972/5761/6677
f 6972/5761/6677 6993/5782/5544 6973/5762/6678
f 6973/5762/6678 6993/5782/5544 6974/5763/6679
f 6974/5763/6679 6993/5782/5544 6975/5764/6680
f 6975/5764/6680 6993/5782/5544 6976/5765/6681
f 6976/5765/6681 6993/5782/5544 6977/5766/6682
f 6977/5766/6682 6993/5782/5544 6978/5767/6683
f 6978/5767/6683 6993/5782/5544 6979/5768/6684
f 6979/5768/6684 6993/5782/5544 6980/5769/6685
f 6980/5769/6685 6993/5782/5544 6981/5770/6686
f 6981/5770/6686 6993/5782/5544 6982/5771/6687
f 6982/5771/6687 6993/5782/5544 6983/5772/6688
f 6983/5772/6688 6993/5782/5544 6984/5773/6689
f 6984/5773/6689 6993/5782/5544 6985/5774/6690
f 6985/5774/6690 6993/5782/5544 6986/5775/6691
f 6986/5775/6691 6993/5782/5544 6987/5776/6692
f 6987/5776/6692 6993/5782/5544 6988/5777/6693
f 6988/5777/6693 6993/5782/5544 6989/5778/6694
f 6989/5778/6694 6993/5782/5544 6990/5779/6695
f 6990/5779/6695 6993/5782/5544 6991/5780/6696
f 6991/5780/6696 6993/5782/5544 6992/5781/6697
f 6992/5781/6697 6993/5782/5544 6957/5747/6662
